SeniorCitizen,tenure,MonthlyCharges,TotalCharges,gender_Male,Partner_Yes,Dependents_Yes,PhoneService_Yes,MultipleLines_No phone service,MultipleLines_Yes,InternetService_Fiber optic,InternetService_No,OnlineSecurity_No internet service,OnlineSecurity_Yes,OnlineBackup_No internet service,OnlineBackup_Yes,DeviceProtection_No internet service,DeviceProtection_Yes,TechSupport_No internet service,TechSupport_Yes,StreamingTV_No internet service,StreamingTV_Yes,StreamingMovies_No internet service,StreamingMovies_Yes,Contract_One year,Contract_Two year,PaperlessBilling_Yes,PaymentMethod_Credit card (automatic),PaymentMethod_Electronic check,PaymentMethod_Mailed check,RevenuePerMonth,EngagementScore,RiskScore,TenureChargeInteraction,CustomerStability,ServiceDensity,Predicted_LTV,Segment
1,61,25.0,1501.75,True,True,False,True,False,True,False,True,True,False,True,False,True,False,True,False,True,False,True,False,False,True,False,False,False,False,24.221774193548388,1525.0,0.4032258064516129,1525.0,2.3461538461538463,0.4032258064516129,1524.6635000000003,Low Value
0,19,24.7,465.85,False,False,False,True,False,True,False,True,True,False,True,False,True,False,True,False,True,False,True,False,False,False,False,False,False,False,23.2925,469.3,1.235,469.3,0.7392996108949417,1.235,469.0844999999996,Low Value
0,13,102.25,1359.0,True,True,False,True,False,True,True,False,False,False,False,False,False,True,False,False,False,True,False,True,False,False,True,True,False,False,97.07142857142856,1329.25,7.303571428571429,1329.25,0.1259079903147699,7.303571428571429,1329.4040000000002,Low Value
0,37,55.05,2030.75,True,True,False,True,False,True,False,False,False,True,False,False,False,False,False,False,False,False,False,False,False,False,True,False,False,True,53.44078947368421,2036.85,1.4486842105263158,2036.85,0.6601248884924176,1.4486842105263158,2034.1039999999996,Medium Value
0,6,29.45,161.45,False,False,False,False,True,False,False,False,False,True,False,False,False,False,False,False,False,False,False,False,False,False,False,False,False,False,23.064285714285713,176.7,4.207142857142857,176.7,0.1970443349753694,4.207142857142857,176.31249999999997,Low Value
0,3,29.8,94.4,True,True,False,False,True,False,False,False,False,False,False,True,False,False,False,False,False,False,False,False,False,False,False,True,False,False,23.6,89.4,7.45,89.4,0.0974025974025974,7.45,89.27999999999994,Low Value
1,52,80.85,4079.55,True,True,True,True,False,True,False,False,False,False,False,True,False,True,False,False,False,True,False,True,True,False,True,False,True,False,76.97264150943397,4204.2,1.5254716981132077,4204.2,0.6353084911423336,1.5254716981132077,4207.329999999999,Medium Value
1,15,91.5,1400.3,False,False,False,True,False,False,True,False,False,False,False,False,False,False,False,False,False,True,False,True,False,False,True,False,True,False,87.51875,1372.5,5.71875,1372.5,0.1621621621621621,5.71875,1373.0934999999995,Low Value
0,26,69.5,1800.05,False,False,False,True,False,True,False,False,False,True,False,True,False,False,False,False,False,True,False,False,False,False,True,False,False,False,66.66851851851851,1807.0,2.574074074074074,1807.0,0.3687943262411347,2.574074074074074,1806.996,Low Value
0,66,85.25,5538.35,True,True,False,True,False,True,False,False,False,True,False,True,False,False,False,True,False,True,False,True,False,True,False,False,True,False,82.66194029850747,5626.5,1.2723880597014925,5626.5,0.7652173913043478,1.2723880597014925,5626.7255000000005,High Value
0,4,86.05,308.1,True,False,False,True,False,False,True,False,False,False,False,False,False,True,False,False,False,False,False,True,False,False,False,False,True,False,61.620000000000005,344.2,17.21,344.2,0.0459506031016657,17.21,344.13949999999977,Low Value
0,8,75.0,632.95,True,True,False,True,False,False,True,False,False,True,False,False,False,False,False,False,False,False,False,False,False,False,False,False,True,False,70.32777777777778,600.0,8.333333333333334,600.0,0.1052631578947368,8.333333333333334,599.4255,Low Value
0,48,20.15,982.95,True,False,False,True,False,False,False,True,True,False,True,False,True,False,True,False,True,False,True,False,False,True,False,True,False,False,20.060204081632655,967.2,0.4112244897959183,967.2,2.269503546099291,0.4112244897959183,966.6130000000006,Low Value
0,10,73.55,693.3,False,False,True,True,False,True,False,False,False,True,False,False,False,True,False,True,False,False,False,True,True,False,False,True,False,False,63.02727272727272,735.5,6.6863636363636365,735.5,0.1341381623071764,6.6863636363636365,735.666,Low Value
0,64,115.1,7334.05,False,False,False,True,False,True,True,False,False,True,False,True,False,True,False,True,False,True,False,True,False,True,True,False,False,False,112.83153846153846,7366.4,1.7707692307692309,7366.4,0.5512489233419466,1.7707692307692309,7362.9925,High Value
0,22,93.2,2157.3,True,False,False,True,False,False,True,False,False,False,False,True,False,False,False,False,False,True,False,True,False,False,True,False,False,True,93.79565217391306,2050.4,4.052173913043478,2050.4,0.2335456475583864,4.052173913043478,2049.8340000000007,Medium Value
1,1,93.55,93.55,True,False,False,True,False,True,True,False,False,False,False,False,False,False,False,False,False,True,False,True,False,False,True,False,True,False,46.775,93.55,46.775,93.55,0.0105764145954521,46.775,93.52400000000003,Low Value
0,67,50.55,3260.1,True,False,False,True,False,False,False,False,False,False,False,False,False,False,False,True,False,False,False,False,False,True,False,False,False,False,47.942647058823525,3386.85,0.7433823529411764,3386.85,1.2997090203685742,0.7433823529411764,3386.956000000001,Medium Value
0,22,89.4,2001.5,True,False,True,True,False,False,True,False,False,False,False,True,False,True,False,False,False,True,False,False,False,False,True,False,True,False,87.02173913043478,1966.8,3.88695652173913,1966.8,0.243362831858407,3.88695652173913,1964.6519999999985,Low Value
0,65,91.85,5940.85,True,True,False,True,False,True,True,False,False,False,False,True,False,False,False,False,False,True,False,False,False,False,True,False,False,False,90.01287878787879,5970.25,1.3916666666666666,5970.25,0.7000538502961767,1.3916666666666666,5967.193999999997,High Value
0,34,30.4,938.65,True,True,True,False,True,False,False,False,False,True,False,False,False,False,False,False,False,False,False,False,True,False,False,False,False,False,26.818571428571428,1033.6,0.8685714285714285,1033.6,1.0828025477707006,0.8685714285714285,1033.5820000000003,Low Value
0,72,20.05,1423.65,False,True,False,True,False,False,False,True,True,False,True,False,True,False,True,False,True,False,True,False,False,True,False,False,False,False,19.50205479452055,1443.6,0.2746575342465753,1443.6,3.4204275534441804,0.2746575342465753,1442.4144999999999,Low Value
0,5,51.35,262.3,True,False,False,True,False,False,False,False,False,False,False,True,False,False,False,False,False,False,False,False,False,False,True,False,True,False,43.71666666666667,256.75,8.558333333333334,256.75,0.0955109837631327,8.558333333333334,256.9744999999999,Low Value
1,46,98.85,4564.9,True,True,False,True,False,True,True,False,False,False,False,False,False,True,False,False,False,True,False,True,False,False,True,False,True,False,97.1255319148936,4547.099999999999,2.103191489361702,4547.099999999999,0.4606910365548323,2.103191489361702,4550.6665,Medium Value
0,2,70.15,123.8,False,False,False,True,False,False,True,False,False,False,False,False,False,False,False,False,False,False,False,False,False,False,True,False,True,False,41.266666666666666,140.3,23.383333333333336,140.3,0.0281096275474349,23.383333333333336,140.3645,Low Value
0,37,58.75,2203.1,True,True,True,True,False,False,False,False,False,True,False,False,False,True,False,True,False,False,False,False,True,False,True,False,False,True,57.97631578947368,2173.75,1.5460526315789471,2173.75,0.6192468619246861,1.5460526315789471,2174.181,Medium Value
0,33,25.7,826.1,False,False,False,True,False,True,False,True,True,False,True,False,True,False,True,False,True,False,True,False,False,True,False,True,False,False,24.29705882352941,848.1,0.7558823529411764,848.1,1.2359550561797754,0.7558823529411764,847.8035000000003,Low Value
0,16,19.3,360.35,False,False,True,True,False,False,False,True,True,False,True,False,True,False,True,False,True,False,True,False,True,False,True,False,False,False,21.197058823529417,308.8,1.1352941176470588,308.8,0.7881773399014778,1.1352941176470588,308.87999999999977,Low Value
0,6,74.9,469.8,True,False,False,True,False,True,True,False,False,False,False,False,False,False,False,False,False,False,False,False,False,False,True,False,True,False,67.11428571428571,449.4,10.7,449.4,0.0790513833992094,10.7,449.153,Low Value
0,13,55.95,734.35,False,True,True,True,False,False,False,False,False,False,False,False,False,False,False,False,False,False,False,True,False,False,False,False,True,False,52.45357142857143,727.35,3.996428571428571,727.35,0.228270412642669,3.996428571428571,727.5824999999999,Low Value
0,47,95.2,4563.0,True,True,False,True,False,True,True,False,False,False,False,False,False,False,False,False,False,True,False,True,True,False,True,True,False,False,95.0625,4474.400000000001,1.9833333333333336,4474.400000000001,0.4885654885654885,1.9833333333333336,4476.9649999999965,Medium Value
0,1,69.5,69.5,False,False,False,True,False,False,True,False,False,False,False,False,False,False,False,False,False,False,False,False,False,False,True,False,True,False,34.75,69.5,34.75,69.5,0.0141843971631205,34.75,69.51950000000005,Low Value
0,39,80.0,3182.95,True,True,True,True,False,False,False,False,False,True,False,False,False,True,False,True,False,True,False,True,True,False,False,True,False,False,79.57374999999999,3120.0,2.0,3120.0,0.4814814814814814,2.0,3119.0404999999964,Medium Value
1,63,108.5,6991.9,True,True,False,True,False,True,True,False,False,True,False,True,False,True,False,False,False,True,False,True,False,True,False,True,False,False,109.2484375,6835.5,1.6953125,6835.5,0.5753424657534246,1.6953125,6838.225999999999,High Value
0,10,18.85,163.2,False,False,False,True,False,False,False,True,True,False,True,False,True,False,True,False,True,False,True,False,False,False,False,False,False,True,14.836363636363636,188.5,1.7136363636363638,188.5,0.5037783375314862,1.7136363636363638,187.37300000000002,Low Value
0,10,24.0,226.55,True,False,False,True,False,True,False,True,True,False,True,False,True,False,True,False,True,False,True,False,False,False,True,False,True,False,20.595454545454547,240.0,2.1818181818181817,240.0,0.4,2.1818181818181817,240.02099999999996,Low Value
0,18,95.05,1679.4,False,False,False,True,False,True,True,False,False,False,False,False,False,True,False,True,False,False,False,True,False,False,True,False,False,False,88.38947368421053,1710.9,5.002631578947368,1710.9,0.187402394586153,5.002631578947368,1710.3915000000002,Low Value
0,1,49.8,49.8,True,False,False,True,False,False,False,False,False,True,False,False,False,False,False,False,False,False,False,False,False,False,True,True,False,False,24.9,49.8,24.9,49.8,0.0196850393700787,24.9,49.817000000000036,Low Value
0,66,56.6,3789.2,True,True,False,False,True,False,False,False,False,True,False,True,False,True,False,True,False,True,False,False,False,True,True,False,False,False,56.55522388059701,3735.6,0.8447761194029851,3735.6,1.1458333333333333,0.8447761194029851,3733.518500000003,Medium Value
1,69,20.3,1356.3,True,False,False,True,False,False,False,True,True,False,True,False,True,False,True,False,True,False,True,False,False,True,False,True,False,False,19.375714285714285,1400.7,0.29,1400.7,3.2394366197183095,0.29,1399.5964999999985,Low Value
0,3,69.35,191.35,True,False,False,True,False,False,False,False,False,False,False,False,False,False,False,True,False,True,False,True,False,False,True,False,True,False,47.8375,208.05,17.3375,208.05,0.0426439232409381,17.3375,208.7489999999999,Low Value
0,68,19.6,1441.65,False,False,False,True,False,False,False,True,True,False,True,False,True,False,True,False,True,False,True,False,False,True,False,True,False,False,20.893478260869568,1332.8000000000002,0.2840579710144927,1332.8000000000002,3.3009708737864076,0.2840579710144927,1332.300499999999,Low Value
0,6,19.45,113.5,True,True,True,True,False,False,False,True,True,False,True,False,True,False,True,False,True,False,True,False,True,False,False,False,False,True,16.214285714285715,116.7,2.7785714285714285,116.7,0.293398533007335,2.7785714285714285,116.79499999999996,Low Value
0,72,19.85,1434.1,True,False,False,True,False,False,False,True,True,False,True,False,True,False,True,False,True,False,True,False,False,True,False,False,False,False,19.645205479452052,1429.2,0.2719178082191781,1429.2,3.4532374100719423,0.2719178082191781,1430.6530000000007,Low Value
1,58,100.4,5749.8,False,True,False,True,False,True,True,False,False,False,False,False,False,False,False,True,False,True,False,True,False,False,True,False,False,False,97.4542372881356,5823.200000000001,1.701694915254237,5823.200000000001,0.5719921104536488,1.701694915254237,5821.0445,High Value
0,45,105.15,4730.9,False,True,True,True,False,True,True,False,False,True,False,True,False,False,False,False,False,True,False,True,False,False,True,False,True,False,102.84565217391304,4731.75,2.2858695652173915,4731.75,0.4239284032030145,2.2858695652173915,4728.193000000005,Medium Value
0,68,110.2,7467.5,True,True,True,True,False,True,True,False,False,True,False,True,False,True,False,False,False,True,False,True,False,True,True,False,True,False,108.22463768115942,7493.6,1.5971014492753624,7493.6,0.6115107913669064,1.5971014492753624,7499.066500000002,High Value
0,32,99.55,3204.65,True,True,True,True,False,True,True,False,False,True,False,False,False,False,False,False,False,True,False,True,False,False,True,True,False,False,97.11060606060606,3185.6,3.0166666666666666,3185.6,0.3182496270512183,3.0166666666666666,3187.811000000002,Medium Value
0,1,74.9,74.9,True,False,False,True,False,True,True,False,False,False,False,False,False,False,False,False,False,False,False,False,False,False,True,False,True,False,37.45,74.9,37.45,74.9,0.0131752305665349,37.45,74.94499999999992,Low Value
0,9,70.5,597.9,True,False,False,True,False,False,True,False,False,False,False,False,False,False,False,False,False,False,False,False,False,False,True,False,True,False,59.79,634.5,7.05,634.5,0.1258741258741259,7.05,633.9144999999996,Low Value
0,19,24.85,434.8,False,True,True,False,True,False,False,False,False,False,False,False,False,False,False,False,False,False,False,False,False,False,True,False,False,True,21.74,472.15,1.2425000000000002,472.15,0.7350096711798839,1.2425000000000002,472.5795000000001,Low Value
0,60,65.85,3928.3,True,True,True,True,False,False,False,False,False,True,False,True,False,True,False,True,False,False,False,False,True,False,True,False,False,False,64.3983606557377,3950.999999999999,1.0795081967213114,3950.999999999999,0.8975317875841436,1.0795081967213114,3948.7299999999987,Medium Value
0,29,78.9,2384.15,False,False,False,True,False,False,True,False,False,False,False,False,False,False,False,False,False,True,False,False,False,False,True,False,True,False,79.47166666666666,2288.1000000000004,2.6300000000000003,2288.1000000000004,0.3629536921151439,2.6300000000000003,2289.4065,Medium Value
0,72,114.05,8468.2,True,True,True,True,False,True,True,False,False,True,False,True,False,True,False,True,False,True,False,True,False,True,True,True,False,False,116.0027397260274,8211.6,1.5623287671232875,8211.6,0.6258148631029987,1.5623287671232875,8200.644000000004,High Value
1,43,94.3,3953.15,True,True,False,True,False,True,True,False,False,False,False,True,False,False,False,True,False,True,False,False,False,False,True,False,True,False,89.84431818181818,4054.9,2.143181818181818,4054.9,0.4512067156348374,2.143181818181818,4053.495499999996,Medium Value
0,1,69.9,69.9,True,True,True,True,False,False,True,False,False,False,False,False,False,False,False,False,False,False,False,False,False,False,True,False,False,True,34.95,69.9,34.95,69.9,0.0141043723554301,34.95,69.90649999999988,Low Value
0,15,76.5,1155.6,False,True,True,True,False,False,False,False,False,False,False,True,False,True,False,True,False,True,False,True,False,False,False,False,False,False,72.225,1147.5,4.78125,1147.5,0.1935483870967742,4.78125,1147.606000000001,Low Value
0,3,90.7,237.65,True,False,False,True,False,False,True,False,False,False,False,False,False,False,False,False,False,True,False,True,False,False,False,False,False,True,59.4125,272.1,22.675,272.1,0.0327153762268266,22.675,271.9010000000002,Low Value
0,49,99.8,4872.45,True,True,True,True,False,True,True,False,False,False,False,False,False,True,False,False,False,True,False,True,False,False,True,False,True,False,97.449,4890.2,1.996,4890.2,0.4861111111111111,1.996,4889.665000000001,Medium Value
0,12,89.55,1021.75,True,False,False,True,False,True,True,False,False,False,False,False,False,True,False,False,False,True,False,False,False,False,True,False,True,False,78.59615384615384,1074.6,6.888461538461538,1074.6,0.1325234676974047,6.888461538461538,1073.6840000000016,Low Value
0,1,80.85,80.85,True,False,False,True,False,False,True,False,False,False,False,False,False,False,False,False,False,False,False,True,False,False,True,False,False,True,40.425,80.85,40.425,80.85,0.0122174709835064,40.425,80.84250000000011,Low Value
0,21,20.5,402.85,True,False,False,True,False,False,False,True,True,False,True,False,True,False,True,False,True,False,True,False,False,False,False,True,False,False,18.311363636363637,430.5,0.9318181818181818,430.5,0.9767441860465116,0.9318181818181818,430.5544999999999,Low Value
0,18,74.8,1438.05,False,True,False,True,False,False,True,False,False,True,False,False,False,False,False,False,False,False,False,False,False,False,False,False,True,False,75.68684210526315,1346.4,3.9368421052631577,1346.4,0.237467018469657,3.9368421052631577,1346.599500000001,Low Value
1,72,92.45,6440.25,False,True,True,True,False,True,False,False,False,True,False,True,False,True,False,True,False,True,False,True,False,True,False,True,False,False,88.22260273972603,6656.400000000001,1.2664383561643835,6656.400000000001,0.7704654895666131,1.2664383561643835,6654.809999999998,High Value
0,72,19.3,1414.8,True,False,False,True,False,False,False,True,True,False,True,False,True,False,True,False,True,False,True,False,False,True,False,False,False,False,19.38082191780822,1389.6,0.2643835616438356,1389.6,3.54679802955665,0.2643835616438356,1389.4835000000014,Low Value
0,46,74.8,3548.3,False,False,False,True,False,False,True,False,False,False,False,False,False,True,False,False,False,False,False,False,False,False,True,True,False,False,75.49574468085106,3440.7999999999997,1.5914893617021275,3440.7999999999997,0.6068601583113457,1.5914893617021275,3444.745000000001,Medium Value
1,7,76.45,503.6,False,False,False,True,False,False,True,False,False,True,False,False,False,False,False,False,False,False,False,False,False,False,False,False,False,False,62.95,535.15,9.55625,535.15,0.0903808908973531,9.55625,535.4260000000002,Low Value
0,72,84.7,5893.9,False,True,True,True,False,True,False,False,False,True,False,False,False,True,False,True,False,True,False,True,False,True,False,True,False,False,80.73835616438356,6098.400000000001,1.1602739726027398,6098.400000000001,0.8401400233372228,1.1602739726027398,6098.135999999998,High Value
0,39,19.9,791.15,True,False,False,True,False,False,False,True,True,False,True,False,True,False,True,False,True,False,True,False,True,False,False,False,False,True,19.77875,776.0999999999999,0.4974999999999999,776.0999999999999,1.8660287081339717,0.4974999999999999,776.0089999999997,Low Value
1,72,78.45,5682.25,False,True,False,True,False,True,False,False,False,True,False,True,False,True,False,True,False,False,False,True,False,True,False,False,False,False,77.83904109589041,5648.400000000001,1.0746575342465754,5648.400000000001,0.9062303335431088,1.0746575342465754,5648.360500000001,High Value
0,1,50.75,50.75,True,False,False,True,False,True,False,False,False,False,False,False,False,False,False,False,False,False,False,False,False,False,False,False,False,True,25.375,50.75,25.375,50.75,0.0193236714975845,25.375,50.717499999999966,Low Value
0,72,19.9,1529.65,True,False,True,True,False,False,False,True,True,False,True,False,True,False,True,False,True,False,True,False,False,True,False,True,False,False,20.954109589041096,1432.8,0.2726027397260274,1432.8,3.444976076555024,0.2726027397260274,1431.3365000000008,Low Value
0,6,82.85,460.25,True,True,False,True,False,True,True,False,False,False,False,False,False,False,False,False,False,True,False,False,False,False,True,False,True,False,65.75,497.1,11.835714285714284,497.1,0.071556350626118,11.835714285714284,497.32949999999977,Low Value
0,44,19.9,868.1,False,False,True,True,False,False,False,True,True,False,True,False,True,False,True,False,True,False,True,False,False,True,False,False,False,True,19.29111111111111,875.5999999999999,0.4422222222222222,875.5999999999999,2.105263157894737,0.4422222222222222,875.462,Low Value
0,1,20.95,20.95,False,False,False,True,False,False,False,True,True,False,True,False,True,False,True,False,True,False,True,False,False,False,False,False,False,True,10.475,20.95,10.475,20.95,0.0455580865603644,10.475,20.945500000000028,Low Value
0,18,20.1,370.5,False,True,False,True,False,False,False,True,True,False,True,False,True,False,True,False,True,False,True,False,False,True,False,False,False,True,19.5,361.8,1.0578947368421054,361.8,0.8530805687203791,1.0578947368421054,361.8959999999999,Low Value
0,41,68.5,2839.95,True,True,True,True,False,True,False,False,False,False,False,True,False,True,False,False,False,True,False,False,True,False,False,False,False,False,67.61785714285713,2808.5,1.630952380952381,2808.5,0.5899280575539568,1.630952380952381,2807.9129999999977,Medium Value
0,48,20.2,1027.25,False,True,True,True,False,False,False,True,True,False,True,False,True,False,True,False,True,False,True,False,False,True,False,False,False,False,20.964285714285715,969.6,0.4122448979591837,969.6,2.2641509433962264,0.4122448979591837,970.1625000000001,Low Value
0,72,117.5,8670.1,False,True,True,True,False,True,True,False,False,True,False,True,False,True,False,True,False,True,False,True,False,True,False,True,False,False,118.76849315068492,8460.0,1.6095890410958904,8460.0,0.6075949367088608,1.6095890410958904,8474.582999999993,High Value
0,62,70.45,4300.45,False,True,True,True,False,True,False,False,False,False,False,False,False,False,False,False,False,True,False,True,False,False,True,True,False,False,68.2611111111111,4367.900000000001,1.1182539682539685,4367.900000000001,0.867739678096571,1.1182539682539685,4368.427999999999,Medium Value
0,1,19.45,19.45,False,True,True,True,False,False,False,True,True,False,True,False,True,False,True,False,True,False,True,False,False,False,False,False,True,False,9.725,19.45,9.725,19.45,0.0488997555012225,9.725,19.45050000000003,Low Value
0,11,79.0,929.3,False,False,False,True,False,True,True,False,False,True,False,False,False,False,False,False,False,False,False,False,False,False,True,False,False,False,77.44166666666666,869.0,6.583333333333333,869.0,0.1375,6.583333333333333,870.2084999999997,Low Value
0,12,81.7,858.6,True,False,False,True,False,False,True,False,False,True,False,False,False,True,False,False,False,False,False,False,False,False,False,False,False,False,66.04615384615384,980.4,6.2846153846153845,980.4,0.1451027811366384,6.2846153846153845,980.0834999999985,Low Value
0,35,86.45,3029.1,False,False,False,True,False,True,True,False,False,False,False,False,False,False,False,False,False,True,False,False,False,False,True,False,True,False,84.14166666666667,3025.75,2.401388888888889,3025.75,0.4002287021154945,2.401388888888889,3025.502,Medium Value
0,17,70.8,1207.0,True,False,False,True,False,False,True,False,False,False,False,False,False,False,False,False,False,False,False,False,False,False,True,False,True,False,67.05555555555556,1203.6,3.933333333333333,1203.6,0.2367688022284122,3.933333333333333,1203.1679999999997,Low Value
0,34,78.95,2647.2,True,True,True,True,False,False,True,False,False,False,False,False,False,False,False,False,False,False,False,True,True,False,True,False,False,False,75.63428571428571,2684.3,2.255714285714286,2684.3,0.4252657911194496,2.255714285714286,2680.699499999997,Medium Value
0,59,90.3,5194.05,False,True,True,True,False,True,False,False,False,True,False,True,False,True,False,True,False,True,False,True,False,True,False,True,False,False,86.56750000000001,5327.7,1.505,5327.7,0.6462212486308873,1.505,5327.374500000002,High Value
0,41,66.5,2728.6,False,True,True,True,False,False,False,False,False,False,False,True,False,False,False,True,False,False,False,True,True,False,True,False,False,False,64.96666666666667,2726.5,1.5833333333333333,2726.5,0.6074074074074074,1.5833333333333333,2724.4485000000004,Medium Value
0,35,25.45,809.25,True,True,True,True,False,True,False,True,True,False,True,False,True,False,True,False,True,False,True,False,False,True,False,False,False,False,22.479166666666668,890.75,0.7069444444444444,890.75,1.3232514177693762,0.7069444444444444,891.739999999999,Low Value
0,72,80.2,5714.2,False,True,True,True,False,True,False,False,False,True,False,True,False,True,False,True,False,True,False,False,False,True,False,False,False,False,78.27671232876712,5774.400000000001,1.0986301369863014,5774.400000000001,0.8866995073891625,1.0986301369863014,5779.733000000002,High Value
1,24,54.8,1291.3,True,False,False,True,False,True,False,False,False,False,False,True,False,False,False,False,False,False,False,False,False,False,False,True,False,False,51.652,1315.1999999999998,2.1919999999999997,1315.1999999999998,0.4301075268817204,2.1919999999999997,1314.9589999999992,Low Value
0,43,64.85,2908.2,False,True,False,True,False,True,False,False,False,False,False,False,False,False,False,True,False,True,False,False,True,False,True,False,False,False,66.09545454545454,2788.5499999999997,1.4738636363636362,2788.5499999999997,0.6529992406985574,1.4738636363636362,2789.5579999999977,Medium Value
0,10,94.85,953.45,False,False,False,True,False,True,True,False,False,False,False,True,False,True,False,False,False,False,False,True,False,False,True,False,True,False,86.67727272727274,948.5,8.622727272727273,948.5,0.1043296817944705,8.622727272727273,948.7724999999997,Low Value
0,28,60.0,1682.05,True,True,True,False,True,False,False,False,False,False,False,True,False,True,False,True,False,True,False,True,True,False,True,True,False,False,58.001724137931035,1680.0,2.068965517241379,1680.0,0.4590163934426229,2.068965517241379,1679.9885000000004,Low Value
1,43,90.25,3838.75,False,False,False,True,False,True,True,False,False,False,False,True,False,False,False,False,False,True,False,False,False,False,True,False,True,False,87.24431818181819,3880.75,2.051136363636364,3880.75,0.4712328767123288,2.051136363636364,3879.7389999999978,Medium Value
0,72,20.25,1566.9,False,False,False,True,False,False,False,True,True,False,True,False,True,False,True,False,True,False,True,False,False,True,False,True,False,False,21.464383561643835,1458.0,0.2773972602739726,1458.0,3.388235294117647,0.2773972602739726,1460.2730000000004,Low Value
0,24,56.25,1454.25,True,True,True,True,False,False,False,False,False,True,False,False,False,True,False,False,False,False,False,False,True,False,True,True,False,False,58.17,1350.0,2.25,1350.0,0.4192139737991266,2.25,1348.5455000000004,Low Value
0,9,70.05,564.4,True,True,False,True,False,False,False,False,False,False,False,False,False,True,False,False,False,True,False,True,False,False,True,False,False,True,56.44,630.4499999999999,7.005,630.4499999999999,0.1266713581984518,7.005,631.5359999999997,Low Value
0,6,48.95,273.25,False,True,True,True,False,True,False,False,False,False,False,False,False,False,False,False,False,False,False,False,False,False,True,True,False,False,39.035714285714285,293.70000000000005,6.992857142857143,293.70000000000005,0.1201201201201201,6.992857142857143,293.87950000000006,Low Value
0,46,30.75,1489.3,True,False,False,False,True,False,False,False,False,True,False,False,False,False,False,False,False,False,False,False,True,False,True,False,False,False,31.68723404255319,1414.5,0.6542553191489362,1414.5,1.4488188976377954,0.6542553191489362,1414.1659999999993,Low Value
0,57,20.65,1125.6,True,False,False,True,False,False,False,True,True,False,True,False,True,False,True,False,True,False,True,False,False,True,False,False,False,False,19.406896551724135,1177.05,0.3560344827586206,1177.05,2.632794457274827,0.3560344827586206,1177.1269999999986,Low Value
1,68,100.2,6851.65,False,True,False,True,False,True,True,False,False,False,False,True,False,False,False,False,False,True,False,True,False,False,True,False,True,False,99.29927536231884,6813.6,1.4521739130434783,6813.6,0.6719367588932806,1.4521739130434783,6811.438500000001,High Value
1,24,96.55,2263.45,False,True,True,True,False,False,True,False,False,False,False,False,False,True,False,False,False,True,False,True,False,True,True,False,True,False,90.538,2317.2,3.862,2317.2,0.2460276781137878,3.862,2318.4594999999968,Medium Value
0,26,83.75,2070.6,True,True,True,True,False,True,True,False,False,False,False,False,False,False,False,False,False,True,False,False,False,False,True,False,True,False,76.68888888888888,2177.5,3.1018518518518516,2177.5,0.3067846607669616,3.1018518518518516,2177.7784999999994,Medium Value
0,1,55.55,55.55,True,False,False,True,False,False,False,False,False,False,False,False,False,False,False,False,False,False,False,True,False,False,False,False,False,True,27.775,55.55,27.775,55.55,0.017683465959328,27.775,55.47899999999994,Low Value
0,72,105.55,7542.25,True,True,True,True,False,True,True,False,False,True,False,False,False,True,False,False,False,True,False,True,False,True,True,False,False,False,103.31849315068492,7599.599999999999,1.445890410958904,7599.599999999999,0.6757390896292821,1.445890410958904,7596.2829999999985,High Value
1,33,80.6,2656.5,False,True,False,True,False,True,True,False,False,False,False,True,False,False,False,False,False,False,False,False,False,False,True,False,False,False,78.13235294117646,2659.7999999999997,2.3705882352941177,2659.7999999999997,0.4044117647058823,2.3705882352941177,2660.0004999999987,Medium Value
0,39,49.8,1971.15,True,False,False,True,False,False,False,False,False,False,False,False,False,False,False,True,False,False,False,False,False,True,True,False,False,False,49.27875,1942.2,1.245,1942.2,0.767716535433071,1.245,1944.4230000000007,Low Value
0,9,75.85,724.65,True,False,False,True,False,True,True,False,False,False,False,False,False,False,False,False,False,False,False,False,False,False,True,False,True,False,72.465,682.65,7.584999999999999,682.65,0.1171112556929082,7.584999999999999,682.9255,Low Value
0,41,35.4,1412.4,False,True,True,False,True,False,False,False,False,True,False,False,False,True,False,False,False,False,False,False,True,False,False,True,False,False,33.62857142857143,1451.4,0.8428571428571429,1451.4,1.1263736263736264,0.8428571428571429,1451.3459999999995,Low Value
0,71,97.65,6687.85,True,False,False,True,False,True,True,False,False,True,False,False,False,False,False,True,False,False,False,True,True,False,False,True,False,False,92.88680555555555,6933.150000000001,1.3562500000000002,6933.150000000001,0.7197161682716675,1.3562500000000002,6944.676500000002,High Value
0,22,20.75,452.35,False,True,True,True,False,False,False,True,True,False,True,False,True,False,True,False,True,False,True,False,True,False,False,False,False,False,19.667391304347827,456.5,0.9021739130434784,456.5,1.011494252873563,0.9021739130434784,457.7600000000004,Low Value
0,72,82.3,5815.15,True,True,True,True,False,True,False,False,False,True,False,True,False,True,False,True,False,True,False,False,False,True,False,False,False,False,79.65958904109588,5925.599999999999,1.1273972602739726,5925.599999999999,0.8643457382953181,1.1273972602739726,5925.846999999997,High Value
1,13,96.85,1235.55,False,False,False,True,False,False,True,False,False,False,False,False,False,True,False,False,False,True,False,True,False,False,True,False,True,False,88.25357142857142,1259.05,6.917857142857143,1259.05,0.1328564128768523,6.917857142857143,1259.2805000000014,Low Value
0,68,25.5,1821.8,False,False,False,True,False,True,False,True,True,False,True,False,True,False,True,False,True,False,True,False,False,True,False,False,False,False,26.402898550724636,1734.0,0.3695652173913043,1734.0,2.5660377358490565,0.3695652173913043,1734.1879999999999,Low Value
0,1,44.6,44.6,True,False,False,True,False,False,False,False,False,False,False,False,False,False,False,False,False,False,False,False,False,False,False,False,False,True,22.3,44.6,22.3,44.6,0.0219298245614035,22.3,44.57550000000003,Low Value
0,70,19.8,1397.65,False,True,False,True,False,False,False,True,True,False,True,False,True,False,True,False,True,False,True,False,False,True,False,False,False,False,19.68521126760563,1386.0,0.2788732394366197,1386.0,3.3653846153846154,0.2788732394366197,1385.9784999999997,Low Value
0,68,58.25,3975.7,False,True,False,True,False,True,False,False,False,True,False,False,False,False,False,True,False,False,False,False,True,False,False,False,False,False,57.618840579710145,3961.0,0.8442028985507246,3961.0,1.1476793248945147,0.8442028985507246,3965.569000000002,Medium Value
0,37,40.2,1448.8,True,True,True,False,True,False,False,False,False,True,False,True,False,True,False,False,False,False,False,False,False,False,False,False,False,False,38.126315789473686,1487.4,1.0578947368421054,1487.4,0.8980582524271844,1.0578947368421054,1487.0049999999976,Low Value
0,41,19.7,804.25,False,True,True,True,False,False,False,True,True,False,True,False,True,False,True,False,True,False,True,False,False,True,False,False,False,False,19.14880952380953,807.6999999999999,0.469047619047619,807.6999999999999,1.9806763285024156,0.469047619047619,806.9445000000007,Low Value
1,4,75.35,273.4,True,False,False,True,False,False,True,False,False,True,False,False,False,False,False,False,False,False,False,False,False,False,False,False,True,False,54.67999999999999,301.4,15.07,301.4,0.0523903077930582,15.07,301.85399999999964,Low Value
0,4,88.45,370.65,True,False,False,True,False,False,True,False,False,False,False,False,False,False,False,False,False,True,False,True,False,False,True,False,True,False,74.13,353.8,17.69,353.8,0.0447177193963107,17.69,353.4375000000002,Low Value
0,72,103.65,7634.8,True,False,False,True,False,True,True,False,False,False,False,True,False,True,False,False,False,True,False,True,False,True,True,False,True,False,104.58630136986302,7462.8,1.41986301369863,7462.8,0.6880076445293837,1.41986301369863,7461.681,High Value
0,23,19.8,465.45,True,False,True,True,False,False,False,True,True,False,True,False,True,False,True,False,True,False,True,False,True,False,False,False,False,True,19.39375,455.4,0.8250000000000001,455.4,1.1057692307692308,0.8250000000000001,455.5575000000003,Low Value
0,15,25.05,369.1,False,False,False,True,False,True,False,True,True,False,True,False,True,False,True,False,True,False,True,False,False,True,False,False,False,False,23.06875,375.75,1.565625,375.75,0.5758157389635317,1.565625,375.2715,Low Value
0,13,45.55,597.0,True,False,False,False,True,False,False,False,False,True,False,False,False,False,False,True,False,True,False,False,False,False,True,True,False,False,42.642857142857146,592.15,3.253571428571429,592.15,0.2792696025778732,3.253571428571429,591.9445000000003,Low Value
0,5,20.5,104.3,False,False,False,True,False,False,False,True,True,False,True,False,True,False,True,False,True,False,True,False,False,False,True,False,False,True,17.383333333333333,102.5,3.4166666666666665,102.5,0.2325581395348837,3.4166666666666665,102.417,Low Value
0,46,70.6,3231.05,False,True,False,True,False,False,False,False,False,True,False,True,False,False,False,True,False,False,False,True,True,False,False,False,False,True,68.74574468085106,3247.6,1.502127659574468,3247.6,0.6424581005586593,1.502127659574468,3246.123,Medium Value
0,12,33.6,435.45,False,False,False,False,True,False,False,False,False,True,False,False,False,False,False,True,False,False,False,False,True,False,True,False,False,True,33.496153846153845,403.2000000000001,2.5846153846153848,403.2000000000001,0.3468208092485549,2.5846153846153848,403.23450000000014,Low Value
0,44,19.5,835.5,True,False,False,True,False,False,False,True,True,False,True,False,True,False,True,False,True,False,True,False,True,False,False,True,False,False,18.566666666666663,858.0,0.4333333333333333,858.0,2.1463414634146343,0.4333333333333333,858.4059999999996,Low Value
0,68,44.95,3085.35,False,False,False,False,True,False,False,False,False,False,False,True,False,False,False,True,False,False,False,True,False,False,False,False,True,False,44.71521739130435,3056.6000000000004,0.6514492753623189,3056.6000000000004,1.4798694232861804,0.6514492753623189,3055.8339999999985,Medium Value
0,1,19.9,19.9,False,False,False,True,False,False,False,True,True,False,True,False,True,False,True,False,True,False,True,False,False,False,True,False,False,True,9.95,19.9,9.95,19.9,0.0478468899521531,9.95,19.900000000000038,Low Value
0,30,19.8,576.65,True,True,False,True,False,False,False,True,True,False,True,False,True,False,True,False,True,False,True,False,True,False,False,True,False,False,18.601612903225806,594.0,0.6387096774193549,594.0,1.4423076923076923,0.6387096774193549,593.5525000000004,Low Value
0,41,102.6,4213.35,True,True,True,True,False,True,True,False,False,False,False,False,False,True,False,True,False,True,False,True,True,False,True,False,True,False,100.31785714285716,4206.599999999999,2.4428571428571426,4206.599999999999,0.3957528957528958,2.4428571428571426,4207.739999999995,Medium Value
0,14,85.15,1139.2,True,True,False,True,False,True,True,False,False,False,False,False,False,False,False,False,False,False,False,True,False,False,True,False,True,False,75.94666666666667,1192.1,5.676666666666667,1192.1,0.1625072547881601,5.676666666666667,1192.1470000000002,Low Value
0,59,94.75,5597.65,False,True,False,True,False,True,True,False,False,True,False,True,False,False,False,False,False,True,False,False,False,False,True,False,True,False,93.29416666666664,5590.25,1.5791666666666666,5590.25,0.6161879895561357,1.5791666666666666,5588.920499999999,High Value
0,56,19.55,1080.55,False,False,False,True,False,False,False,True,True,False,True,False,True,False,True,False,True,False,True,False,False,True,True,False,False,False,18.95701754385965,1094.8,0.3429824561403509,1094.8,2.725060827250608,0.3429824561403509,1093.9044999999999,Low Value
1,11,84.8,906.85,False,False,False,True,False,True,True,False,False,False,False,False,False,False,False,False,False,False,False,True,False,False,True,True,False,False,75.57083333333334,932.8,7.066666666666666,932.8,0.1282051282051282,7.066666666666666,932.6200000000006,Low Value
0,54,108.0,5760.65,True,False,False,True,False,True,True,False,False,True,False,True,False,False,False,True,False,True,False,True,False,True,True,True,False,False,104.7390909090909,5832.0,1.9636363636363636,5832.0,0.4954128440366973,1.9636363636363636,5831.501499999999,High Value
0,36,55.8,1941.5,False,False,False,True,False,True,False,False,False,False,False,False,False,True,False,False,False,False,False,False,True,False,False,False,True,False,52.472972972972975,2008.8,1.508108108108108,2008.8,0.6338028169014085,1.508108108108108,2009.4460000000001,Medium Value
0,16,19.75,284.35,True,False,False,True,False,False,False,True,True,False,True,False,True,False,True,False,True,False,True,False,False,True,False,False,False,True,16.726470588235294,316.0,1.161764705882353,316.0,0.7710843373493976,1.161764705882353,315.8580000000001,Low Value
0,30,80.8,2369.3,False,True,True,True,False,False,False,False,False,False,False,True,False,True,False,True,False,True,False,True,False,True,False,False,False,False,76.42903225806452,2424.0,2.606451612903226,2424.0,0.3667481662591687,2.606451612903226,2422.098000000002,Medium Value
0,46,72.8,3249.4,True,False,False,True,False,True,True,False,False,False,False,False,False,False,False,False,False,False,False,False,False,False,False,False,False,False,69.13617021276596,3348.7999999999997,1.548936170212766,3348.7999999999997,0.6233062330623307,1.548936170212766,3347.408499999998,Medium Value
0,25,54.3,1296.8,True,True,True,True,False,False,False,False,False,True,False,False,False,False,False,True,False,False,False,False,False,False,False,False,True,False,49.87692307692308,1357.5,2.088461538461538,1357.5,0.4520795660036166,2.088461538461538,1356.979,Low Value
1,8,75.75,606.25,False,False,False,True,False,True,True,False,False,False,False,False,False,False,False,False,False,False,False,False,False,False,True,False,True,False,67.36111111111111,606.0,8.416666666666666,606.0,0.1042345276872964,8.416666666666666,605.8145000000004,Low Value
0,57,65.2,3687.85,False,True,True,True,False,True,False,False,False,True,False,True,False,False,False,True,False,False,False,False,False,False,False,False,False,False,63.58362068965517,3716.4,1.1241379310344828,3716.4,0.8610271903323262,1.1241379310344828,3715.224999999996,Medium Value
1,72,116.75,8277.05,False,True,False,True,False,True,True,False,False,True,False,True,False,True,False,True,False,True,False,True,False,True,True,True,False,False,113.38424657534246,8406.0,1.5993150684931507,8406.0,0.6114649681528662,1.5993150684931507,8406.076499999992,High Value
1,35,70.55,2419.0,False,False,False,True,False,False,True,False,False,False,False,False,False,False,False,False,False,False,False,False,False,False,False,False,True,False,67.19444444444444,2469.25,1.959722222222222,2469.25,0.4891684136967156,1.959722222222222,2469.0779999999995,Medium Value
0,1,45.4,45.4,False,False,False,True,False,False,False,False,False,False,False,False,False,False,False,False,False,False,False,False,False,False,True,False,False,True,22.7,45.4,22.7,45.4,0.021551724137931,22.7,45.375000000000036,Low Value
0,6,75.5,438.0,True,True,False,True,False,True,True,False,False,False,False,False,False,False,False,False,False,False,False,False,False,False,True,False,True,False,62.57142857142857,453.0,10.785714285714286,453.0,0.0784313725490196,10.785714285714286,452.716,Low Value
0,45,25.9,1216.6,False,True,True,True,False,True,False,True,True,False,True,False,True,False,True,False,True,False,True,False,True,False,True,True,False,False,26.44782608695652,1165.5,0.5630434782608695,1165.5,1.6728624535315986,0.5630434782608695,1164.7475000000004,Low Value
1,1,45.2,45.2,True,False,False,True,False,False,False,False,False,False,False,False,False,False,False,False,False,False,False,False,False,False,False,False,True,False,22.6,45.2,22.6,45.2,0.0216450216450216,22.6,45.18900000000002,Low Value
0,72,84.7,6185.15,False,False,False,True,False,True,True,False,False,True,False,False,False,False,False,True,False,False,False,False,False,True,True,False,False,False,84.72808219178081,6098.400000000001,1.1602739726027398,6098.400000000001,0.8401400233372228,1.1602739726027398,6098.079499999997,High Value
0,72,55.65,3880.05,False,True,True,False,True,False,False,False,False,True,False,True,False,True,False,True,False,False,False,True,False,True,False,True,False,False,53.1513698630137,4006.8,0.7623287671232877,4006.8,1.2709620476610768,0.7623287671232877,4007.051000000001,Medium Value
0,9,45.4,418.8,True,False,False,False,True,False,False,False,False,False,False,False,False,False,False,False,False,True,False,True,False,False,True,False,True,False,41.88,408.6,4.54,408.6,0.1939655172413793,4.54,408.2709999999999,Low Value
1,49,89.85,4287.2,False,False,False,True,False,False,True,False,False,False,False,True,False,True,False,False,False,False,False,True,True,False,True,False,False,False,85.744,4402.65,1.797,4402.65,0.5393505778756192,1.797,4403.7955,Medium Value
0,23,83.2,2032.3,False,False,False,True,False,False,True,False,False,False,False,True,False,True,False,True,False,False,False,False,False,False,False,False,False,False,84.67916666666666,1913.6,3.466666666666667,1913.6,0.2731591448931116,3.466666666666667,1911.8874999999998,Low Value
0,35,91.5,3236.35,True,True,False,True,False,True,True,False,False,False,False,False,False,False,False,True,False,True,False,False,False,False,True,True,False,False,89.89861111111111,3202.5,2.5416666666666665,3202.5,0.3783783783783784,2.5416666666666665,3203.6480000000006,Medium Value
0,5,43.25,219.0,True,False,False,False,True,False,False,False,False,True,False,True,False,True,False,True,False,False,False,False,False,False,True,False,False,True,36.5,216.25,7.208333333333333,216.25,0.1129943502824858,7.208333333333333,216.82550000000018,Low Value
0,13,84.05,1095.3,True,True,True,True,False,False,True,False,False,True,False,False,False,False,False,False,False,False,False,True,False,False,False,False,True,False,78.23571428571428,1092.65,6.003571428571428,1092.65,0.152851263962375,6.003571428571428,1093.2464999999993,Low Value
0,45,50.25,2221.55,False,True,False,True,False,False,False,False,False,False,False,False,False,True,False,False,False,False,False,False,False,False,True,True,False,False,48.29456521739131,2261.25,1.0923913043478262,2261.25,0.8780487804878049,1.0923913043478262,2261.0359999999996,Medium Value
0,12,74.15,741.4,True,True,False,True,False,False,False,False,False,False,False,False,False,True,False,True,False,True,False,True,False,False,True,False,True,False,57.03076923076923,889.8000000000001,5.703846153846154,889.8000000000001,0.1596806387225549,5.703846153846154,888.7374999999998,Low Value
0,72,21.15,1419.4,False,False,False,True,False,False,False,True,True,False,True,False,True,False,True,False,True,False,True,False,False,True,True,False,False,False,19.443835616438356,1522.8,0.2897260273972603,1522.8,3.250564334085779,0.2897260273972603,1523.3990000000003,Low Value
0,1,19.4,19.4,False,True,True,True,False,False,False,True,True,False,True,False,True,False,True,False,True,False,True,False,False,False,True,False,False,True,9.7,19.4,9.7,19.4,0.0490196078431372,9.7,19.401500000000034,Low Value
0,37,78.9,2976.95,False,False,False,True,False,True,False,False,False,True,False,True,False,True,False,True,False,True,False,False,False,False,True,True,False,False,78.34078947368421,2919.3,2.0763157894736843,2919.3,0.4630788485607008,2.0763157894736843,2919.5505,Medium Value
0,45,18.85,867.3,True,False,False,True,False,False,False,True,True,False,True,False,True,False,True,False,True,False,True,False,True,False,False,False,False,False,18.85434782608695,848.2500000000001,0.4097826086956522,848.2500000000001,2.2670025188916876,0.4097826086956522,848.2515000000004,Low Value
0,9,94.85,890.6,True,True,False,True,False,False,True,False,False,False,False,True,False,True,False,True,False,True,False,False,False,False,True,False,False,True,89.06,853.65,9.485,853.65,0.0938967136150234,9.485,853.4030000000005,Low Value
0,15,101.35,1553.95,True,False,False,True,False,False,True,False,False,False,False,False,False,True,False,True,False,True,False,True,False,False,True,False,True,False,97.121875,1520.25,6.334375,1520.25,0.1465559355153883,6.334375,1520.0384999999994,Low Value
0,1,94.6,94.6,False,False,False,True,False,True,True,False,False,False,False,False,False,False,False,False,False,True,False,True,False,False,True,False,True,False,47.3,94.6,47.3,94.6,0.0104602510460251,47.3,95.04300000000003,Low Value
1,22,85.35,1961.6,False,True,True,True,False,True,True,False,False,False,False,False,False,False,False,False,False,True,False,False,False,False,False,False,False,False,85.28695652173913,1877.7,3.710869565217391,1877.7,0.2547770700636942,3.710869565217391,1881.111,Low Value
0,2,80.95,171.15,True,False,False,True,False,False,True,False,False,False,False,False,False,False,False,False,False,False,False,True,False,False,True,False,True,False,57.05,161.9,26.983333333333334,161.9,0.024405125076266,26.983333333333334,162.07700000000003,Low Value
1,60,71.75,4374.55,True,False,False,True,False,True,False,False,False,True,False,True,False,False,False,False,False,False,False,True,True,False,True,False,True,False,71.71393442622951,4305.0,1.1762295081967211,4305.0,0.8247422680412371,1.1762295081967211,4306.085499999998,Medium Value
0,26,69.05,1815.65,False,False,False,True,False,False,True,False,False,False,False,False,False,False,False,False,False,False,False,False,False,False,True,True,False,False,67.2462962962963,1795.3,2.5574074074074074,1795.3,0.371163454675232,2.5574074074074074,1799.1009999999992,Low Value
0,15,19.65,270.6,False,False,True,True,False,False,False,True,True,False,True,False,True,False,True,False,True,False,True,False,True,False,False,False,False,True,16.9125,294.75,1.228125,294.75,0.7263922518159807,1.228125,294.73750000000007,Low Value
0,35,80.05,2835.9,False,False,False,True,False,True,True,False,False,False,False,False,False,False,False,True,False,False,False,False,False,False,False,True,False,False,78.775,2801.75,2.223611111111111,2801.75,0.431832202344232,2.223611111111111,2802.7689999999975,Medium Value
1,42,104.75,4323.45,False,False,False,True,False,True,True,False,False,False,False,True,False,True,False,False,False,True,False,True,False,False,True,False,False,False,100.5453488372093,4399.5,2.436046511627907,4399.5,0.3971631205673759,2.436046511627907,4402.283500000004,Medium Value
0,43,56.35,2391.15,True,True,False,True,False,False,False,False,False,False,False,False,False,False,False,False,False,True,False,False,True,False,True,False,False,True,54.34431818181818,2423.05,1.2806818181818185,2423.05,0.7497820401046207,1.2806818181818185,2421.576000000001,Medium Value
0,11,102.0,1145.35,False,True,False,True,False,True,True,False,False,False,False,True,False,False,False,False,False,True,False,True,False,False,True,False,True,False,95.44583333333333,1122.0,8.5,1122.0,0.1067961165048543,8.5,1123.0054999999995,Low Value
0,37,90.6,3358.65,True,False,False,True,False,True,False,False,False,True,False,True,False,True,False,True,False,True,False,True,True,False,True,False,False,False,88.38552631578948,3352.2,2.384210526315789,3352.2,0.4039301310043668,2.384210526315789,3352.7094999999977,Medium Value
0,65,107.65,7082.85,False,True,False,True,False,True,True,False,False,False,False,True,False,True,False,True,False,True,False,True,False,True,True,False,False,False,107.3159090909091,6997.25,1.631060606060606,6997.25,0.5982512655315232,1.631060606060606,7000.0030000000015,High Value
0,1,46.3,46.3,True,False,False,True,False,False,False,False,False,False,False,False,False,False,False,False,False,False,False,False,False,False,False,False,False,True,23.15,46.3,23.15,46.3,0.0211416490486257,23.15,46.215,Low Value
0,16,65.2,1043.35,False,False,False,True,False,True,False,False,False,False,False,False,False,True,False,False,False,False,False,True,False,False,True,True,False,False,61.3735294117647,1043.2,3.835294117647059,1043.2,0.2416918429003021,3.835294117647059,1042.5664999999995,Low Value
0,72,68.75,4888.2,False,True,True,True,False,False,False,False,False,True,False,True,False,True,False,False,False,False,False,True,False,True,False,True,False,False,66.96164383561644,4950.0,0.9417808219178082,4950.0,1.032258064516129,0.9417808219178082,4949.2275,Medium Value
0,1,24.9,24.9,False,False,False,False,True,False,False,False,False,False,False,False,False,False,False,False,False,False,False,False,False,False,True,False,False,True,12.45,24.9,12.45,24.9,0.0386100386100386,12.45,24.868000000000006,Low Value
0,4,42.4,146.4,True,False,False,False,True,False,False,False,False,True,False,True,False,False,False,True,False,False,False,False,False,False,False,False,False,True,29.28,169.6,8.48,169.6,0.0921658986175115,8.48,170.20500000000007,Low Value
0,72,64.75,4804.75,False,True,False,True,False,True,False,False,False,True,False,True,False,False,False,True,False,False,False,False,False,True,False,False,False,False,65.81849315068493,4662.0,0.886986301369863,4662.0,1.0950570342205324,0.886986301369863,4663.607500000002,Medium Value
0,30,90.4,2820.65,True,False,False,True,False,True,True,False,False,True,False,True,False,True,False,False,False,False,False,False,True,False,False,False,False,False,90.98870967741937,2712.0,2.916129032258065,2712.0,0.3282275711159737,2.916129032258065,2713.069499999999,Medium Value
0,5,85.3,420.45,False,False,False,True,False,False,True,False,False,False,False,True,False,False,False,False,False,True,False,False,False,False,True,False,False,True,70.075,426.5,14.216666666666669,426.5,0.0579374275782155,14.216666666666669,426.4655,Low Value
0,53,95.95,5036.9,True,False,True,True,False,False,True,False,False,True,False,True,False,True,False,False,False,False,False,True,True,False,False,False,True,False,93.27592592592592,5085.35,1.776851851851852,5085.35,0.5466735430634347,1.776851851851852,5083.336999999998,High Value
1,1,25.25,25.25,False,False,False,False,True,False,False,False,False,False,False,False,False,False,False,False,False,False,False,False,False,False,False,False,True,False,12.625,25.25,12.625,25.25,0.0380952380952381,12.625,25.2485,Low Value
0,3,55.35,165.2,False,False,False,True,False,False,False,False,False,True,False,True,False,False,False,False,False,False,False,False,False,False,False,False,True,False,41.3,166.05,13.8375,166.05,0.0532386867790594,13.8375,165.61549999999988,Low Value
0,3,89.85,244.45,True,False,False,True,False,False,True,False,False,False,False,False,False,True,False,True,False,True,False,False,False,False,True,False,False,True,61.1125,269.54999999999995,22.4625,269.54999999999995,0.0330214639515685,22.4625,269.3984999999998,Low Value
1,67,101.4,6841.05,True,False,False,True,False,True,True,False,False,False,False,False,False,True,False,False,False,True,False,True,False,False,True,True,False,False,100.60367647058824,6793.8,1.491176470588235,6793.8,0.654296875,1.491176470588235,6792.965999999995,High Value
0,23,57.2,1423.35,True,True,True,True,False,False,False,False,False,True,False,False,False,False,False,True,False,False,False,False,True,False,False,True,False,False,59.30625,1315.6,2.3833333333333333,1315.6,0.3951890034364261,2.3833333333333333,1315.5914999999993,Low Value
0,72,75.4,5480.25,True,True,True,True,False,False,False,False,False,False,False,True,False,True,False,False,False,True,False,True,False,True,True,False,False,False,75.07191780821918,5428.8,1.0328767123287672,5428.8,0.9424083769633508,1.0328767123287672,5429.8495,High Value
0,26,44.45,1183.8,False,False,False,False,True,False,False,False,False,False,False,False,False,True,False,True,False,True,False,False,False,False,True,True,False,False,43.84444444444444,1155.7,1.6462962962962964,1155.7,0.5720572057205721,1.6462962962962964,1156.8025000000007,Low Value
1,71,89.85,6293.45,False,False,False,True,False,True,False,False,False,True,False,True,False,True,False,True,False,True,False,True,False,True,False,False,False,True,87.40902777777778,6379.349999999999,1.2479166666666666,6379.349999999999,0.7815079801871216,1.2479166666666666,6381.451500000003,High Value
0,68,89.95,5974.3,False,True,False,True,False,True,True,False,False,False,False,False,False,True,False,False,False,True,False,False,False,True,True,False,False,False,86.5840579710145,6116.6,1.3036231884057972,6116.6,0.7476635514018691,1.3036231884057972,6114.782999999992,High Value
0,2,75.9,143.35,False,False,False,True,False,True,True,False,False,False,False,False,False,False,False,False,False,False,False,False,False,False,True,False,True,False,47.78333333333333,151.8,25.3,151.8,0.0260078023407022,25.3,151.78150000000014,Low Value
0,64,90.6,5817.45,False,True,True,True,False,True,False,False,False,True,False,True,False,True,False,True,False,True,False,True,False,True,True,False,False,True,89.49923076923076,5798.4,1.3938461538461535,5798.4,0.6986899563318778,1.3938461538461535,5797.787000000004,High Value
0,22,20.45,471.55,True,True,False,True,False,False,False,True,True,False,True,False,True,False,True,False,True,False,True,False,False,False,True,False,False,False,20.50217391304348,449.9,0.8891304347826087,449.9,1.0256410256410258,0.8891304347826087,449.9475000000003,Low Value
1,27,104.65,2964.0,True,False,False,True,False,True,True,False,False,False,False,True,False,False,False,True,False,True,False,True,True,False,True,False,False,False,105.85714285714286,2825.55,3.7375,2825.55,0.2555608140085186,3.7375,2825.1659999999993,Medium Value
0,60,103.75,5969.95,True,True,True,True,False,True,True,False,False,False,False,True,False,False,False,True,False,True,False,True,False,False,True,False,False,False,97.86803278688524,6225.0,1.7008196721311477,6225.0,0.5727923627684964,1.7008196721311477,6231.643,High Value
0,51,59.9,3043.6,True,False,False,True,False,True,False,False,False,True,False,False,False,False,False,True,False,False,False,False,True,False,False,True,False,False,58.53076923076923,3054.9,1.1519230769230768,3054.9,0.8374384236453202,1.1519230769230768,3055.2979999999993,Medium Value
0,8,84.95,668.4,False,False,False,True,False,False,True,False,False,True,False,False,False,False,False,False,False,True,False,False,False,False,False,False,True,False,74.26666666666667,679.6,9.43888888888889,679.6,0.0930773705642815,9.43888888888889,679.8109999999996,Low Value
0,7,71.05,472.65,False,False,True,True,False,False,True,False,False,False,False,False,False,False,False,False,False,False,False,False,False,False,True,False,True,False,59.08125,497.35,8.88125,497.35,0.0971547536433032,8.88125,497.4069999999997,Low Value
0,24,19.7,494.05,False,True,True,True,False,False,False,True,True,False,True,False,True,False,True,False,True,False,True,False,False,True,True,False,False,True,19.762,472.7999999999999,0.7879999999999999,472.7999999999999,1.1594202898550725,0.7879999999999999,472.87400000000014,Low Value
0,24,21.05,531.55,False,False,True,True,False,False,False,True,True,False,True,False,True,False,True,False,True,False,True,False,True,False,False,False,False,False,21.261999999999997,505.2000000000001,0.8420000000000001,505.2000000000001,1.0884353741496595,0.8420000000000001,504.9555000000002,Low Value
1,39,95.65,3759.05,True,False,False,True,False,True,True,False,False,False,False,False,False,False,False,False,False,True,False,True,False,False,True,False,False,False,93.97625,3730.35,2.3912500000000003,3730.35,0.4035178479048111,2.3912500000000003,3732.708500000005,Medium Value
0,4,35.0,135.75,False,False,False,False,True,False,False,False,False,True,False,False,False,True,False,False,False,False,False,False,False,False,False,False,False,True,27.15,140.0,7.0,140.0,0.1111111111111111,7.0,139.96899999999997,Low Value
0,17,19.35,307.0,False,True,False,True,False,False,False,True,True,False,True,False,True,False,True,False,True,False,True,False,True,False,False,False,False,True,17.055555555555557,328.95000000000005,1.0750000000000002,328.95000000000005,0.8353808353808353,1.0750000000000002,329.4394999999996,Low Value
0,15,25.2,387.9,False,True,False,True,False,True,False,True,True,False,True,False,True,False,True,False,True,False,True,False,False,True,False,False,False,True,24.24375,378.0,1.575,378.0,0.5725190839694657,1.575,377.98649999999975,Low Value
1,70,75.5,5212.65,False,False,False,True,False,True,False,False,False,False,False,True,False,True,False,True,False,True,False,False,False,True,True,False,False,False,73.41760563380281,5285.0,1.0633802816901408,5285.0,0.915032679738562,1.0633802816901408,5289.942000000005,High Value
0,1,79.6,79.6,False,False,True,True,False,False,True,False,False,False,False,False,False,False,False,False,False,False,False,True,False,False,True,False,True,False,39.8,79.6,39.8,79.6,0.0124069478908188,39.8,79.60050000000004,Low Value
0,34,61.25,1993.2,False,True,True,False,True,False,False,False,False,True,False,False,False,True,False,True,False,True,False,True,True,False,False,False,False,True,56.94857142857143,2082.5,1.75,2082.5,0.5461847389558233,1.75,2081.6899999999987,Medium Value
0,26,79.3,2015.8,False,True,False,True,False,True,True,False,False,False,False,True,False,False,False,False,False,False,False,False,False,False,False,False,False,False,74.65925925925926,2061.7999999999997,2.937037037037037,2061.7999999999997,0.323785803237858,2.937037037037037,2061.401999999999,Medium Value
0,55,20.5,1177.95,True,True,True,True,False,False,False,True,True,False,True,False,True,False,True,False,True,False,True,False,False,True,False,False,False,True,21.03482142857143,1127.5,0.3660714285714285,1127.5,2.558139534883721,0.3660714285714285,1125.61,Low Value
0,27,90.15,2423.4,False,True,False,True,False,True,True,False,False,False,False,False,False,True,False,False,False,False,False,True,False,False,False,False,False,False,86.55,2434.05,3.2196428571428575,2434.05,0.2962150301700493,3.2196428571428575,2432.144500000004,Medium Value
0,26,50.35,1285.8,True,True,True,True,False,False,False,False,False,False,False,False,False,True,False,False,False,False,False,False,True,False,False,False,False,True,47.62222222222222,1309.1,1.864814814814815,1309.1,0.5063291139240507,1.864814814814815,1310.2015000000001,Low Value
0,39,73.15,2730.85,True,False,False,True,False,True,True,False,False,False,False,False,False,False,False,False,False,False,False,False,False,False,True,True,False,False,68.27125,2852.8500000000004,1.82875,2852.8500000000004,0.5259608900876601,1.82875,2851.9690000000014,Medium Value
1,20,71.3,1389.2,True,False,False,True,False,False,True,False,False,False,False,False,False,False,False,False,False,False,False,False,False,False,False,True,False,False,66.15238095238095,1426.0,3.395238095238095,1426.0,0.2766251728907331,3.395238095238095,1425.6824999999997,Low Value
0,24,53.6,1315.35,True,True,False,True,False,False,False,False,False,True,False,False,False,False,False,True,False,False,False,False,False,False,False,False,False,True,52.614,1286.4,2.144,1286.4,0.4395604395604395,2.144,1287.1495000000002,Low Value
0,68,90.2,6297.65,False,True,False,True,False,True,True,False,False,False,False,True,False,True,False,True,False,False,False,False,False,True,False,True,False,False,91.27028985507246,6133.6,1.3072463768115945,6133.6,0.7456140350877193,1.3072463768115945,6134.021000000004,High Value
1,16,74.3,1178.25,True,True,False,True,False,False,True,False,False,False,False,True,False,False,False,False,False,False,False,False,False,False,True,True,False,False,69.30882352941177,1188.8,4.370588235294117,1188.8,0.2124833997343957,4.370588235294117,1189.0179999999991,Low Value
0,1,71.1,71.1,False,False,False,True,False,False,True,False,False,False,False,False,False,False,False,False,False,False,False,False,False,False,False,False,False,True,35.55,71.1,35.55,71.1,0.0138696255201109,35.55,71.10100000000006,Low Value
0,70,51.05,3635.15,True,True,False,False,True,False,False,False,False,False,False,True,False,True,False,True,False,False,False,True,True,False,True,False,False,False,51.19929577464789,3573.5,0.7190140845070422,3573.5,1.3448607108549473,0.7190140845070422,3574.1244999999967,Medium Value
1,3,79.9,260.9,True,False,False,True,False,False,True,False,False,False,False,False,False,False,False,False,False,True,False,False,False,False,True,False,True,False,65.225,239.7,19.975,239.7,0.0370828182941903,19.975,239.68650000000005,Low Value
0,24,99.3,2431.35,False,True,False,True,False,False,True,False,False,False,False,True,False,True,False,False,False,True,False,True,False,False,True,True,False,False,97.254,2383.2,3.972,2383.2,0.2392821535393818,3.972,2382.154000000002,Medium Value
0,72,91.95,6614.9,True,True,True,True,False,True,False,False,False,True,False,True,False,True,False,True,False,True,False,True,False,True,True,True,False,False,90.61506849315067,6620.400000000001,1.2595890410958903,6620.400000000001,0.7746100053792361,1.2595890410958903,6621.6775,High Value
0,1,19.75,19.75,True,False,False,True,False,False,False,True,True,False,True,False,True,False,True,False,True,False,True,False,False,False,True,False,False,True,9.875,19.75,9.875,19.75,0.0481927710843373,9.875,19.749000000000002,Low Value
0,31,49.85,1520.1,False,False,False,False,True,False,False,False,False,True,False,True,False,False,False,True,False,False,False,True,False,True,True,False,False,False,47.503125,1545.35,1.5578125,1545.35,0.6096361848574238,1.5578125,1545.834999999999,Low Value
0,1,24.8,24.8,False,True,False,False,True,False,False,False,False,False,False,False,False,False,False,False,False,False,False,False,False,False,True,False,True,False,12.4,24.8,12.4,24.8,0.0387596899224806,12.4,24.75850000000001,Low Value
0,50,99.4,5059.75,True,True,False,True,False,True,True,False,False,False,False,False,False,False,False,True,False,True,False,True,True,False,False,False,True,False,99.21078431372548,4970.0,1.9490196078431377,4970.0,0.49800796812749,1.9490196078431377,4975.384999999999,Medium Value
0,61,88.65,5321.25,False,False,False,True,False,True,False,False,False,False,False,True,False,True,False,True,False,True,False,True,False,True,False,True,False,False,85.82661290322581,5407.650000000001,1.4298387096774194,5407.650000000001,0.6804238706079196,1.4298387096774194,5406.3655000000035,High Value
1,11,70.2,834.7,True,True,False,True,False,False,True,False,False,False,False,False,False,False,False,False,False,False,False,False,False,False,True,False,True,False,69.55833333333334,772.2,5.8500000000000005,772.2,0.1544943820224719,5.8500000000000005,771.8104999999993,Low Value
0,2,45.55,84.4,False,False,False,True,False,False,False,False,False,False,False,False,False,False,False,False,False,False,False,False,False,False,False,False,True,False,28.133333333333336,91.1,15.183333333333332,91.1,0.0429645542427497,15.183333333333332,91.1885,Low Value
1,64,74.65,4869.35,False,False,False,True,False,True,False,False,False,False,False,True,False,True,False,True,False,False,False,True,False,False,False,True,False,False,74.91307692307693,4777.6,1.1484615384615386,4777.6,0.8460013218770653,1.1484615384615386,4781.706000000003,Medium Value
0,18,40.2,711.95,False,False,False,False,True,False,False,False,False,True,False,True,False,False,False,True,False,False,False,False,True,False,True,False,False,True,37.47105263157895,723.6,2.115789473684211,723.6,0.4368932038834951,2.115789473684211,723.868499999999,Low Value
0,45,25.5,1121.05,False,True,False,True,False,True,False,True,True,False,True,False,True,False,True,False,True,False,True,False,False,True,False,False,False,True,24.370652173913044,1147.5,0.5543478260869565,1147.5,1.69811320754717,0.5543478260869565,1147.2709999999997,Low Value
0,31,59.7,1825.5,True,True,True,True,False,True,False,False,False,False,False,False,False,False,False,False,False,False,False,True,False,False,False,False,False,False,57.046875,1850.7,1.865625,1850.7,0.5107084019769357,1.865625,1852.9590000000007,Low Value
0,61,24.1,1551.6,False,True,True,True,False,True,False,True,True,False,True,False,True,False,True,False,True,False,True,False,False,True,True,False,False,True,25.0258064516129,1470.1,0.3887096774193548,1470.1,2.4302788844621515,0.3887096774193548,1468.9084999999986,Low Value
1,31,73.55,2094.65,False,False,False,True,False,False,True,False,False,True,False,False,False,False,False,False,False,False,False,False,False,False,True,True,False,False,65.4578125,2280.0499999999997,2.2984375,2280.0499999999997,0.4158283031522468,2.2984375,2280.4504999999986,Medium Value
0,57,19.9,1115.6,False,True,False,True,False,False,False,True,True,False,True,False,True,False,True,False,True,False,True,False,False,True,False,False,False,False,19.23448275862069,1134.3,0.343103448275862,1134.3,2.7272727272727275,0.343103448275862,1134.2209999999986,Low Value
0,28,90.45,2509.25,False,True,True,True,False,True,True,False,False,False,False,False,False,False,False,True,False,False,False,True,True,False,True,False,True,False,86.52586206896552,2532.6,3.1189655172413793,2532.6,0.306178239475123,3.1189655172413793,2529.2954999999984,Medium Value
0,37,65.6,2313.8,True,False,False,True,False,False,False,False,False,True,False,True,False,True,False,True,False,False,False,False,False,True,False,False,False,False,60.88947368421053,2427.2,1.726315789473684,2427.2,0.5555555555555556,1.726315789473684,2425.090500000002,Medium Value
0,46,103.15,4594.65,False,True,False,True,False,True,True,False,False,False,False,True,False,False,False,True,False,True,False,True,True,False,True,False,True,False,97.75851063829786,4744.900000000001,2.19468085106383,4744.900000000001,0.441670667306769,2.19468085106383,4745.0345,Medium Value
0,19,19.9,367.55,False,False,False,True,False,False,False,True,True,False,True,False,True,False,True,False,True,False,True,False,False,False,False,False,False,True,18.3775,378.1,0.995,378.1,0.9090909090909092,0.995,378.05849999999964,Low Value
0,63,20.6,1298.7,False,False,False,True,False,False,False,True,True,False,True,False,True,False,True,False,True,False,True,False,False,True,True,False,False,True,20.2921875,1297.8000000000002,0.321875,1297.8000000000002,2.9166666666666665,0.321875,1298.3944999999999,Low Value
0,69,79.45,5502.55,True,False,True,True,False,True,False,False,False,True,False,True,False,True,False,True,False,True,False,False,False,True,True,True,False,False,78.60785714285714,5482.05,1.135,5482.05,0.8576755748912368,1.135,5481.920499999998,High Value
0,19,89.35,1686.85,False,True,True,True,False,True,True,False,False,False,False,False,False,False,False,True,False,False,False,True,True,False,True,False,False,False,84.3425,1697.65,4.467499999999999,1697.65,0.2102933038184836,4.467499999999999,1697.9349999999995,Low Value
0,31,83.85,2674.15,False,True,False,True,False,False,True,False,False,False,False,True,False,False,False,False,False,False,False,True,False,False,True,False,False,False,83.5671875,2599.35,2.6203125,2599.35,0.3653506187389511,2.6203125,2599.5440000000035,Medium Value
1,18,20.35,369.6,False,False,False,True,False,False,False,True,True,False,True,False,True,False,True,False,True,False,True,False,True,False,False,False,False,False,19.45263157894737,366.3,1.0710526315789477,366.3,0.8430913348946135,1.0710526315789477,366.3229999999998,Low Value
0,44,50.15,2139.1,False,False,False,True,False,True,False,False,False,False,False,False,False,False,False,False,False,False,False,False,False,False,True,False,False,True,47.535555555555554,2206.6,1.1144444444444443,2206.6,0.8602150537634409,1.1144444444444443,2205.5565,Medium Value
1,1,70.3,70.3,True,True,False,True,False,False,True,False,False,False,False,False,False,False,False,False,False,False,False,False,False,False,True,False,True,False,35.15,70.3,35.15,70.3,0.0140252454417952,35.15,70.30350000000011,Low Value
0,1,89.9,89.9,True,False,False,True,False,False,True,False,False,False,False,False,False,False,False,False,False,True,False,True,False,False,True,False,True,False,44.95,89.9,44.95,89.9,0.011001100110011,44.95,89.96650000000007,Low Value
0,11,35.8,363.15,False,False,False,False,True,False,False,False,False,False,False,False,False,False,False,False,False,True,False,False,False,False,True,False,False,True,30.2625,393.7999999999999,2.983333333333333,393.7999999999999,0.2989130434782609,2.983333333333333,393.783,Low Value
0,22,20.85,450.65,False,False,False,True,False,False,False,True,True,False,True,False,True,False,True,False,True,False,True,False,True,False,False,False,False,False,19.593478260869563,458.7000000000001,0.9065217391304348,458.7000000000001,1.0068649885583525,0.9065217391304348,458.1380000000004,Low Value
0,23,84.25,1968.1,True,True,False,True,False,True,True,False,False,False,False,True,False,True,False,False,False,False,False,False,False,False,False,False,True,False,82.00416666666666,1937.75,3.5104166666666665,1937.75,0.2697947214076246,3.5104166666666665,1935.1644999999999,Low Value
0,37,80.05,3019.1,False,False,False,True,False,False,True,False,False,False,False,True,False,True,False,False,False,False,False,False,True,False,False,False,True,False,79.45,2961.85,2.106578947368421,2961.85,0.4565083281924738,2.106578947368421,2958.698500000001,Medium Value
0,46,40.4,1842.7,True,True,False,False,True,False,False,False,False,True,False,False,False,True,False,True,False,False,False,False,False,True,False,True,False,False,39.20638297872341,1858.4,0.8595744680851064,1858.4,1.1111111111111112,0.8595744680851064,1858.0380000000007,Low Value
0,20,19.35,433.75,False,False,False,True,False,False,False,True,True,False,True,False,True,False,True,False,True,False,True,False,True,False,True,True,False,False,20.654761904761905,387.0,0.9214285714285716,387.0,0.9828009828009828,0.9214285714285716,387.5324999999999,Low Value
0,1,50.8,50.8,False,False,False,True,False,False,False,False,False,False,False,False,False,False,False,True,False,False,False,False,False,False,True,False,True,False,25.4,50.8,25.4,50.8,0.0193050193050193,25.4,50.90899999999998,Low Value
0,58,75.8,4415.75,False,True,True,True,False,True,False,False,False,True,False,False,False,True,False,True,False,True,False,False,False,True,False,False,False,True,74.84322033898304,4396.4,1.2847457627118644,4396.4,0.7552083333333334,1.2847457627118644,4399.435999999999,Medium Value
0,71,95.15,6770.85,False,True,True,True,False,True,True,False,False,True,False,True,False,True,False,True,False,False,False,False,True,False,True,True,False,False,94.03958333333334,6755.650000000001,1.321527777777778,6755.650000000001,0.7384295371814872,1.321527777777778,6759.134499999997,High Value
0,29,71.0,2080.1,False,False,False,True,False,True,False,False,False,False,False,False,False,False,False,False,False,True,False,True,True,False,True,True,False,False,69.33666666666666,2059.0,2.3666666666666667,2059.0,0.4027777777777778,2.3666666666666667,2056.792000000001,Medium Value
0,64,81.3,5129.3,False,True,False,True,False,True,False,False,False,True,False,True,False,True,False,True,False,False,False,True,False,True,True,False,False,True,78.91230769230769,5203.2,1.2507692307692306,5203.2,0.7776427703523694,1.2507692307692306,5204.151499999997,High Value
1,1,73.65,73.65,True,False,False,True,False,True,True,False,False,False,False,False,False,False,False,False,False,False,False,False,False,False,True,False,True,False,36.825,73.65,36.825,73.65,0.0133958472873409,36.825,73.62100000000008,Low Value
0,1,20.05,20.05,True,False,False,True,False,False,False,True,True,False,True,False,True,False,True,False,True,False,True,False,False,False,False,False,False,False,10.025,20.05,10.025,20.05,0.0475059382422802,10.025,20.04849999999997,Low Value
0,70,60.35,4138.7,True,True,True,False,True,False,False,False,False,False,False,True,False,True,False,True,False,True,False,True,True,False,False,False,True,False,58.29154929577464,4224.5,0.85,4224.5,1.1409942950285248,0.85,4227.0269999999955,Medium Value
0,13,19.95,257.0,True,False,False,True,False,False,False,True,True,False,True,False,True,False,True,False,True,False,True,False,True,False,True,False,False,True,18.357142857142858,259.34999999999997,1.425,259.34999999999997,0.6205250596658711,1.425,259.44849999999974,Low Value
0,57,39.3,2111.45,True,False,False,False,True,False,False,False,False,False,False,True,False,False,False,False,False,True,False,False,False,False,True,False,True,False,36.404310344827586,2240.1,0.6775862068965517,2240.1,1.41439205955335,0.6775862068965517,2240.669,Medium Value
1,57,101.3,5779.6,False,False,False,True,False,True,True,False,False,True,False,False,False,True,False,True,False,False,False,True,False,True,False,True,False,False,99.64827586206896,5774.099999999999,1.746551724137931,5774.099999999999,0.5571847507331379,1.746551724137931,5776.423000000001,High Value
0,6,20.1,100.35,False,True,True,True,False,False,False,True,True,False,True,False,True,False,True,False,True,False,True,False,False,True,False,False,False,True,14.335714285714284,120.6,2.871428571428571,120.6,0.2843601895734597,2.871428571428571,120.60649999999998,Low Value
1,63,36.1,2298.9,True,True,False,False,True,False,False,False,False,True,False,False,False,False,False,True,False,False,False,False,True,False,False,False,False,False,35.9203125,2274.3,0.5640625,2274.3,1.6981132075471697,0.5640625,2271.0469999999987,Medium Value
0,8,19.2,156.85,False,False,False,True,False,False,False,True,True,False,True,False,True,False,True,False,True,False,True,False,False,False,False,False,False,True,17.427777777777777,153.6,2.1333333333333333,153.6,0.396039603960396,2.1333333333333333,153.62450000000004,Low Value
0,23,48.35,1067.15,True,True,True,True,False,True,False,False,False,False,False,False,False,False,False,False,False,False,False,False,True,False,True,True,False,False,44.46458333333334,1112.05,2.0145833333333334,1112.05,0.4660587639311043,2.0145833333333334,1111.9699999999991,Low Value
0,40,50.25,2023.55,False,False,False,True,False,False,False,False,False,False,False,False,False,True,False,False,False,False,False,False,True,False,True,False,False,True,49.354878048780485,2010.0,1.225609756097561,2010.0,0.7804878048780488,1.225609756097561,2008.9060000000009,Medium Value
0,59,25.45,1534.05,False,True,True,True,False,True,False,True,True,False,True,False,True,False,True,False,True,False,True,False,False,True,False,False,False,True,25.5675,1501.55,0.4241666666666666,1501.55,2.23062381852552,0.4241666666666666,1500.780500000001,Low Value
0,18,20.1,407.05,False,False,False,True,False,False,False,True,True,False,True,False,True,False,True,False,True,False,True,False,True,False,False,False,False,True,21.42368421052632,361.8,1.0578947368421054,361.8,0.8530805687203791,1.0578947368421054,361.6959999999999,Low Value
0,17,90.95,1612.2,True,False,False,True,False,False,True,False,False,False,False,True,False,True,False,False,False,False,False,True,False,False,True,True,False,False,89.56666666666666,1546.15,5.052777777777778,1546.15,0.1848830886351277,5.052777777777778,1546.6799999999996,Low Value
1,46,85.0,3969.4,True,False,False,True,False,False,True,False,False,True,False,False,False,False,False,False,False,False,False,True,False,False,False,False,True,False,84.45531914893617,3910.0,1.8085106382978724,3910.0,0.5348837209302325,1.8085106382978724,3913.598000000002,Medium Value
0,16,20.4,321.4,False,True,True,True,False,False,False,True,True,False,True,False,True,False,True,False,True,False,True,False,False,False,False,False,True,False,18.905882352941177,326.4,1.2,326.4,0.7476635514018692,1.2,326.25500000000005,Low Value
0,22,83.05,1799.3,True,False,False,True,False,True,True,False,False,False,False,False,False,False,False,False,False,False,False,True,False,False,False,False,True,False,78.2304347826087,1827.1,3.610869565217391,1827.1,0.2617489589530041,3.610869565217391,1828.9354999999996,Low Value
0,62,81.0,4985.9,False,True,False,True,False,False,False,False,False,True,False,False,False,True,False,True,False,True,False,True,False,True,False,False,False,True,79.14126984126983,5022.0,1.2857142857142858,5022.0,0.7560975609756098,1.2857142857142858,5028.142500000002,High Value
0,56,54.05,2959.8,True,True,False,False,True,False,False,False,False,False,False,False,False,True,False,True,False,True,False,True,True,False,True,False,False,False,51.92631578947369,3026.7999999999997,0.9482456140350876,3026.7999999999997,1.0172570390554043,0.9482456140350876,3027.4009999999994,Medium Value
1,5,81.0,371.65,False,True,False,True,False,True,True,False,False,False,False,True,False,False,False,False,False,False,False,False,False,False,True,False,True,False,61.94166666666666,405.0,13.5,405.0,0.0609756097560975,13.5,404.5839999999999,Low Value
0,72,86.4,6058.95,False,True,False,True,False,True,False,False,False,True,False,True,False,False,False,True,False,True,False,True,False,True,True,False,False,False,82.99931506849315,6220.8,1.1835616438356165,6220.8,0.8237986270022882,1.1835616438356165,6225.686000000001,High Value
0,9,45.15,416.45,False,False,False,True,False,False,False,False,False,False,False,False,False,False,False,False,False,False,False,False,False,False,False,False,True,False,41.645,406.35,4.515,406.35,0.1950162513542795,4.515,406.7459999999999,Low Value
0,66,115.8,7942.15,True,True,False,True,False,True,True,False,False,True,False,True,False,True,False,True,False,True,False,True,True,False,False,False,False,False,118.53955223880595,7642.8,1.728358208955224,7642.8,0.565068493150685,1.728358208955224,7638.260999999996,High Value
0,28,96.6,2684.35,True,True,False,True,False,True,True,False,False,False,False,True,False,True,False,False,False,True,False,False,False,False,False,True,False,False,92.56379310344828,2704.7999999999997,3.3310344827586205,2704.7999999999997,0.2868852459016394,3.3310344827586205,2705.8654999999994,Medium Value
0,56,88.9,4968.0,False,True,True,True,False,False,True,False,False,False,False,False,False,False,False,False,False,True,False,True,True,False,False,False,False,False,87.15789473684211,4978.400000000001,1.5596491228070175,4978.400000000001,0.6229143492769744,1.5596491228070175,4975.526000000001,Medium Value
0,1,45.85,45.85,True,False,False,True,False,False,False,False,False,False,False,False,False,False,False,False,False,False,False,False,False,False,True,False,False,True,22.925,45.85,22.925,45.85,0.0213447171824973,22.925,45.841,Low Value
1,24,102.95,2496.7,True,False,False,True,False,True,True,False,False,False,False,True,False,True,False,False,False,True,False,True,False,False,True,True,False,False,99.868,2470.8,4.118,2470.8,0.2308802308802308,4.118,2469.767999999999,Medium Value
0,51,20.65,1020.75,False,False,False,True,False,False,False,True,True,False,True,False,True,False,True,False,True,False,True,False,False,True,False,False,False,False,19.629807692307693,1053.15,0.3971153846153846,1053.15,2.355658198614319,0.3971153846153846,1053.1910000000007,Low Value
0,4,61.45,229.55,True,True,True,True,False,False,False,False,False,False,False,False,False,False,False,True,False,False,False,True,False,False,False,True,False,False,45.91,245.8,12.29,245.8,0.0640512409927942,12.29,246.016,Low Value
0,23,59.7,1414.2,True,True,True,True,False,True,False,False,False,False,False,True,False,False,False,True,False,False,False,False,False,True,False,False,False,True,58.925,1373.1,2.4875000000000003,1373.1,0.3789126853377265,2.4875000000000003,1373.478,Low Value
0,30,86.45,2538.05,False,True,True,True,False,False,True,False,False,False,False,False,False,True,False,False,False,False,False,True,True,False,False,False,True,False,81.87258064516129,2593.5,2.7887096774193547,2593.5,0.3430531732418524,2.7887096774193547,2595.6220000000035,Medium Value
0,61,20.55,1252.0,True,True,False,True,False,False,False,True,True,False,True,False,True,False,True,False,True,False,True,False,True,False,True,True,False,False,20.193548387096776,1253.55,0.3314516129032258,1253.55,2.830626450116009,0.3314516129032258,1254.111000000002,Low Value
0,31,20.9,689.35,False,False,False,True,False,False,False,True,True,False,True,False,True,False,True,False,True,False,True,False,False,True,False,True,False,False,21.5421875,647.9,0.653125,647.9,1.4155251141552512,0.653125,648.7984999999996,Low Value
0,1,69.6,69.6,True,False,False,True,False,False,True,False,False,False,False,False,False,False,False,False,False,False,False,False,False,False,True,False,True,False,34.8,69.6,34.8,69.6,0.0141643059490085,34.8,69.5910000000001,Low Value
0,4,20.35,76.35,False,True,True,True,False,False,False,True,True,False,True,False,True,False,True,False,True,False,True,False,False,False,False,False,False,True,15.27,81.4,4.07,81.4,0.1873536299765807,4.07,81.48249999999997,Low Value
0,14,76.45,1117.55,True,False,False,True,False,False,True,False,False,False,False,False,False,True,False,False,False,False,False,False,False,False,False,False,True,False,74.50333333333333,1070.3,5.096666666666667,1070.3,0.1807617817947062,5.096666666666667,1070.6120000000017,Low Value
0,50,104.4,5232.9,False,True,False,True,False,True,True,False,False,True,False,False,False,True,False,False,False,True,False,True,True,False,True,False,False,True,102.60588235294117,5220.0,2.047058823529412,5220.0,0.4743833017077798,2.047058823529412,5217.3115,High Value
0,6,69.1,435.0,True,False,False,True,False,False,True,False,False,False,False,False,False,False,False,False,False,False,False,False,False,False,True,False,True,False,62.142857142857146,414.6,9.87142857142857,414.6,0.0855920114122682,9.87142857142857,413.9579999999998,Low Value
0,15,85.9,1269.55,False,False,True,True,False,False,True,False,False,False,False,True,False,False,False,False,False,False,False,True,False,False,True,False,False,False,79.346875,1288.5,5.36875,1288.5,0.1726121979286536,5.36875,1288.4970000000012,Low Value
0,54,70.15,3715.65,False,True,False,True,False,True,False,False,False,False,False,False,False,False,False,False,False,True,False,True,True,False,True,True,False,False,67.55727272727273,3788.1,1.2754545454545456,3788.1,0.7589599437807448,1.2754545454545456,3787.3315000000002,Medium Value
1,52,110.75,5832.0,True,False,False,True,False,True,True,False,False,False,False,True,False,True,False,True,False,True,False,True,False,False,True,False,True,False,110.0377358490566,5759.0,2.089622641509434,5759.0,0.465324384787472,2.089622641509434,5757.102999999998,High Value
0,30,100.2,2983.8,False,False,False,True,False,True,True,False,False,False,False,True,False,False,False,False,False,True,False,True,False,False,True,False,True,False,96.25161290322582,3006.0,3.232258064516129,3006.0,0.2964426877470356,3.232258064516129,3006.964499999999,Medium Value
0,3,50.15,168.15,True,True,True,True,False,False,False,False,False,False,False,False,False,True,False,False,False,False,False,False,False,False,True,False,True,False,42.0375,150.45,12.5375,150.45,0.0586510263929618,12.5375,150.46850000000012,Low Value
0,31,54.35,1647.0,True,True,True,True,False,False,False,False,False,False,False,False,False,True,False,True,False,False,False,False,False,False,False,False,False,True,51.46875,1684.85,1.6984375,1684.85,0.5600722673893406,1.6984375,1684.2430000000008,Low Value
1,58,45.3,2651.2,True,True,False,False,True,False,False,False,False,False,False,True,False,True,False,False,False,False,False,True,False,False,True,False,True,False,44.93559322033898,2627.3999999999996,0.7677966101694915,2627.3999999999996,1.2526997840172789,0.7677966101694915,2626.600999999999,Medium Value
0,72,60.0,4264.0,False,True,True,False,True,False,False,False,False,False,False,True,False,True,False,True,False,True,False,True,False,True,True,False,True,False,58.41095890410959,4320.0,0.821917808219178,4320.0,1.180327868852459,0.821917808219178,4319.540499999996,Medium Value
0,15,51.55,765.5,True,False,False,True,False,True,False,False,False,False,False,False,False,False,False,False,False,False,False,False,False,False,False,False,True,False,47.84375,773.25,3.221875,773.25,0.285442435775452,3.221875,773.9624999999992,Low Value
0,14,55.7,795.15,False,False,False,True,False,False,False,False,False,True,False,False,False,False,False,True,False,False,False,False,True,False,False,False,False,True,53.01,779.8000000000001,3.713333333333334,779.8000000000001,0.2469135802469135,3.713333333333334,780.6079999999998,Low Value
1,1,74.45,74.45,False,False,False,True,False,True,True,False,False,False,False,False,False,False,False,False,False,False,False,False,False,False,True,False,False,True,37.225,74.45,37.225,74.45,0.0132538104705102,37.225,74.40249999999996,Low Value
0,60,23.95,1506.4,True,True,True,True,False,True,False,True,True,False,True,False,True,False,True,False,True,False,True,False,True,False,False,True,False,False,24.695081967213117,1437.0,0.3926229508196721,1437.0,2.404809619238477,0.3926229508196721,1437.7900000000002,Low Value
0,21,19.8,350.1,True,True,True,True,False,False,False,True,True,False,True,False,True,False,True,False,True,False,True,False,True,False,False,False,False,True,15.913636363636364,415.8,0.9,415.8,1.0096153846153846,0.9,415.55399999999986,Low Value
1,33,100.6,3270.25,True,True,False,True,False,True,True,False,False,False,False,True,False,False,False,False,False,True,False,True,False,False,True,False,False,False,96.18382352941175,3319.7999999999997,2.9588235294117644,3319.7999999999997,0.3248031496062992,2.9588235294117644,3319.6424999999963,Medium Value
0,65,89.75,5769.6,True,True,False,True,False,True,True,False,False,True,False,True,False,True,False,False,False,False,False,False,True,False,False,False,True,False,87.41818181818182,5833.75,1.3598484848484849,5833.75,0.7162534435261708,1.3598484848484849,5832.743,High Value
1,67,60.95,4119.4,True,True,False,True,False,False,False,False,False,True,False,True,False,False,False,True,False,False,False,False,True,False,True,False,False,False,60.579411764705874,4083.65,0.8963235294117647,4083.65,1.0815173527037931,0.8963235294117647,4084.8085000000015,Medium Value
1,9,84.45,762.5,False,False,False,True,False,True,True,False,False,False,False,False,False,False,False,False,False,False,False,True,False,False,True,False,True,False,76.25,760.0500000000001,8.445,760.0500000000001,0.1053247513165593,8.445,759.8605,Low Value
1,28,51.0,1381.8,True,True,True,True,False,True,False,False,False,False,False,False,False,False,False,False,False,False,False,False,True,False,True,False,True,False,47.64827586206896,1428.0,1.7586206896551724,1428.0,0.5384615384615384,1.7586206896551724,1426.6075,Low Value
0,32,98.85,3089.6,False,True,True,True,False,True,True,False,False,False,False,True,False,False,False,False,False,True,False,True,False,False,True,False,True,False,93.62424242424242,3163.2,2.995454545454545,3163.2,0.3204807210816224,2.995454545454545,3162.954500000003,Medium Value
0,68,103.25,7074.4,True,True,True,True,False,False,True,False,False,True,False,True,False,True,False,False,False,True,False,True,False,True,True,True,False,False,102.52753623188406,7021.0,1.4963768115942029,7021.0,0.6522781774580336,1.4963768115942029,7025.757,High Value
0,26,90.1,2312.55,False,True,False,True,False,True,False,False,False,True,False,True,False,True,False,True,False,True,False,True,True,False,True,True,False,False,85.65,2342.6,3.337037037037037,2342.6,0.2854006586169045,3.337037037037037,2339.3370000000004,Medium Value
0,3,44.3,134.5,False,True,True,True,False,False,False,False,False,False,False,False,False,False,False,False,False,False,False,False,False,False,False,False,False,True,33.625,132.89999999999998,11.075,132.89999999999998,0.0662251655629139,11.075,132.5259999999998,Low Value
0,69,26.0,1796.55,True,True,True,True,False,True,False,True,True,False,True,False,True,False,True,False,True,False,True,False,False,True,True,False,False,False,25.665,1794.0,0.3714285714285714,1794.0,2.5555555555555554,0.3714285714285714,1795.2305000000006,Low Value
0,36,95.0,3440.25,True,True,False,True,False,True,True,False,False,False,False,False,False,False,False,False,False,True,False,True,False,False,True,False,False,False,92.97972972972973,3420.0,2.5675675675675675,3420.0,0.375,2.5675675675675675,3421.2505,Medium Value
0,52,63.25,3342.45,True,False,False,True,False,False,False,False,False,True,False,True,False,False,False,False,False,True,False,False,False,True,True,True,False,False,63.06509433962264,3289.0,1.1933962264150944,3289.0,0.8093385214007782,1.1933962264150944,3292.3169999999996,Medium Value
1,34,64.2,2106.3,False,True,False,True,False,False,False,False,False,False,False,False,False,True,False,True,False,True,False,False,True,False,False,False,False,False,60.18000000000001,2182.8,1.8342857142857143,2182.8,0.5214723926380368,1.8342857142857143,2182.9345000000017,Medium Value
0,50,108.55,5610.7,False,True,False,True,False,True,True,False,False,True,False,True,False,False,False,True,False,True,False,True,True,False,False,False,True,False,110.01372549019608,5427.5,2.1284313725490196,5427.5,0.4564125969876769,2.1284313725490196,5429.467500000004,High Value
1,30,74.85,2181.75,True,True,False,True,False,True,False,False,False,False,False,False,False,True,False,False,False,True,False,True,False,True,False,False,True,False,70.37903225806451,2245.5,2.414516129032258,2245.5,0.3955174686882004,2.414516129032258,2244.265000000002,Medium Value
0,69,25.6,1673.4,False,True,True,True,False,True,False,True,True,False,True,False,True,False,True,False,True,False,True,False,False,True,True,False,False,False,23.90571428571429,1766.4,0.3657142857142857,1766.4,2.5939849624060147,0.3657142857142857,1765.5085000000024,Low Value
0,4,91.65,365.4,False,True,False,True,False,True,True,False,False,False,False,True,False,False,False,False,False,True,False,False,False,False,True,False,True,False,73.08,366.6,18.33,366.6,0.0431732325957906,18.33,366.0424999999998,Low Value
0,67,84.8,5598.3,False,True,True,True,False,False,True,False,False,True,False,True,False,True,False,False,False,False,False,False,True,False,False,False,False,False,82.32794117647059,5681.599999999999,1.2470588235294118,5681.599999999999,0.7808857808857809,1.2470588235294118,5680.348499999997,High Value
0,14,71.0,914.0,False,False,False,True,False,False,True,False,False,False,False,False,False,False,False,False,False,False,False,False,False,False,True,True,False,False,60.93333333333333,994.0,4.733333333333333,994.0,0.1944444444444444,4.733333333333333,992.9550000000008,Low Value
0,53,20.8,1021.8,False,True,False,True,False,False,False,True,True,False,True,False,True,False,True,False,True,False,True,False,True,False,False,False,False,False,18.92222222222222,1102.4,0.3851851851851852,1102.4,2.4311926605504586,0.3851851851851852,1101.2960000000003,Low Value
1,72,109.75,7932.5,True,True,False,True,False,True,True,False,False,False,False,True,False,True,False,True,False,True,False,True,False,True,True,False,False,False,108.66438356164385,7902.0,1.5034246575342465,7902.0,0.6501128668171557,1.5034246575342465,7900.773500000002,High Value
0,46,19.95,907.05,True,False,False,True,False,False,False,True,True,False,True,False,True,False,True,False,True,False,True,False,False,True,False,False,True,False,19.29893617021277,917.7,0.4244680851063829,917.7,2.195704057279237,0.4244680851063829,917.457,Low Value
0,71,19.85,1326.35,False,True,True,True,False,False,False,True,True,False,True,False,True,False,True,False,True,False,True,False,False,True,False,False,False,False,18.421527777777776,1409.35,0.2756944444444444,1409.35,3.4052757793764985,0.2756944444444444,1408.8855000000012,Low Value
0,22,78.85,1600.25,True,False,False,True,False,True,True,False,False,False,False,True,False,False,False,False,False,False,False,False,False,False,True,False,False,True,69.57608695652173,1734.6999999999998,3.428260869565217,1734.6999999999998,0.2755165936130244,3.428260869565217,1734.2135000000012,Low Value
0,17,78.9,1348.95,False,True,False,True,False,True,True,False,False,True,False,False,False,False,False,False,False,False,False,False,False,False,False,False,True,False,74.94166666666666,1341.3000000000002,4.383333333333334,1341.3000000000002,0.2127659574468084,4.383333333333334,1341.5254999999995,Low Value
1,32,96.15,3019.25,True,False,False,True,False,True,True,False,False,False,False,False,False,False,False,False,False,True,False,True,False,False,True,True,False,False,91.49242424242424,3076.8,2.913636363636364,3076.8,0.3293875450334534,2.913636363636364,3078.8564999999967,Medium Value
0,9,69.05,651.5,False,False,False,True,False,False,True,False,False,False,False,False,False,False,False,False,False,False,False,False,False,False,False,False,True,False,65.15,621.4499999999999,6.904999999999999,621.4499999999999,0.1284796573875803,6.904999999999999,621.1459999999997,Low Value
0,23,24.8,615.35,False,False,False,True,False,True,False,True,True,False,True,False,True,False,True,False,True,False,True,False,True,False,False,True,False,False,25.639583333333334,570.4,1.0333333333333334,570.4,0.8914728682170543,1.0333333333333334,569.8830000000004,Low Value
0,47,73.6,3522.65,True,True,False,True,False,False,False,False,False,False,False,True,False,True,False,False,False,True,False,True,False,True,False,False,True,False,73.38854166666667,3459.2,1.5333333333333332,3459.2,0.6300268096514746,1.5333333333333332,3461.753999999998,Medium Value
0,60,80.6,4946.7,False,True,True,True,False,False,False,False,False,False,False,True,False,True,False,True,False,True,False,True,False,True,True,False,False,False,81.09344262295082,4836.0,1.321311475409836,4836.0,0.7352941176470589,1.321311475409836,4837.233,Medium Value
0,50,39.45,2021.35,True,True,True,False,True,False,False,False,False,True,False,False,False,False,False,False,False,True,False,False,False,False,True,True,False,False,39.634313725490195,1972.5,0.7735294117647059,1972.5,1.2360939431396785,0.7735294117647059,1970.8490000000008,Low Value
1,66,105.95,6975.25,False,True,False,True,False,True,True,False,False,False,False,False,False,True,False,True,False,True,False,True,True,False,True,True,False,False,104.10820895522389,6992.7,1.5813432835820895,6992.7,0.6171107994389902,1.5813432835820895,6995.997000000003,High Value
1,54,110.45,6077.75,True,True,False,True,False,True,True,False,False,False,False,True,False,True,False,True,False,True,False,True,False,True,True,False,True,False,110.50454545454544,5964.3,2.0081818181818183,5964.3,0.484522207267833,2.0081818181818183,5965.356000000003,High Value
0,72,24.1,1734.65,True,True,True,True,False,True,False,True,True,False,True,False,True,False,True,False,True,False,True,False,False,True,False,True,False,False,23.76232876712329,1735.2,0.3301369863013699,1735.2,2.8685258964143423,0.3301369863013699,1735.2125000000008,Low Value
0,1,79.35,79.35,False,False,True,True,False,False,True,False,False,False,False,False,False,False,False,False,False,True,False,False,False,False,True,False,True,False,39.675,79.35,39.675,79.35,0.0124455507156191,39.675,79.30850000000002,Low Value
0,1,44.15,44.15,False,False,False,True,False,False,False,False,False,False,False,False,False,False,False,False,False,False,False,False,False,False,False,False,False,False,22.075,44.15,22.075,44.15,0.0221483942414175,22.075,44.12400000000003,Low Value
0,16,68.25,1114.85,False,True,True,True,False,False,False,False,False,True,False,True,False,False,False,True,False,False,False,True,False,True,False,False,False,False,65.57941176470588,1092.0,4.014705882352941,1092.0,0.2310469314079422,4.014705882352941,1093.0304999999994,Low Value
0,34,65.0,2157.5,False,False,False,True,False,True,False,False,False,False,False,False,False,False,False,True,False,True,False,False,False,False,False,False,False,True,61.642857142857146,2210.0,1.8571428571428572,2210.0,0.5151515151515151,1.8571428571428572,2208.903999999999,Medium Value
0,3,83.75,247.25,False,False,False,True,False,False,True,False,False,False,False,True,False,False,False,False,False,True,False,False,False,False,False,False,True,False,61.8125,251.25,20.9375,251.25,0.0353982300884955,20.9375,251.58600000000007,Low Value
0,12,78.95,927.35,False,False,False,True,False,True,True,False,False,True,False,False,False,False,False,False,False,False,False,False,False,False,True,False,True,False,71.33461538461539,947.4,6.073076923076924,947.4,0.1500938086303939,6.073076923076924,946.8579999999992,Low Value
1,5,74.35,334.8,False,True,False,True,False,True,True,False,False,False,False,False,False,False,False,False,False,False,False,False,False,False,True,False,True,False,55.8,371.75,12.391666666666666,371.75,0.06635700066357,12.391666666666666,372.5849999999999,Low Value
0,1,50.65,50.65,True,False,False,True,False,False,False,False,False,False,False,True,False,False,False,False,False,False,False,False,False,False,False,False,False,True,25.325,50.65,25.325,50.65,0.0193610842207163,25.325,50.652499999999975,Low Value
1,59,50.25,2997.45,True,True,False,False,True,False,False,False,False,False,False,True,False,False,False,False,False,True,False,True,False,False,True,False,True,False,49.9575,2964.75,0.8375,2964.75,1.151219512195122,0.8375,2959.1845000000003,Medium Value
0,26,80.5,2088.8,True,False,False,True,False,True,True,False,False,False,False,False,False,False,False,True,False,False,False,False,False,False,True,False,True,False,77.36296296296297,2093.0,2.9814814814814814,2093.0,0.3190184049079754,2.9814814814814814,2094.4760000000006,Medium Value
0,1,20.3,20.3,False,True,False,True,False,False,False,True,True,False,True,False,True,False,True,False,True,False,True,False,False,False,True,False,False,False,10.15,20.3,10.15,20.3,0.0469483568075117,10.15,20.29999999999997,Low Value
0,71,104.65,7288.4,True,True,True,True,False,False,True,False,False,True,False,True,False,True,False,False,False,True,False,True,True,False,True,False,False,False,101.22777777777776,7430.150000000001,1.4534722222222225,7430.150000000001,0.6720302886890677,1.4534722222222225,7428.723500000004,High Value
0,63,19.15,1177.05,True,True,True,True,False,False,False,True,True,False,True,False,True,False,True,False,True,False,True,False,False,True,True,False,False,True,18.39140625,1206.4499999999998,0.29921875,1206.4499999999998,3.126550868486353,0.29921875,1206.3779999999983,Low Value
0,18,20.45,357.0,False,True,True,True,False,False,False,True,True,False,True,False,True,False,True,False,True,False,True,False,False,False,False,False,False,True,18.789473684210527,368.1,1.076315789473684,368.1,0.8391608391608392,1.076315789473684,366.9559999999999,Low Value
0,14,86.0,1164.05,False,False,True,True,False,True,True,False,False,True,False,False,False,False,False,True,False,False,False,False,False,False,True,False,False,True,77.60333333333332,1204.0,5.733333333333333,1204.0,0.160919540229885,5.733333333333333,1203.426499999999,Low Value
0,64,92.85,5980.75,False,True,True,True,False,True,True,False,False,False,False,True,False,True,False,False,False,False,False,True,True,False,True,False,True,False,92.01153846153846,5942.4,1.4284615384615384,5942.4,0.6819392647842302,1.4284615384615384,5942.182000000003,High Value
0,56,98.0,5270.6,False,True,False,True,False,True,True,False,False,True,False,False,False,False,False,False,False,True,False,True,True,False,True,False,True,False,92.46666666666668,5488.0,1.719298245614035,5488.0,0.5656565656565656,1.719298245614035,5484.376499999999,High Value
0,26,39.95,1023.75,True,False,True,False,True,False,False,False,False,False,False,True,False,False,False,False,False,True,False,False,True,False,True,False,False,False,37.916666666666664,1038.7,1.4796296296296296,1038.7,0.6349206349206349,1.4796296296296296,1037.4814999999992,Low Value
0,54,65.3,3512.9,True,False,False,True,False,False,False,False,False,True,False,True,False,False,False,False,False,True,False,False,False,True,True,False,False,False,63.870909090909095,3526.2,1.1872727272727273,3526.2,0.8144796380090498,1.1872727272727273,3526.253000000001,Medium Value
0,3,55.8,154.55,True,True,False,True,False,False,False,False,False,False,False,False,False,True,False,True,False,False,False,False,False,False,True,False,False,True,38.6375,167.39999999999998,13.95,167.39999999999998,0.0528169014084507,13.95,167.65600000000023,Low Value
0,2,34.7,62.25,False,False,False,False,True,False,False,False,False,False,False,False,False,False,False,False,False,False,False,True,False,False,True,False,True,False,20.75,69.4,11.566666666666668,69.4,0.0560224089635854,11.566666666666668,68.72799999999991,Low Value
0,40,78.85,3126.85,False,True,False,True,False,True,True,False,False,False,False,False,False,False,False,True,False,False,False,False,False,False,True,True,False,False,76.26463414634146,3154.0,1.923170731707317,3154.0,0.5009392611145899,1.923170731707317,3152.0129999999986,Medium Value
0,28,90.1,2598.95,False,True,True,True,False,False,True,False,False,False,False,False,False,False,False,False,False,True,False,True,True,False,True,False,False,False,89.61896551724138,2522.7999999999997,3.106896551724138,2522.7999999999997,0.3073545554335894,3.106896551724138,2524.638499999998,Medium Value
0,22,104.6,2180.55,True,True,False,True,False,False,True,False,False,True,False,True,False,False,False,True,False,True,False,True,False,False,True,False,True,False,94.80652173913045,2301.2,4.547826086956522,2301.2,0.2083333333333333,4.547826086956522,2300.337000000001,Medium Value
0,69,23.95,1713.1,True,False,False,True,False,True,False,True,True,False,True,False,True,False,True,False,True,False,True,False,False,True,False,False,False,False,24.47285714285714,1652.55,0.3421428571428571,1652.55,2.7655310621242486,0.3421428571428571,1652.345000000001,Low Value
0,27,49.85,1336.15,False,True,True,True,False,False,False,False,False,False,False,True,False,False,False,False,False,False,False,False,False,False,False,False,False,True,47.71964285714286,1345.95,1.780357142857143,1345.95,0.5309734513274336,1.780357142857143,1344.8865000000017,Low Value
0,71,66.8,4689.15,False,True,False,False,True,False,False,False,False,True,False,True,False,True,False,True,False,True,False,True,True,False,False,False,False,False,65.12708333333333,4742.8,0.9277777777777776,4742.8,1.047197640117994,0.9277777777777776,4743.4725,Medium Value
0,62,70.75,4263.45,False,True,True,True,False,False,False,False,False,True,False,False,False,True,False,True,False,True,False,False,True,False,True,False,False,False,67.67380952380952,4386.5,1.123015873015873,4386.5,0.8641114982578397,1.123015873015873,4386.121000000001,Medium Value
0,1,19.3,19.3,True,False,True,True,False,False,False,True,True,False,True,False,True,False,True,False,True,False,True,False,False,False,True,False,False,True,9.65,19.3,9.65,19.3,0.0492610837438423,9.65,19.290499999999973,Low Value
0,37,19.8,726.1,True,True,True,True,False,False,False,True,True,False,True,False,True,False,True,False,True,False,True,False,False,True,False,False,False,False,19.107894736842105,732.6,0.5210526315789474,732.6,1.7788461538461535,0.5210526315789474,732.6109999999998,Low Value
0,49,56.3,2780.6,False,True,False,False,True,False,False,False,False,False,False,True,False,False,False,True,False,True,False,True,True,False,True,True,False,False,55.611999999999995,2758.7,1.126,2758.7,0.8551483420593369,1.126,2754.056000000003,Medium Value
1,41,53.95,2215.4,True,True,False,False,True,False,False,False,False,False,False,True,False,True,False,False,False,True,False,True,False,False,True,False,True,False,52.74761904761905,2211.9500000000003,1.2845238095238096,2211.9500000000003,0.7461328480436761,1.2845238095238096,2210.0675,Medium Value
0,63,108.25,6780.1,False,False,False,True,False,True,True,False,False,True,False,True,False,True,False,False,False,True,False,True,False,False,False,True,False,False,105.9390625,6819.75,1.69140625,6819.75,0.5766590389016019,1.69140625,6821.801500000002,High Value
0,17,88.25,1460.65,False,True,True,True,False,True,True,False,False,False,False,False,False,True,False,False,False,True,False,False,False,False,False,False,True,False,81.14722222222223,1500.25,4.902777777777778,1500.25,0.1904761904761904,4.902777777777778,1500.5714999999993,Low Value
0,1,19.45,19.45,True,False,True,True,False,False,False,True,True,False,True,False,True,False,True,False,True,False,True,False,False,False,True,False,False,True,9.725,19.45,9.725,19.45,0.0488997555012225,9.725,19.45050000000003,Low Value
1,55,98.8,5617.75,True,False,False,True,False,True,True,False,False,True,False,False,False,False,False,False,False,True,False,True,False,False,True,False,True,False,100.31696428571428,5434.0,1.7642857142857142,5434.0,0.5511022044088176,1.7642857142857142,5431.096000000002,High Value
0,22,69.25,1554.0,False,True,False,True,False,False,True,False,False,False,False,False,False,False,False,False,False,False,False,False,False,False,True,False,True,False,67.56521739130434,1523.5,3.010869565217391,1523.5,0.3131672597864768,3.010869565217391,1524.1444999999994,Low Value
0,15,45.9,693.45,False,False,False,False,True,False,False,False,False,True,False,True,False,True,False,True,False,False,False,False,True,False,False,False,False,True,43.340625,688.5,2.86875,688.5,0.3198294243070362,2.86875,688.232,Low Value
0,35,19.25,617.65,False,False,False,True,False,False,False,True,True,False,True,False,True,False,True,False,True,False,True,False,False,False,False,False,False,False,17.156944444444445,673.75,0.5347222222222222,673.75,1.728395061728395,0.5347222222222222,673.6185,Low Value
0,1,20.2,20.2,True,False,False,True,False,False,False,True,True,False,True,False,True,False,True,False,True,False,True,False,False,False,True,False,False,True,10.1,20.2,10.1,20.2,0.0471698113207547,10.1,20.20000000000003,Low Value
0,69,35.75,2492.25,True,False,False,False,True,False,False,False,False,False,False,True,False,True,False,False,False,False,False,False,True,False,True,False,False,False,35.60357142857143,2466.75,0.5107142857142857,2466.75,1.8775510204081631,0.5107142857142857,2467.6749999999993,Medium Value
0,63,81.55,5029.05,False,True,False,True,False,True,True,False,False,False,False,True,False,False,False,False,False,False,False,False,False,False,True,False,False,False,78.57890625,5137.65,1.27421875,5137.65,0.7631738340399759,1.27421875,5137.525500000006,High Value
0,58,94.3,5610.15,False,True,False,True,False,True,True,False,False,False,False,True,False,True,False,False,False,False,False,True,True,False,True,False,True,False,95.0872881355932,5469.4,1.5983050847457627,5469.4,0.608604407135362,1.5983050847457627,5473.249499999996,High Value
0,66,25.45,1699.15,True,False,False,True,False,True,False,True,True,False,True,False,True,False,True,False,True,False,True,False,True,False,False,False,False,False,25.36044776119403,1679.7,0.3798507462686567,1679.7,2.4952741020793954,0.3798507462686567,1680.611000000001,Low Value
0,43,99.3,4209.95,False,True,True,True,False,True,True,False,False,False,False,False,False,True,False,False,False,True,False,True,False,False,True,False,False,False,95.6806818181818,4269.9,2.256818181818182,4269.9,0.4287138584247258,2.256818181818182,4275.470499999999,Medium Value
0,26,38.85,1025.15,False,True,True,False,True,False,False,False,False,True,False,True,False,False,False,True,False,False,False,False,False,False,False,True,False,False,37.96851851851852,1010.1,1.4388888888888889,1010.1,0.6524466750313676,1.4388888888888889,1009.4664999999998,Low Value
0,56,103.2,5873.75,True,True,True,True,False,True,True,False,False,False,False,False,False,True,False,True,False,True,False,True,False,True,True,False,True,False,103.04824561403508,5779.2,1.8105263157894735,5779.2,0.5374280230326296,1.8105263157894735,5779.253500000003,High Value
1,68,95.9,6503.2,True,False,False,True,False,True,True,False,False,False,False,True,False,True,False,False,False,False,False,True,False,False,True,False,True,False,94.24927536231884,6521.200000000001,1.3898550724637682,6521.200000000001,0.7017543859649122,1.3898550724637682,6522.464,High Value
0,18,55.95,1082.8,False,True,True,True,False,False,False,False,False,False,False,False,False,False,False,False,False,True,False,False,False,False,False,False,False,True,56.98947368421052,1007.1,2.944736842105263,1007.1,0.3160667251975417,2.944736842105263,1007.2565,Low Value
0,34,62.65,2274.9,False,True,False,True,False,True,False,False,False,True,False,True,False,False,False,True,False,False,False,False,False,False,False,False,True,False,64.99714285714286,2130.1,1.79,2130.1,0.5341712490180676,1.79,2132.3860000000013,Medium Value
1,38,24.85,955.75,True,True,False,False,True,False,False,False,False,False,False,False,False,False,False,False,False,False,False,False,False,False,True,False,True,False,24.506410256410255,944.3,0.6371794871794872,944.3,1.4700193423597678,0.6371794871794872,943.7554999999992,Low Value
0,2,59.5,130.5,True,True,True,True,False,False,False,False,False,True,False,True,False,False,False,True,False,False,False,False,False,True,False,False,False,True,43.5,119.0,19.833333333333332,119.0,0.0330578512396694,19.833333333333332,118.96150000000021,Low Value
0,20,39.4,825.4,True,True,True,False,True,False,False,False,False,True,False,False,False,True,False,True,False,False,False,False,False,True,True,True,False,False,39.304761904761904,788.0,1.876190476190476,788.0,0.495049504950495,1.876190476190476,785.1699999999998,Low Value
0,64,70.15,4480.7,True,True,False,True,False,True,False,False,False,False,False,True,False,False,False,True,False,False,False,True,True,False,True,False,False,True,68.93384615384615,4489.6,1.0792307692307692,4489.6,0.8995080815179198,1.0792307692307692,4490.308999999997,Medium Value
1,56,94.8,5264.3,True,False,True,True,False,False,True,False,False,True,False,False,False,False,False,False,False,True,False,True,True,False,False,True,False,False,92.3561403508772,5308.8,1.663157894736842,5308.8,0.5845511482254697,1.663157894736842,5308.591000000003,High Value
0,68,20.5,1424.9,False,False,False,True,False,False,False,True,True,False,True,False,True,False,True,False,True,False,True,False,False,True,False,True,False,False,20.65072463768116,1394.0,0.2971014492753623,1394.0,3.1627906976744184,0.2971014492753623,1393.750500000001,Low Value
0,17,102.55,1742.5,True,True,False,True,False,True,True,False,False,False,False,True,False,True,False,False,False,True,False,True,False,False,True,False,True,False,96.80555555555556,1743.35,5.697222222222222,1743.35,0.1641718976339932,5.697222222222222,1743.0754999999979,Low Value
0,46,19.95,862.4,True,True,True,True,False,False,False,True,True,False,True,False,True,False,True,False,True,False,True,False,False,True,False,True,False,False,18.348936170212767,917.7,0.4244680851063829,917.7,2.195704057279237,0.4244680851063829,917.3945,Low Value
1,28,106.15,3152.5,False,False,False,True,False,True,True,False,False,False,False,True,False,True,False,False,False,True,False,True,False,False,True,False,True,False,108.70689655172414,2972.2000000000003,3.660344827586207,2972.2000000000003,0.2613159122725151,3.660344827586207,2968.178999999998,Medium Value
0,2,56.7,113.55,True,True,True,True,False,True,False,False,False,True,False,False,False,False,False,False,False,False,False,False,False,False,False,False,False,True,37.85,113.4,18.9,113.4,0.0346620450606585,18.9,113.71450000000006,Low Value
0,65,109.15,6941.2,True,False,False,True,False,True,True,False,False,False,False,True,False,True,False,True,False,True,False,True,False,False,True,False,True,False,105.16969696969696,7094.75,1.6537878787878788,7094.75,0.5901044030866999,1.6537878787878788,7091.411499999999,High Value
0,17,89.4,1539.45,True,True,True,True,False,False,True,False,False,True,False,False,False,True,False,False,False,True,False,False,False,False,True,False,True,False,85.525,1519.8000000000002,4.966666666666667,1519.8000000000002,0.1880530973451327,4.966666666666667,1519.7089999999994,Low Value
1,51,94.0,4905.75,True,False,False,True,False,False,True,False,False,False,False,False,False,True,False,False,False,True,False,True,True,False,True,False,False,False,94.34134615384616,4794.0,1.8076923076923077,4794.0,0.5368421052631579,1.8076923076923077,4792.879499999996,Medium Value
0,60,89.9,5450.7,True,False,False,True,False,True,True,False,False,False,False,True,False,False,False,False,False,True,False,False,False,False,True,False,False,False,89.35573770491803,5394.0,1.4737704918032788,5394.0,0.6600660066006601,1.4737704918032788,5396.0140000000065,High Value
0,16,73.85,1284.2,True,True,False,True,False,True,True,False,False,False,False,False,False,False,False,False,False,False,False,False,False,False,True,False,False,False,75.54117647058824,1181.6,4.344117647058823,1181.6,0.2137608550434201,4.344117647058823,1182.7719999999993,Low Value
1,24,78.85,1772.25,True,True,False,True,False,True,True,False,False,True,False,False,False,False,False,False,False,False,False,False,False,False,True,False,True,False,70.89,1892.4,3.154,1892.4,0.3005635566687539,3.154,1891.1775,Low Value
0,1,55.7,55.7,True,False,False,True,False,False,False,False,False,False,False,False,False,False,False,False,False,False,False,True,False,False,True,False,False,True,27.85,55.7,27.85,55.7,0.0176366843033509,27.85,55.687499999999964,Low Value
0,71,77.35,5550.1,False,False,False,True,False,False,False,False,False,True,False,True,False,True,False,True,False,True,False,False,False,True,False,True,False,False,77.08472222222223,5491.849999999999,1.0743055555555554,5491.849999999999,0.9061901723037652,1.0743055555555554,5488.684999999997,High Value
0,53,104.05,5566.4,False,True,True,True,False,True,True,False,False,True,False,True,False,True,False,True,False,False,False,True,False,True,True,False,False,False,103.08148148148148,5514.65,1.926851851851852,5514.65,0.504521656354117,1.926851851851852,5514.141499999998,High Value
0,18,60.6,1156.35,False,False,False,True,False,True,False,False,False,True,False,False,False,True,False,False,False,False,False,False,False,False,True,False,False,True,60.86052631578947,1090.8,3.1894736842105265,1090.8,0.2922077922077922,3.1894736842105265,1093.1764999999996,Low Value
0,67,106.6,7244.7,False,False,True,True,False,True,True,False,False,False,False,True,False,False,False,True,False,True,False,True,True,False,True,False,False,False,106.53970588235292,7142.2,1.5676470588235294,7142.2,0.6226765799256506,1.5676470588235294,7138.740999999996,High Value
1,4,94.3,424.45,False,False,False,True,False,True,True,False,False,False,False,False,False,False,False,False,False,True,False,True,False,False,True,False,True,False,84.89,377.2,18.86,377.2,0.0419727177334732,18.86,377.81549999999976,Low Value
0,10,29.5,255.25,True,False,False,False,True,False,False,False,False,False,False,False,False,True,False,False,False,False,False,False,False,False,False,False,False,True,23.204545454545453,295.0,2.6818181818181817,295.0,0.3278688524590163,2.6818181818181817,295.0325000000001,Low Value
0,43,24.25,1077.95,True,True,True,True,False,True,False,True,True,False,True,False,True,False,True,False,True,False,True,False,False,True,False,False,False,True,24.498863636363637,1042.75,0.5511363636363636,1042.75,1.702970297029703,0.5511363636363636,1042.9464999999989,Low Value
0,43,80.45,3398.9,False,True,False,True,False,True,True,False,False,False,False,True,False,False,False,False,False,False,False,False,False,False,False,False,True,False,77.24772727272727,3459.35,1.8284090909090909,3459.35,0.5279312461632903,1.8284090909090909,3461.2699999999986,Medium Value
0,60,53.6,3237.05,False,False,False,False,True,False,False,False,False,True,False,False,False,True,False,False,False,True,False,True,False,True,False,False,True,False,53.06639344262295,3216.0,0.878688524590164,3216.0,1.0989010989010988,0.878688524590164,3217.597,Medium Value
0,1,75.9,75.9,True,False,False,True,False,False,True,False,False,False,False,False,False,False,False,True,False,False,False,False,False,False,True,False,True,False,37.95,75.9,37.95,75.9,0.0130039011703511,37.95,75.88899999999998,Low Value
0,7,90.45,593.45,True,False,False,True,False,True,True,False,False,False,False,False,False,True,False,False,False,True,False,False,False,False,True,False,True,False,74.18125,633.15,11.30625,633.15,0.0765445598687807,11.30625,633.6864999999996,Low Value
0,21,90.05,1862.9,False,False,False,True,False,False,True,False,False,False,False,True,False,True,False,False,False,False,False,True,False,False,True,False,True,False,84.67727272727274,1891.05,4.093181818181818,1891.05,0.2306425041186161,4.093181818181818,1890.7124999999994,Low Value
1,1,50.15,50.15,True,False,True,True,False,False,False,False,False,False,False,False,False,True,False,False,False,False,False,False,False,False,True,False,False,True,25.075,50.15,25.075,50.15,0.0195503421309872,25.075,50.14199999999999,Low Value
0,5,74.65,383.65,True,False,False,True,False,False,True,False,False,False,False,True,False,False,False,False,False,False,False,False,False,False,True,False,True,False,63.94166666666666,373.25,12.441666666666668,373.25,0.0660938532716457,12.441666666666668,373.7014999999999,Low Value
0,36,92.9,3379.25,False,True,True,True,False,True,False,False,False,True,False,True,False,True,False,True,False,True,False,True,False,True,True,True,False,False,91.33108108108108,3344.4,2.510810810810811,3344.4,0.3833865814696485,2.510810810810811,3344.8234999999986,Medium Value
1,53,60.05,3229.65,True,True,False,True,False,True,False,False,False,True,False,False,False,False,False,True,False,False,False,False,True,False,True,False,True,False,59.80833333333334,3182.6499999999996,1.112037037037037,3182.6499999999996,0.8681408681408682,1.112037037037037,3183.3940000000002,Medium Value
1,1,74.45,74.45,False,True,False,True,False,True,True,False,False,False,False,False,False,False,False,False,False,False,False,False,False,False,True,False,True,False,37.225,74.45,37.225,74.45,0.0132538104705102,37.225,74.41749999999993,Low Value
0,53,94.45,5042.75,False,False,False,True,False,False,True,False,False,False,False,True,False,True,False,True,False,False,False,True,True,False,True,True,False,False,93.38425925925924,5005.85,1.7490740740740742,5005.85,0.5552645364064955,1.7490740740740742,5008.210500000002,High Value
0,50,75.7,3876.2,False,True,False,True,False,True,False,False,False,False,False,False,False,True,False,False,False,True,False,True,True,False,False,False,False,False,76.00392156862745,3785.0,1.484313725490196,3785.0,0.651890482398957,1.484313725490196,3782.427500000001,Medium Value
0,66,104.05,6890.0,True,True,False,True,False,True,True,False,False,False,False,True,False,False,False,True,False,True,False,True,True,False,True,False,True,False,102.8358208955224,6867.3,1.5529850746268656,6867.3,0.6282722513089005,1.5529850746268656,6864.570499999999,High Value
0,54,59.8,3246.45,False,True,True,True,False,True,False,False,False,False,False,True,False,True,False,False,False,False,False,False,False,True,True,False,False,False,59.026363636363634,3229.2,1.0872727272727272,3229.2,0.8881578947368421,1.0872727272727272,3229.6370000000006,Medium Value
0,28,19.55,543.8,False,True,True,True,False,False,False,True,True,False,True,False,True,False,True,False,True,False,True,False,False,False,True,False,False,False,18.75172413793103,547.4,0.6741379310344828,547.4,1.362530413625304,0.6741379310344828,547.2980000000002,Low Value
0,4,45.3,196.95,False,False,False,True,False,False,False,False,False,False,False,False,False,False,False,False,False,False,False,False,False,False,True,False,False,True,39.39,181.2,9.06,181.2,0.0863930885529157,9.06,181.39200000000005,Low Value
0,41,114.5,4527.45,False,False,False,True,False,True,True,False,False,True,False,True,False,True,False,True,False,True,False,True,False,False,True,False,False,False,107.79642857142856,4694.5,2.7261904761904763,4694.5,0.354978354978355,2.7261904761904763,4694.9355,Medium Value
0,30,66.3,1923.5,False,True,True,True,False,False,False,False,False,True,False,False,False,False,False,True,False,False,False,True,False,False,False,False,False,False,62.04838709677419,1989.0,2.138709677419355,1989.0,0.4457652303120357,2.138709677419355,1990.7905000000007,Low Value
1,1,25.2,25.2,False,False,False,False,True,False,False,False,False,False,False,False,False,False,False,False,False,False,False,False,False,False,True,False,True,False,12.6,25.2,12.6,25.2,0.0381679389312977,12.6,25.219000000000005,Low Value
0,54,109.55,6118.95,True,True,False,True,False,True,True,False,False,True,False,True,False,True,False,False,False,True,False,True,False,False,False,False,True,False,111.25363636363636,5915.7,1.9918181818181817,5915.7,0.4884667571234735,1.9918181818181817,5913.349999999998,High Value
0,8,19.6,125.0,True,True,True,True,False,False,False,True,True,False,True,False,True,False,True,False,True,False,True,False,False,True,False,True,False,False,13.88888888888889,156.8,2.177777777777778,156.8,0.3883495145631068,2.177777777777778,157.02100000000013,Low Value
1,55,113.6,6292.7,True,True,False,True,False,True,True,False,False,False,False,True,False,True,False,True,False,True,False,True,False,True,True,False,True,False,112.36964285714284,6248.0,2.0285714285714285,6248.0,0.4799301919720768,2.0285714285714285,6248.136499999997,High Value
0,63,19.5,1215.1,False,False,True,True,False,False,False,True,True,False,True,False,True,False,True,False,True,False,True,False,False,True,False,True,False,False,18.9859375,1228.5,0.3046875,1228.5,3.073170731707317,0.3046875,1228.595999999999,Low Value
0,68,79.6,5461.45,True,False,False,True,False,False,True,False,False,False,False,True,False,True,False,False,False,False,False,False,True,False,False,True,False,False,79.15144927536231,5412.799999999999,1.153623188405797,5412.799999999999,0.8436724565756825,1.153623188405797,5412.136500000001,High Value
0,2,71.65,135.75,False,True,True,True,False,False,True,False,False,False,False,False,False,False,False,False,False,False,False,False,False,False,True,False,True,False,45.25,143.3,23.883333333333336,143.3,0.0275292498279421,23.883333333333336,143.10399999999993,Low Value
0,6,20.6,116.6,True,False,False,True,False,False,False,True,True,False,True,False,True,False,True,False,True,False,True,False,True,False,False,False,False,True,16.657142857142855,123.6,2.942857142857143,123.6,0.2777777777777777,2.942857142857143,123.87599999999999,Low Value
0,13,75.0,999.45,False,False,False,True,False,True,True,False,False,False,False,False,False,False,False,False,False,False,False,False,False,False,True,False,False,True,71.38928571428572,975.0,5.357142857142857,975.0,0.1710526315789473,5.357142857142857,975.1945,Low Value
0,72,75.1,5336.35,True,False,False,True,False,False,False,False,False,True,False,True,False,True,False,True,False,True,False,False,False,True,True,False,False,False,73.10068493150685,5407.2,1.0287671232876712,5407.2,0.9461235216819974,1.0287671232876712,5405.141000000004,High Value
0,17,96.65,1588.25,True,True,False,True,False,False,True,False,False,False,False,False,False,True,False,False,False,True,False,True,True,False,True,False,False,False,88.23611111111111,1643.0500000000002,5.3694444444444445,1643.0500000000002,0.1740911418330773,5.3694444444444445,1642.3565000000015,Low Value
1,15,74.4,1074.3,True,False,False,True,False,False,True,False,False,False,False,True,False,False,False,False,False,False,False,False,False,False,True,False,True,False,67.14375,1116.0,4.65,1116.0,0.1989389920424403,4.65,1116.3234999999993,Low Value
1,65,95.45,6223.3,False,False,False,True,False,True,True,False,False,False,False,True,False,True,False,False,False,True,False,False,False,False,True,False,False,False,94.29242424242425,6204.25,1.4462121212121213,6204.25,0.673924313115604,1.4462121212121213,6206.388499999998,High Value
0,58,20.3,1131.5,True,False,False,True,False,False,False,True,True,False,True,False,True,False,True,False,True,False,True,False,False,True,False,True,False,False,19.177966101694917,1177.4,0.3440677966101695,1177.4,2.7230046948356805,0.3440677966101695,1177.1509999999987,Low Value
1,68,84.65,5683.6,True,True,True,True,False,True,True,False,False,False,False,True,False,True,False,False,False,False,False,False,False,False,True,False,True,False,82.37101449275363,5756.200000000001,1.2268115942028983,5756.200000000001,0.7939287799182719,1.2268115942028983,5757.834499999994,High Value
0,66,58.2,3810.8,False,True,True,True,False,False,False,False,False,True,False,True,False,False,False,True,False,False,False,False,False,True,True,True,False,False,56.87761194029851,3841.2,0.8686567164179105,3841.2,1.114864864864865,0.8686567164179105,3843.7365000000045,Medium Value
1,70,90.85,6470.1,False,True,False,True,False,True,True,False,False,True,False,False,False,False,False,False,False,False,False,True,False,False,True,False,True,False,91.1281690140845,6359.5,1.2795774647887324,6359.5,0.7621121393576484,1.2795774647887324,6358.474499999996,High Value
0,19,39.7,710.05,False,False,False,False,True,False,False,False,False,False,False,True,False,False,False,False,False,False,False,True,False,False,True,False,True,False,35.5025,754.3000000000001,1.985,754.3000000000001,0.4668304668304668,1.985,754.479,Low Value
0,17,54.6,934.8,True,True,False,False,True,False,False,False,False,False,False,False,False,True,False,True,False,True,False,True,True,False,False,False,True,False,51.93333333333333,928.2,3.033333333333333,928.2,0.3057553956834532,3.033333333333333,928.5639999999992,Low Value
0,22,100.75,2095.0,True,False,False,True,False,True,True,False,False,True,False,False,False,False,False,False,False,True,False,True,False,False,True,False,True,False,91.08695652173913,2216.5,4.380434782608695,2216.5,0.2162162162162162,4.380434782608695,2215.7784999999994,Medium Value
1,48,99.0,4744.35,True,False,False,True,False,True,True,False,False,False,False,True,False,False,False,False,False,True,False,True,True,False,True,False,True,False,96.82346938775513,4752.0,2.020408163265306,4752.0,0.48,2.020408163265306,4752.4565,Medium Value
0,63,90.45,5825.5,True,False,False,True,False,True,True,False,False,False,False,True,False,False,False,False,False,False,False,True,True,False,False,True,False,False,91.0234375,5698.35,1.41328125,5698.35,0.6889010388190268,1.41328125,5702.863499999998,High Value
0,67,93.15,6368.2,True,True,False,True,False,True,True,False,False,False,False,True,False,True,False,False,False,False,False,True,False,True,True,False,True,False,93.65,6241.05,1.3698529411764706,6241.05,0.7116303770578863,1.3698529411764706,6235.216499999993,High Value
1,67,107.05,7142.5,False,True,False,True,False,True,True,False,False,True,False,False,False,True,False,False,False,True,False,True,True,False,True,True,False,False,105.03676470588236,7172.349999999999,1.574264705882353,7172.349999999999,0.6200832947709394,1.574264705882353,7178.209999999997,High Value
0,67,25.25,1733.15,False,True,False,True,False,True,False,True,True,False,True,False,True,False,True,False,True,False,True,False,False,True,True,True,False,False,25.4875,1691.75,0.3713235294117647,1691.75,2.552380952380952,0.3713235294117647,1693.3255000000017,Low Value
0,4,100.85,399.25,False,False,False,True,False,True,True,False,False,False,False,False,False,False,False,True,False,True,False,True,False,False,True,False,False,True,79.85,403.4,20.17,403.4,0.039273441335297,20.17,403.57050000000004,Low Value
0,40,70.75,2921.75,True,True,False,True,False,True,False,False,False,False,False,True,False,False,False,True,False,True,False,False,True,False,False,True,False,False,71.26219512195122,2830.0,1.725609756097561,2830.0,0.5574912891986062,1.725609756097561,2829.8435,Medium Value
0,5,104.1,541.9,True,False,False,True,False,True,True,False,False,False,False,True,False,True,False,False,False,True,False,True,False,False,False,False,False,True,90.31666666666666,520.5,17.349999999999998,520.5,0.0475737392959086,17.349999999999998,520.4594999999999,Low Value
0,30,89.9,2723.15,True,False,False,True,False,True,True,False,False,False,False,False,False,False,False,True,False,False,False,True,False,False,True,True,False,False,87.84354838709677,2697.0,2.9000000000000004,2697.0,0.33003300330033,2.9000000000000004,2696.7499999999973,Medium Value
0,70,115.55,8127.6,False,False,False,True,False,True,True,False,False,True,False,True,False,True,False,True,False,True,False,True,True,False,False,True,False,False,114.47323943661972,8088.5,1.6274647887323943,8088.5,0.6006006006006006,1.6274647887323943,8097.879000000003,High Value
0,72,24.9,1859.2,False,True,True,True,False,True,False,True,True,False,True,False,True,False,True,False,True,False,True,False,False,True,False,False,False,True,25.46849315068493,1792.8,0.3410958904109589,1792.8,2.77992277992278,0.3410958904109589,1789.661000000001,Low Value
0,1,48.6,48.6,False,False,False,True,False,False,False,False,False,False,False,True,False,False,False,False,False,False,False,False,False,False,True,False,True,False,24.3,48.6,24.3,48.6,0.0201612903225806,24.3,48.66299999999999,Low Value
0,1,88.35,88.35,True,False,False,True,False,False,True,False,False,False,False,False,False,False,False,False,False,True,False,True,False,False,True,False,True,False,44.175,88.35,44.175,88.35,0.0111919418019026,44.175,88.65950000000002,Low Value
1,59,79.2,4590.35,False,False,False,True,False,True,True,False,False,False,False,True,False,False,False,False,False,False,False,False,False,True,True,True,False,False,76.50583333333334,4672.8,1.32,4672.8,0.7356608478802992,1.32,4675.940499999997,Medium Value
0,68,83.0,5685.8,False,True,True,True,False,True,True,False,False,False,False,False,False,False,False,False,False,True,False,False,True,False,True,False,True,False,82.40289855072464,5644.0,1.2028985507246377,5644.0,0.8095238095238095,1.2028985507246377,5646.4945,High Value
0,53,106.1,5769.75,False,True,False,True,False,False,True,False,False,True,False,True,False,True,False,False,False,True,False,True,True,False,True,False,False,False,106.84722222222224,5623.299999999999,1.9648148148148148,5623.299999999999,0.4948646125116713,1.9648148148148148,5622.142500000007,High Value
1,8,74.05,600.15,False,False,False,True,False,False,True,False,False,False,False,False,False,True,False,False,False,False,False,False,False,False,True,False,False,False,66.68333333333334,592.4,8.227777777777778,592.4,0.106595602931379,8.227777777777778,592.4929999999999,Low Value
0,7,78.5,571.05,False,False,False,True,False,False,False,False,False,True,False,True,False,False,False,True,False,True,False,True,False,False,True,False,True,False,71.38125,549.5,9.8125,549.5,0.0880503144654088,9.8125,549.5169999999996,Low Value
0,2,19.4,61.05,False,False,False,True,False,False,False,True,True,False,True,False,True,False,True,False,True,False,True,False,False,False,False,False,False,True,20.35,38.8,6.466666666666666,38.8,0.0980392156862745,6.466666666666666,38.75900000000002,Low Value
0,47,19.9,942.95,True,True,False,True,False,False,False,True,True,False,True,False,True,False,True,False,True,False,True,False,True,False,False,False,False,False,19.644791666666663,935.3,0.4145833333333333,935.3,2.248803827751196,0.4145833333333333,935.0229999999995,Low Value
0,2,90.35,190.5,False,True,False,True,False,False,True,False,False,True,False,True,False,False,False,False,False,True,False,False,False,False,False,False,True,False,63.5,180.7,30.116666666666664,180.7,0.0218938149972632,30.116666666666664,180.95449999999997,Low Value
0,51,80.75,4116.9,False,True,True,True,False,True,True,False,False,False,False,False,False,False,False,True,False,False,False,False,False,False,True,False,True,False,79.17115384615384,4118.25,1.5528846153846154,4118.25,0.6238532110091743,1.5528846153846154,4121.288000000001,Medium Value
0,18,68.35,1299.8,True,False,False,True,False,False,False,False,False,True,False,False,False,True,False,True,False,True,False,False,False,False,True,False,True,False,68.41052631578947,1230.3,3.5973684210526313,1230.3,0.2595529920692142,3.5973684210526313,1229.8145,Low Value
0,33,20.35,689.75,True,False,False,True,False,False,False,True,True,False,True,False,True,False,True,False,True,False,True,False,False,True,False,False,False,True,20.28676470588235,671.5500000000001,0.598529411764706,671.5500000000001,1.5456674473067915,0.598529411764706,671.6144999999996,Low Value
0,60,25.0,1505.05,False,False,False,True,False,True,False,True,True,False,True,False,True,False,True,False,True,False,True,False,False,True,False,False,False,True,24.67295081967213,1500.0,0.4098360655737705,1500.0,2.3076923076923075,0.4098360655737705,1499.9945000000016,Low Value
0,72,114.9,8496.7,False,False,False,True,False,True,True,False,False,True,False,True,False,True,False,True,False,True,False,True,False,True,True,False,True,False,116.39315068493153,8272.800000000001,1.573972602739726,8272.800000000001,0.6212251941328731,1.573972602739726,8272.647999999996,High Value
0,1,48.45,48.45,False,False,False,True,False,False,False,False,False,True,False,False,False,False,False,False,False,False,False,False,False,False,True,False,False,False,24.225,48.45,24.225,48.45,0.0202224469160768,24.225,48.643,Low Value
0,48,26.3,1245.05,True,True,True,True,False,True,False,True,True,False,True,False,True,False,True,False,True,False,True,False,False,True,False,False,False,False,25.409183673469386,1262.4,0.536734693877551,1262.4,1.7582417582417582,0.536734693877551,1261.898000000001,Low Value
0,7,34.5,279.25,True,True,True,False,True,False,False,False,False,True,False,False,False,False,False,True,False,False,False,False,False,False,True,False,True,False,34.90625,241.5,4.3125,241.5,0.1971830985915492,4.3125,241.6184999999998,Low Value
0,53,24.6,1279.0,True,False,False,True,False,True,False,True,True,False,True,False,True,False,True,False,True,False,True,False,False,True,False,False,False,True,23.685185185185187,1303.8000000000002,0.4555555555555556,1303.8000000000002,2.0703125,0.4555555555555556,1303.1249999999993,Low Value
1,46,59.9,2816.65,True,True,False,False,True,False,False,False,False,False,False,True,False,True,False,True,False,True,False,True,True,False,True,False,False,False,59.92872340425532,2755.4,1.274468085106383,2755.4,0.7553366174055829,1.274468085106383,2754.3175000000024,Medium Value
0,11,54.6,617.85,False,False,False,True,False,False,False,False,False,True,False,False,False,False,False,True,False,False,False,False,True,False,True,False,False,True,51.4875,600.6,4.55,600.6,0.197841726618705,4.55,599.8115,Low Value
1,2,95.5,181.65,True,True,False,True,False,False,True,False,False,False,False,False,False,True,False,False,False,True,False,True,False,False,True,True,False,False,60.55,191.0,31.833333333333332,191.0,0.0207253886010362,31.833333333333332,190.8295,Low Value
0,58,110.65,6526.65,False,True,False,True,False,True,True,False,False,True,False,True,False,True,False,False,False,True,False,True,True,False,True,True,False,False,110.62118644067796,6417.700000000001,1.8754237288135591,6417.700000000001,0.5194805194805194,1.8754237288135591,6414.100500000005,High Value
0,2,19.95,38.15,False,False,False,True,False,False,False,True,True,False,True,False,True,False,True,False,True,False,True,False,False,False,False,False,False,True,12.716666666666669,39.9,6.6499999999999995,39.9,0.0954653937947494,6.6499999999999995,39.93200000000004,Low Value
0,70,59.5,4144.8,True,True,True,False,True,False,False,False,False,True,False,False,False,True,False,True,False,True,False,True,False,True,False,False,False,False,58.3774647887324,4165.0,0.8380281690140845,4165.0,1.1570247933884297,0.8380281690140845,4165.7930000000015,Medium Value
0,7,69.45,477.05,False,True,True,True,False,False,False,False,False,True,False,True,False,True,False,False,False,True,False,False,True,False,False,False,True,False,59.63125,486.15,8.68125,486.15,0.0993612491128459,8.68125,486.17699999999974,Low Value
0,72,114.1,8086.4,True,True,False,True,False,True,True,False,False,True,False,True,False,True,False,True,False,True,False,True,False,True,True,True,False,False,110.77260273972604,8215.199999999999,1.5630136986301368,8215.199999999999,0.6255430060816681,1.5630136986301368,8205.3295,High Value
0,56,89.7,4952.95,True,True,False,True,False,False,True,False,False,False,False,False,False,False,False,False,False,True,False,True,False,False,False,False,False,True,86.8938596491228,5023.2,1.5736842105263158,5023.2,0.61742006615215,1.5736842105263158,5027.579000000001,High Value
0,72,94.25,6849.75,False,True,False,True,False,True,True,False,False,True,False,True,False,True,False,True,False,False,False,False,False,True,True,False,False,False,93.83219178082192,6786.0,1.2910958904109588,6786.0,0.7559055118110236,1.2910958904109588,6786.6575,High Value
0,42,78.45,3373.4,False,False,False,True,False,True,False,False,False,False,False,False,False,True,False,True,False,True,False,True,False,True,True,True,False,False,78.45116279069768,3294.9,1.8244186046511628,3294.9,0.5286343612334802,1.8244186046511628,3294.4654999999993,Medium Value
1,43,108.15,4600.7,False,False,False,True,False,False,True,False,False,True,False,True,False,False,False,True,False,True,False,True,False,False,True,True,False,False,104.56136363636364,4650.45,2.4579545454545455,4650.45,0.3939532753092075,2.4579545454545455,4650.5340000000015,Medium Value
0,18,20.05,358.5,True,False,False,True,False,False,False,True,True,False,True,False,True,False,True,False,True,False,True,False,False,False,False,False,False,True,18.86842105263158,360.9,1.055263157894737,360.9,0.8551068883610451,1.055263157894737,361.29250000000036,Low Value
0,30,84.3,2438.6,True,False,False,True,False,False,True,False,False,True,False,True,False,True,False,False,False,False,False,False,False,False,True,True,False,False,78.66451612903225,2529.0,2.7193548387096773,2529.0,0.3516998827667058,2.7193548387096773,2527.0819999999976,Medium Value
0,25,55.1,1466.1,True,True,True,True,False,True,False,False,False,False,False,False,False,False,False,True,False,False,False,False,True,False,True,False,False,True,56.388461538461534,1377.5,2.1192307692307693,1377.5,0.445632798573975,2.1192307692307693,1377.7190000000007,Low Value
0,9,95.9,827.45,True,False,False,True,False,False,True,False,False,False,False,False,False,False,False,True,False,True,False,True,False,False,True,False,False,False,82.745,863.1,9.59,863.1,0.0928792569659442,9.59,863.7554999999994,Low Value
0,71,106.7,7382.25,True,False,True,True,False,True,True,False,False,True,False,False,False,True,False,False,False,True,False,True,False,True,False,False,False,False,102.53125,7575.7,1.4819444444444445,7575.7,0.659238625812442,1.4819444444444445,7579.217500000002,High Value
0,71,66.85,4748.7,True,True,True,True,False,True,False,False,False,True,False,True,False,False,False,True,False,False,False,False,True,False,True,True,False,False,65.95416666666667,4746.349999999999,0.928472222222222,4746.349999999999,1.0464259395725868,0.928472222222222,4746.086499999999,Medium Value
0,71,84.8,6046.1,False,True,False,True,False,False,False,False,False,True,False,True,False,True,False,True,False,True,False,True,True,False,True,False,False,False,83.97361111111111,6020.8,1.1777777777777778,6020.8,0.8275058275058276,1.1777777777777778,6022.083000000001,High Value
0,58,66.8,3970.4,False,True,True,True,False,True,False,False,False,False,False,True,False,False,False,False,False,True,False,False,False,False,True,False,False,False,67.2949152542373,3874.4,1.1322033898305084,3874.4,0.8554572271386431,1.1322033898305084,3875.3014999999973,Medium Value
0,61,25.0,1498.35,False,False,True,True,False,True,False,True,True,False,True,False,True,False,True,False,True,False,True,False,False,True,True,True,False,False,24.166935483870965,1525.0,0.4032258064516129,1525.0,2.3461538461538463,0.4032258064516129,1524.6545000000003,Low Value
0,22,84.15,1821.95,False,False,False,True,False,True,True,False,False,False,False,False,False,False,False,False,False,True,False,False,False,False,True,False,False,False,79.21521739130435,1851.3,3.658695652173914,1851.3,0.2583675866118614,3.658695652173914,1853.2250000000013,Low Value
0,20,49.6,939.8,True,True,True,True,False,False,False,False,False,False,False,False,False,True,False,False,False,False,False,False,False,False,True,False,True,False,44.75238095238095,992.0,2.361904761904762,992.0,0.3952569169960474,2.361904761904762,992.391500000001,Low Value
0,26,20.65,595.5,True,False,False,True,False,False,False,True,True,False,True,False,True,False,True,False,True,False,True,False,True,False,True,True,False,False,22.055555555555557,536.9,0.7648148148148147,536.9,1.2009237875288683,0.7648148148148147,537.1605000000001,Low Value
0,30,83.55,2570.2,True,True,True,True,False,True,True,False,False,False,False,True,False,False,False,True,False,False,False,False,False,False,True,False,False,False,82.90967741935484,2506.5,2.6951612903225803,2506.5,0.3548196333530455,2.6951612903225803,2506.3909999999987,Medium Value
0,2,89.55,185.55,True,True,True,True,False,False,True,False,False,False,False,False,False,False,False,False,False,True,False,True,False,False,True,False,False,False,61.85,179.1,29.85,179.1,0.0220872446162341,29.85,179.17650000000015,Low Value
1,55,51.65,2838.55,False,True,False,True,False,True,False,False,False,False,False,False,False,False,False,False,False,False,False,False,False,False,False,False,False,False,50.68839285714286,2840.75,0.9223214285714284,2840.75,1.0446343779677114,0.9223214285714284,2842.9124999999967,Medium Value
0,69,60.25,4055.5,True,True,False,False,True,False,False,False,False,True,False,False,False,True,False,True,False,True,False,True,False,True,False,False,False,False,57.93571428571428,4157.25,0.8607142857142858,4157.25,1.126530612244898,0.8607142857142858,4157.997499999997,Medium Value
1,1,69.55,69.55,False,True,False,True,False,False,True,False,False,False,False,False,False,False,False,False,False,False,False,False,False,False,True,False,True,False,34.775,69.55,34.775,69.55,0.0141743444365698,34.775,69.55950000000011,Low Value
0,52,25.05,1270.25,False,True,True,True,False,True,False,True,True,False,True,False,True,False,True,False,True,False,True,False,False,True,True,False,False,False,23.96698113207547,1302.6,0.4726415094339622,1302.6,1.9961612284069097,0.4726415094339622,1303.0274999999997,Low Value
0,3,97.9,315.3,False,False,False,True,False,False,True,False,False,False,False,True,False,False,False,True,False,True,False,True,False,False,True,False,True,False,78.825,293.70000000000005,24.475,293.70000000000005,0.0303336703741152,24.475,294.089,Low Value
0,43,19.2,776.25,True,True,True,True,False,False,False,True,True,False,True,False,True,False,True,False,True,False,True,False,True,False,True,False,False,True,17.642045454545453,825.6,0.4363636363636363,825.6,2.128712871287129,0.4363636363636363,825.8489999999995,Low Value
1,17,100.45,1622.45,True,True,False,True,False,True,True,False,False,False,False,False,False,True,False,False,False,True,False,True,False,False,True,True,False,False,90.13611111111112,1707.65,5.580555555555556,1707.65,0.1675702316412025,5.580555555555556,1707.1470000000002,Low Value
0,26,59.45,1507.0,True,False,False,True,False,False,False,False,False,False,False,False,False,False,False,True,False,True,False,False,True,False,False,True,False,False,55.81481481481482,1545.7,2.201851851851852,1545.7,0.4301075268817204,2.201851851851852,1545.6149999999986,Low Value
0,9,89.45,853.1,False,True,False,True,False,False,True,False,False,False,False,False,False,False,False,False,False,True,False,True,False,False,False,False,True,False,85.31,805.0500000000001,8.945,805.0500000000001,0.099502487562189,8.945,805.0075000000007,Low Value
0,45,89.3,4192.15,False,False,False,True,False,True,True,False,False,False,False,False,False,True,False,False,False,False,False,True,False,False,True,True,False,False,91.1336956521739,4018.5,1.941304347826087,4018.5,0.4983388704318937,1.941304347826087,4019.8215,Medium Value
1,45,102.15,4735.35,False,False,False,True,False,True,True,False,False,False,False,False,False,True,False,False,False,True,False,True,True,False,True,False,False,False,102.94239130434784,4596.75,2.220652173913044,4596.75,0.4362578768783325,2.220652173913044,4596.282000000001,Medium Value
0,33,59.4,1952.8,False,False,False,True,False,True,False,False,False,True,False,False,False,False,False,True,False,False,False,False,True,False,False,False,True,False,57.43529411764706,1960.2,1.7470588235294118,1960.2,0.5463576158940397,1.7470588235294118,1959.6770000000015,Low Value
0,53,108.95,5718.2,False,True,False,True,False,True,True,False,False,False,False,True,False,True,False,True,False,True,False,True,True,False,True,False,False,False,105.8925925925926,5774.35,2.017592592592593,5774.35,0.4820372896771259,2.017592592592593,5776.560000000001,High Value
1,65,103.9,6767.1,False,True,True,True,False,True,True,False,False,False,False,False,False,True,False,True,False,True,False,True,True,False,True,False,False,False,102.53181818181818,6753.5,1.5742424242424242,6753.5,0.6196377502383221,1.5742424242424242,6748.233999999992,High Value
0,43,100.0,4211.55,True,False,False,True,False,True,True,False,False,False,False,False,False,False,False,True,False,True,False,True,True,False,True,False,True,False,95.71704545454546,4300.0,2.272727272727273,4300.0,0.4257425742574257,2.272727272727273,4302.644500000003,Medium Value
0,10,67.8,653.15,False,True,False,True,False,False,False,False,False,False,False,False,False,True,False,False,False,True,False,True,False,False,True,True,False,False,59.377272727272725,678.0,6.163636363636363,678.0,0.1453488372093023,6.163636363636363,677.3740000000008,Low Value
0,52,20.85,1071.6,True,True,True,True,False,False,False,True,True,False,True,False,True,False,True,False,True,False,True,False,True,False,True,True,False,False,20.2188679245283,1084.2,0.3933962264150943,1084.2,2.379862700228833,0.3933962264150943,1084.671999999999,Low Value
0,11,53.75,608.0,True,False,False,True,False,True,False,False,False,False,False,False,False,True,False,False,False,False,False,False,False,False,False,False,True,False,50.666666666666664,591.25,4.479166666666667,591.25,0.2009132420091324,4.479166666666667,590.8945000000003,Low Value
1,27,85.25,2287.25,False,False,False,True,False,True,True,False,False,False,False,False,False,False,False,False,False,False,False,True,False,False,True,False,True,False,81.6875,2301.75,3.044642857142857,2301.75,0.3130434782608696,3.044642857142857,2300.3295000000016,Medium Value
0,24,90.35,2238.5,True,False,False,True,False,False,True,False,False,False,False,False,False,False,False,False,False,True,False,True,False,False,True,False,True,False,89.54,2168.3999999999996,3.614,2168.3999999999996,0.2627257799671593,3.614,2170.844500000001,Medium Value
0,1,79.25,79.25,True,False,False,True,False,False,True,False,False,False,False,False,False,False,False,False,False,False,False,True,False,False,True,False,True,False,39.625,79.25,39.625,79.25,0.0124610591900311,39.625,79.18749999999989,Low Value
0,65,111.05,7107.0,False,False,False,True,False,True,True,False,False,True,False,True,False,True,False,False,False,True,False,True,False,False,True,True,False,False,107.6818181818182,7218.25,1.6825757575757576,7218.25,0.5800981704596162,1.6825757575757576,7217.178000000001,High Value
0,1,75.55,75.55,False,False,False,True,False,False,True,False,False,False,False,False,False,True,False,False,False,False,False,False,False,False,False,False,True,False,37.775,75.55,37.775,75.55,0.0130633572828216,37.775,75.48849999999997,Low Value
0,68,118.6,7990.05,False,True,False,True,False,True,True,False,False,True,False,True,False,True,False,True,False,True,False,True,False,True,False,False,False,True,115.79782608695652,8064.799999999999,1.718840579710145,8064.799999999999,0.5685618729096991,1.718840579710145,8062.255500000007,High Value
1,15,96.5,1392.25,True,True,False,True,False,True,True,False,False,True,False,False,False,True,False,False,False,True,False,False,False,False,True,False,True,False,87.015625,1447.5,6.03125,1447.5,0.1538461538461538,6.03125,1448.7919999999986,Low Value
0,36,65.4,2498.4,True,False,False,True,False,False,False,False,False,False,False,True,False,False,False,True,False,False,False,True,True,False,True,False,False,True,67.52432432432433,2354.4,1.7675675675675675,2354.4,0.5421686746987951,1.7675675675675675,2357.0865000000017,Medium Value
0,4,44.55,220.75,True,False,False,True,False,False,False,False,False,False,False,False,False,False,False,False,False,False,False,False,False,False,False,False,False,True,44.15,178.2,8.91,178.2,0.0878155872667398,8.91,178.31550000000018,Low Value
0,46,94.15,4408.45,False,False,False,True,False,True,True,False,False,False,False,True,False,True,False,False,False,False,False,True,True,False,True,False,True,False,93.7968085106383,4330.900000000001,2.0031914893617024,4330.900000000001,0.4834471886495007,2.0031914893617024,4334.068000000003,Medium Value
0,18,49.55,878.35,True,True,False,True,False,False,False,False,False,False,False,False,False,True,False,False,False,False,False,False,False,False,True,False,False,True,46.22894736842105,891.9,2.607894736842105,891.9,0.3560830860534125,2.607894736842105,892.4804999999994,Low Value
1,35,76.05,2747.2,True,True,True,True,False,False,False,False,False,False,False,True,False,False,False,True,False,True,False,True,False,False,True,False,True,False,76.3111111111111,2661.75,2.1125,2661.75,0.45425048669695,2.1125,2661.743000000001,Medium Value
0,47,19.3,890.5,False,True,True,True,False,False,False,True,True,False,True,False,True,False,True,False,True,False,True,False,False,True,False,False,False,False,18.552083333333332,907.1,0.4020833333333333,907.1,2.315270935960591,0.4020833333333333,905.7885000000002,Low Value
0,42,92.15,3875.4,False,True,True,True,False,False,True,False,False,False,False,False,False,True,False,False,False,True,False,True,False,False,True,False,True,False,90.12558139534885,3870.3,2.1430232558139535,3870.3,0.4508856682769726,2.1430232558139535,3869.2449999999976,Medium Value
0,1,19.75,19.75,False,False,False,True,False,False,False,True,True,False,True,False,True,False,True,False,True,False,True,False,False,False,False,False,False,True,9.875,19.75,9.875,19.75,0.0481927710843373,9.875,19.75,Low Value
0,61,86.45,5175.3,False,False,False,True,False,True,False,False,False,True,False,False,False,True,False,True,False,True,False,True,False,True,False,True,False,False,83.47258064516129,5273.45,1.3943548387096774,5273.45,0.6975414522584333,1.3943548387096774,5269.419999999999,High Value
0,72,73.0,5265.2,False,False,False,True,False,False,False,False,False,True,False,True,False,True,False,True,False,False,False,True,False,True,True,True,False,False,72.12602739726027,5256.0,1.0,5256.0,0.972972972972973,1.0,5257.659000000001,High Value
0,15,20.45,330.8,False,True,False,True,False,False,False,True,True,False,True,False,True,False,True,False,True,False,True,False,False,False,False,True,False,False,20.675,306.75,1.278125,306.75,0.6993006993006993,1.278125,306.95299999999986,Low Value
0,4,74.4,299.7,True,False,False,True,False,False,False,False,False,False,False,False,False,True,False,True,False,True,False,True,False,False,True,False,True,False,59.94,297.6,14.88,297.6,0.053050397877984,14.88,297.5599999999999,Low Value
0,11,20.0,211.95,False,False,False,True,False,False,False,True,True,False,True,False,True,False,True,False,True,False,True,False,True,False,False,False,False,True,17.662499999999998,220.0,1.6666666666666667,220.0,0.5238095238095238,1.6666666666666667,220.0160000000001,Low Value
0,18,71.1,1247.75,False,False,False,True,False,False,True,False,False,False,False,False,False,False,False,False,False,False,False,False,False,False,True,False,True,False,65.67105263157895,1279.8,3.7421052631578946,1279.8,0.2496532593619972,3.7421052631578946,1279.7869999999994,Low Value
0,62,101.35,6164.7,False,True,False,True,False,True,True,False,False,False,False,False,False,True,False,False,False,True,False,True,False,False,True,False,True,False,97.85238095238095,6283.7,1.6087301587301586,6283.7,0.6057645334636053,1.6087301587301586,6279.639000000001,High Value
0,2,70.4,154.8,False,True,False,True,False,False,True,False,False,False,False,False,False,False,False,False,False,False,False,False,False,False,True,True,False,False,51.6,140.8,23.46666666666667,140.8,0.0280112044817927,23.46666666666667,140.7084999999999,Low Value
1,25,88.4,2191.15,False,True,False,True,False,False,True,False,False,False,False,True,False,True,False,False,False,False,False,True,False,False,False,False,False,False,84.275,2210.0,3.4000000000000004,2210.0,0.2796420581655481,3.4000000000000004,2210.4115000000006,Medium Value
0,15,99.7,1566.75,True,False,False,True,False,True,True,False,False,True,False,False,False,False,False,False,False,True,False,True,False,False,True,False,True,False,97.921875,1495.5,6.23125,1495.5,0.1489572989076464,6.23125,1496.1059999999998,Low Value
0,72,88.6,6201.95,True,False,False,True,False,True,False,False,False,False,False,True,False,True,False,True,False,True,False,True,False,True,True,False,False,False,84.95821917808219,6379.2,1.2136986301369863,6379.2,0.8035714285714286,1.2136986301369863,6380.658500000001,High Value
0,21,65.35,1424.4,True,False,False,True,False,False,False,False,False,True,False,False,False,True,False,False,False,True,False,False,False,False,False,False,False,False,64.74545454545455,1372.35,2.9704545454545452,1372.35,0.3165033911077619,2.9704545454545452,1373.5784999999994,Low Value
0,69,24.25,1641.8,False,True,False,True,False,True,False,True,True,False,True,False,True,False,True,False,True,False,True,False,False,True,False,False,False,False,23.454285714285714,1673.25,0.3464285714285714,1673.25,2.732673267326733,0.3464285714285714,1672.4034999999997,Low Value
0,48,100.05,4834.0,False,True,False,True,False,False,True,False,False,False,False,False,False,True,False,True,False,True,False,True,False,False,True,True,False,False,98.6530612244898,4802.4,2.0418367346938773,4802.4,0.475012370113805,2.0418367346938773,4803.656500000005,Medium Value
0,32,50.6,1653.45,True,True,True,False,True,False,False,False,False,False,False,False,False,True,False,False,False,True,False,True,False,False,False,True,False,False,50.10454545454546,1619.2,1.5333333333333334,1619.2,0.6201550387596899,1.5333333333333334,1622.4955000000004,Low Value
0,7,69.7,516.15,True,True,True,True,False,False,False,False,False,True,False,False,False,False,False,False,False,True,False,True,False,False,False,True,False,False,64.51875,487.9,8.7125,487.9,0.099009900990099,8.7125,487.0214999999996,Low Value
0,57,74.6,4368.95,False,True,False,True,False,True,False,False,False,False,False,True,False,True,False,True,False,True,False,False,True,False,False,False,False,False,75.32672413793104,4252.2,1.286206896551724,4252.2,0.7539682539682541,1.286206896551724,4254.303500000002,Medium Value
0,18,20.15,390.85,False,False,True,True,False,False,False,True,True,False,True,False,True,False,True,False,True,False,True,False,True,False,False,False,False,False,20.571052631578947,362.7,1.0605263157894735,362.7,0.851063829787234,1.0605263157894735,362.81899999999985,Low Value
0,10,35.75,389.8,True,False,False,False,True,False,False,False,False,False,False,True,False,False,False,True,False,False,False,False,False,False,False,False,True,False,35.43636363636364,357.5,3.25,357.5,0.272108843537415,3.25,357.33650000000017,Low Value
0,2,80.6,155.8,False,False,False,True,False,True,True,False,False,False,False,False,False,True,False,False,False,False,False,False,False,False,False,False,False,True,51.93333333333334,161.2,26.866666666666664,161.2,0.0245098039215686,26.866666666666664,161.15500000000003,Low Value
0,1,74.3,74.3,True,False,False,True,False,False,True,False,False,False,False,False,False,False,False,True,False,False,False,False,False,False,True,False,False,True,37.15,74.3,37.15,74.3,0.0132802124833997,37.15,74.28050000000013,Low Value
1,52,59.85,3103.25,False,False,False,True,False,True,False,False,False,True,False,False,False,True,False,False,False,False,False,False,False,True,False,False,False,False,58.551886792452834,3112.2000000000003,1.129245283018868,3112.2000000000003,0.8545603944124897,1.129245283018868,3113.038999999996,Medium Value
0,11,90.15,987.95,False,False,False,True,False,True,True,False,False,False,False,False,False,False,False,True,False,True,False,False,False,False,False,False,True,False,82.32916666666667,991.65,7.5125,991.65,0.1206801974766867,7.5125,991.9580000000009,Low Value
0,58,59.9,3505.1,False,True,False,True,False,True,False,False,False,False,False,True,False,False,False,True,False,False,False,False,False,True,True,True,False,False,59.40847457627118,3474.2,1.0152542372881357,3474.2,0.9523809523809524,1.0152542372881357,3475.688,Medium Value
1,32,93.2,2931.0,False,True,False,True,False,True,True,False,False,False,False,False,False,False,False,False,False,True,False,True,False,False,True,False,True,False,88.81818181818181,2982.4,2.824242424242424,2982.4,0.3397027600849256,2.824242424242424,2983.348499999999,Medium Value
0,3,69.15,235.0,False,True,True,True,False,True,False,False,False,False,False,True,False,True,False,False,False,True,False,False,False,False,True,False,False,False,58.75,207.45,17.2875,207.45,0.0427655024946543,17.2875,207.93399999999997,Low Value
0,66,105.0,7133.25,True,True,False,True,False,True,True,False,False,False,False,True,False,True,False,False,False,True,False,True,False,False,True,True,False,False,106.46641791044776,6930.0,1.5671641791044777,6930.0,0.6226415094339622,1.5671641791044777,6934.835000000001,High Value
0,12,96.05,1148.1,True,False,False,True,False,True,True,False,False,False,False,False,False,False,False,False,False,True,False,True,False,False,True,False,True,False,88.3153846153846,1152.6,7.388461538461538,1152.6,0.1236476043276661,7.388461538461538,1152.1674999999998,Low Value
0,19,39.65,733.35,True,False,False,False,True,False,False,False,False,False,False,False,False,True,False,False,False,True,False,False,False,False,True,False,True,False,36.6675,753.35,1.9825,753.35,0.4674046740467404,1.9825,753.179,Low Value
0,69,95.75,6511.25,True,True,True,True,False,True,True,False,False,False,False,True,False,True,False,False,False,True,False,False,True,False,False,True,False,False,93.01785714285714,6606.75,1.3678571428571429,6606.75,0.7131782945736435,1.3678571428571429,6602.420999999999,High Value
0,10,20.0,198.7,True,False,False,True,False,False,False,True,True,False,True,False,True,False,True,False,True,False,True,False,False,False,False,True,False,False,18.063636363636363,200.0,1.818181818181818,200.0,0.4761904761904761,1.818181818181818,200.01600000000002,Low Value
1,32,100.4,3217.65,False,True,True,True,False,True,True,False,False,False,False,True,False,False,False,False,False,True,False,True,False,False,True,False,True,False,97.50454545454544,3212.8,3.0424242424242425,3212.8,0.3155818540433925,3.0424242424242425,3214.313000000001,Medium Value
0,10,45.55,402.6,True,False,False,True,False,False,False,False,False,False,False,False,False,False,False,False,False,False,False,False,False,False,True,False,True,False,36.6,455.5,4.140909090909091,455.5,0.2148227712137486,4.140909090909091,455.3560000000002,Low Value
0,64,76.1,4818.8,True,True,False,True,False,True,False,False,False,False,False,True,False,True,False,True,False,True,False,False,False,True,True,False,False,False,74.13538461538462,4870.4,1.1707692307692308,4870.4,0.8300907911802854,1.1707692307692308,4870.652999999994,Medium Value
0,4,38.55,156.1,True,True,True,False,True,False,False,False,False,True,False,False,False,False,False,False,False,True,False,False,False,False,False,True,False,False,31.22,154.2,7.709999999999999,154.2,0.1011378002528445,7.709999999999999,153.81449999999992,Low Value
0,36,19.45,754.5,True,True,True,True,False,False,False,True,True,False,True,False,True,False,True,False,True,False,True,False,False,True,False,True,False,False,20.39189189189189,700.1999999999999,0.5256756756756756,700.1999999999999,1.76039119804401,0.5256756756756756,700.8769999999995,Low Value
0,8,51.05,415.05,True,True,True,True,False,False,False,False,False,False,False,False,False,True,False,False,False,False,False,False,False,False,True,False,True,False,46.11666666666667,408.4,5.672222222222222,408.4,0.1536983669548511,5.672222222222222,408.37899999999996,Low Value
0,32,91.05,2871.5,True,False,False,True,False,False,True,False,False,False,False,False,False,False,False,False,False,True,False,True,False,False,False,False,True,False,87.01515151515152,2913.6,2.759090909090909,2913.6,0.3476371537208039,2.759090909090909,2914.2790000000014,Medium Value
0,2,24.4,36.55,False,True,True,False,True,False,False,False,False,False,False,False,False,False,False,False,False,False,False,False,False,False,True,False,False,True,12.183333333333332,48.8,8.133333333333333,48.8,0.0787401574803149,8.133333333333333,48.59799999999998,Low Value
0,18,24.65,471.35,False,True,True,True,False,True,False,True,True,False,True,False,True,False,True,False,True,False,True,False,False,True,True,True,False,False,24.807894736842105,443.7,1.2973684210526315,443.7,0.7017543859649124,1.2973684210526315,443.6650000000006,Low Value
0,52,20.1,1078.75,False,True,True,True,False,False,False,True,True,False,True,False,True,False,True,False,True,False,True,False,False,True,False,False,False,False,20.35377358490566,1045.2,0.3792452830188679,1045.2,2.4644549763033172,0.3792452830188679,1045.0029999999997,Low Value
0,24,66.3,1559.45,False,True,False,True,False,True,False,False,False,True,False,True,False,True,False,False,False,False,False,False,False,False,False,False,False,True,62.378,1591.1999999999998,2.6519999999999997,1591.1999999999998,0.3566121842496285,2.6519999999999997,1590.6054999999997,Low Value
0,1,55.25,55.25,True,False,False,True,False,False,False,False,False,False,False,False,False,False,False,False,False,False,False,True,False,False,True,False,True,False,27.625,55.25,27.625,55.25,0.0177777777777777,27.625,55.26399999999993,Low Value
0,7,19.4,168.65,True,False,False,True,False,False,False,True,True,False,True,False,True,False,True,False,True,False,True,False,False,False,True,False,False,True,21.08125,135.79999999999998,2.425,135.79999999999998,0.3431372549019608,2.425,136.03449999999987,Low Value
1,8,100.15,908.55,False,False,False,True,False,True,True,False,False,False,False,False,False,False,False,True,False,True,False,True,False,False,True,True,False,False,100.95,801.2,11.127777777777778,801.2,0.079090459713297,11.127777777777778,800.6975,Low Value
0,14,70.2,1046.5,False,True,True,True,False,False,True,False,False,False,False,False,False,False,False,False,False,False,False,False,False,False,False,False,True,False,69.76666666666667,982.8,4.680000000000001,982.8,0.196629213483146,4.680000000000001,982.4054999999992,Low Value
0,13,19.3,259.65,True,False,False,True,False,False,False,True,True,False,True,False,True,False,True,False,True,False,True,False,True,False,False,True,False,False,18.54642857142857,250.9,1.3785714285714286,250.9,0.6403940886699507,1.3785714285714286,251.50300000000007,Low Value
0,40,110.1,4469.1,True,True,True,True,False,True,True,False,False,True,False,True,False,False,False,True,False,True,False,True,False,False,True,True,False,False,109.00243902439026,4404.0,2.6853658536585363,4404.0,0.36003600360036,2.6853658536585363,4403.433500000003,Medium Value
0,63,81.15,5224.5,False,True,False,True,False,False,True,False,False,True,False,False,False,True,False,False,False,False,False,False,True,False,True,True,False,False,81.6328125,5112.450000000001,1.26796875,5112.450000000001,0.7668898356664637,1.26796875,5115.990999999997,High Value
0,17,80.5,1336.9,True,True,False,True,False,True,True,False,False,False,False,True,False,False,False,False,False,False,False,False,False,False,True,False,False,False,74.27222222222223,1368.5,4.472222222222222,1368.5,0.2085889570552147,4.472222222222222,1368.6764999999994,Low Value
0,19,86.85,1564.4,False,True,False,True,False,True,True,False,False,False,False,False,False,False,False,False,False,True,False,False,False,False,True,False,True,False,78.22,1650.15,4.342499999999999,1650.15,0.2162777461582242,4.342499999999999,1649.2655000000002,Low Value
0,12,45.05,523.1,False,False,False,True,False,False,False,False,False,False,False,False,False,False,False,False,False,False,False,False,False,False,True,False,True,False,40.23846153846154,540.5999999999999,3.465384615384615,540.5999999999999,0.260586319218241,3.465384615384615,540.4109999999996,Low Value
0,43,24.45,993.15,False,True,True,True,False,True,False,True,True,False,True,False,True,False,True,False,True,False,True,False,True,False,True,False,False,False,22.571590909090908,1051.35,0.5556818181818182,1051.35,1.6895874263261297,0.5556818181818182,1052.0225000000007,Low Value
0,18,90.0,1527.35,False,False,False,True,False,True,True,False,False,False,False,True,False,False,False,False,False,True,False,False,False,False,True,True,False,False,80.38684210526316,1620.0,4.7368421052631575,1620.0,0.1978021978021978,4.7368421052631575,1622.1859999999997,Low Value
0,35,25.6,901.25,True,False,False,True,False,True,False,True,True,False,True,False,True,False,True,False,True,False,True,False,False,False,True,False,True,False,25.03472222222222,896.0,0.7111111111111111,896.0,1.3157894736842104,0.7111111111111111,895.04,Low Value
0,42,94.2,4186.3,False,True,True,True,False,True,True,False,False,False,False,False,False,False,False,False,False,True,False,True,False,False,True,False,True,False,97.35581395348838,3956.4,2.1906976744186046,3956.4,0.4411764705882353,2.1906976744186046,3951.1605000000004,Medium Value
0,61,89.65,5308.7,False,False,False,True,False,True,False,False,False,True,False,True,False,True,False,True,False,True,False,True,False,True,False,False,True,False,85.6241935483871,5468.650000000001,1.445967741935484,5468.650000000001,0.6729178157749586,1.445967741935484,5472.603499999997,High Value
0,39,95.55,3692.85,False,False,False,True,False,False,True,False,False,True,False,False,False,True,False,True,False,True,False,False,True,False,True,False,True,False,92.32125,3726.45,2.38875,3726.45,0.4039357845675815,2.38875,3730.2275000000027,Medium Value
0,21,82.35,1852.85,True,False,False,True,False,True,True,False,False,False,False,True,False,False,False,False,False,False,False,False,False,False,True,False,True,False,84.22045454545454,1729.35,3.7431818181818177,1729.35,0.2519496100779844,3.7431818181818177,1729.1225000000015,Low Value
0,1,20.75,20.75,True,False,True,True,False,False,False,True,True,False,True,False,True,False,True,False,True,False,True,False,False,False,False,False,False,True,10.375,20.75,10.375,20.75,0.0459770114942528,10.375,20.743999999999996,Low Value
0,58,59.75,3624.35,False,True,True,False,True,False,False,False,False,True,False,False,False,True,False,True,False,True,False,True,False,True,False,False,False,True,61.429661016949154,3465.5,1.0127118644067796,3465.5,0.9547325102880658,1.0127118644067796,3465.3134999999997,Medium Value
0,1,20.25,20.25,True,False,True,True,False,False,False,True,True,False,True,False,True,False,True,False,True,False,True,False,False,False,True,False,False,True,10.125,20.25,10.125,20.25,0.0470588235294117,10.125,20.250999999999998,Low Value
0,53,19.5,1050.5,True,False,False,True,False,False,False,True,True,False,True,False,True,False,True,False,True,False,True,False,False,True,False,True,False,False,19.453703703703702,1033.5,0.3611111111111111,1033.5,2.5853658536585367,0.3611111111111111,1032.9309999999994,Low Value
0,25,24.75,692.1,False,False,False,True,False,True,False,True,True,False,True,False,True,False,True,False,True,False,True,False,False,True,False,True,False,False,26.61923076923077,618.75,0.9519230769230768,618.75,0.970873786407767,0.9519230769230768,619.5645000000001,Low Value
0,64,58.35,3756.45,False,True,False,True,False,True,False,False,False,False,False,False,False,True,False,True,False,False,False,False,True,False,False,False,False,False,57.79153846153846,3734.4,0.8976923076923077,3734.4,1.0783487784330243,0.8976923076923077,3732.010000000004,Medium Value
0,1,60.15,60.15,False,False,False,True,False,True,False,False,False,False,False,False,False,False,False,False,False,False,False,True,False,False,True,False,True,False,30.075,60.15,30.075,60.15,0.0163532297628781,30.075,60.099500000000035,Low Value
1,4,69.35,261.65,True,False,False,True,False,False,True,False,False,False,False,False,False,False,False,False,False,False,False,False,False,False,False,False,True,False,52.33,277.4,13.87,277.4,0.0568585643212508,13.87,277.58850000000024,Low Value
0,5,30.5,167.2,False,True,True,False,True,False,False,False,False,False,False,True,False,False,False,False,False,False,False,False,False,False,True,False,True,False,27.866666666666664,152.5,5.083333333333333,152.5,0.1587301587301587,5.083333333333333,152.6339999999999,Low Value
0,44,95.1,4060.55,False,True,False,True,False,True,True,False,False,True,False,True,False,True,False,True,False,False,False,False,False,False,True,True,False,False,90.23444444444443,4184.4,2.1133333333333333,4184.4,0.4578563995837669,2.1133333333333333,4179.753500000004,Medium Value
0,31,103.45,3066.45,True,False,False,True,False,True,True,False,False,False,False,True,False,True,False,False,False,True,False,True,True,False,True,False,True,False,95.8265625,3206.9500000000003,3.2328125,3206.9500000000003,0.2967927237912877,3.2328125,3205.9374999999995,Medium Value
0,2,87.15,183.75,False,False,False,True,False,False,True,False,False,False,False,True,False,False,False,False,False,True,False,False,False,False,True,False,False,False,61.25,174.3,29.05,174.3,0.022688598979013,29.05,174.1165000000001,Low Value
0,71,116.05,8297.5,True,True,True,True,False,True,True,False,False,True,False,True,False,True,False,True,False,True,False,True,False,True,True,False,False,False,115.24305555555556,8239.55,1.6118055555555555,8239.55,0.6065783853054251,1.6118055555555555,8260.155999999995,High Value
0,72,85.3,6129.2,False,True,True,True,False,False,False,False,False,True,False,True,False,True,False,True,False,True,False,True,False,True,False,False,False,False,83.96164383561644,6141.599999999999,1.1684931506849314,6141.599999999999,0.8342989571263036,1.1684931506849314,6139.722499999999,High Value
0,56,68.75,3815.4,False,True,True,True,False,True,False,False,False,True,False,True,False,False,False,False,False,False,False,True,True,False,False,False,False,False,66.93684210526315,3850.0,1.206140350877193,3850.0,0.8028673835125448,1.206140350877193,3850.4410000000007,Medium Value
0,24,20.1,533.9,True,True,False,True,False,False,False,True,True,False,True,False,True,False,True,False,True,False,True,False,True,False,False,False,False,True,21.356,482.4,0.804,482.4,1.1374407582938388,0.804,482.8955000000001,Low Value
0,22,49.8,1049.05,False,False,False,True,False,False,False,False,False,True,False,False,False,False,False,False,False,False,False,False,False,False,True,False,True,False,45.61086956521739,1095.6,2.165217391304348,1095.6,0.4330708661417323,2.165217391304348,1095.1280000000004,Low Value
0,33,72.75,2447.45,True,True,False,True,False,True,False,False,False,True,False,True,False,True,False,False,False,True,False,False,False,False,True,False,False,False,71.98382352941177,2400.75,2.139705882352941,2400.75,0.447457627118644,2.139705882352941,2402.024999999998,Medium Value
0,54,87.1,4735.2,True,False,False,True,False,True,False,False,False,True,False,False,False,True,False,True,False,True,False,True,False,True,False,False,False,False,86.09454545454545,4703.4,1.5836363636363635,4703.4,0.6129398410896709,1.5836363636363635,4701.440500000001,Medium Value
0,26,20.05,505.9,True,True,True,True,False,False,False,True,True,False,True,False,True,False,True,False,True,False,True,False,True,False,True,False,False,False,18.737037037037037,521.3000000000001,0.7425925925925926,521.3000000000001,1.2351543942992873,0.7425925925925926,520.1469999999999,Low Value
0,18,69.5,1199.4,True,False,False,True,False,True,False,False,False,True,False,False,False,True,False,False,False,True,False,False,False,False,False,False,False,True,63.126315789473686,1251.0,3.6578947368421058,1251.0,0.2553191489361702,3.6578947368421058,1250.5719999999992,Low Value
1,1,36.45,36.45,False,False,False,False,True,False,False,False,False,False,False,False,False,False,False,False,False,True,False,False,False,False,True,False,True,False,18.225,36.45,18.225,36.45,0.0267022696929238,18.225,35.86550000000004,Low Value
0,16,72.65,1194.3,False,False,False,True,False,True,True,False,False,False,False,False,False,False,False,False,False,False,False,False,False,False,False,False,True,False,70.25294117647059,1162.4,4.273529411764706,1162.4,0.21724372029871,4.273529411764706,1161.5529999999985,Low Value
0,1,49.75,49.75,True,False,False,True,False,False,False,False,False,True,False,False,False,False,False,False,False,False,False,False,False,False,False,False,True,False,24.875,49.75,24.875,49.75,0.0197044334975369,24.875,49.79750000000001,Low Value
0,27,19.7,509.3,True,False,True,True,False,False,False,True,True,False,True,False,True,False,True,False,True,False,True,False,False,True,False,True,False,False,18.189285714285713,531.9,0.7035714285714285,531.9,1.3043478260869563,0.7035714285714285,533.3204999999999,Low Value
0,16,100.0,1534.75,False,True,False,True,False,True,True,False,False,False,False,True,False,False,False,False,False,True,False,True,False,False,True,False,True,False,90.27941176470588,1600.0,5.882352941176471,1600.0,0.1584158415841584,5.882352941176471,1598.8805000000002,Low Value
0,35,55.25,1924.1,True,False,False,True,False,True,False,False,False,True,False,False,False,False,False,False,False,False,False,False,False,True,False,False,False,True,53.44722222222222,1933.75,1.5347222222222223,1933.75,0.6222222222222222,1.5347222222222223,1933.9770000000008,Low Value
0,36,97.35,3457.9,False,True,True,True,False,True,True,False,False,False,False,True,False,True,False,False,False,True,False,False,False,False,True,False,False,False,93.45675675675676,3504.6,2.631081081081081,3504.6,0.3660396542958821,2.631081081081081,3504.0975000000008,Medium Value
1,37,92.5,3473.4,True,True,False,True,False,True,True,False,False,False,False,False,False,False,False,False,False,True,False,True,False,False,True,False,True,False,91.40526315789474,3422.5,2.4342105263157894,3422.5,0.3957219251336898,2.4342105263157894,3422.8610000000003,Medium Value
1,50,101.9,5265.5,True,True,False,True,False,True,True,False,False,True,False,True,False,True,False,False,False,True,False,False,True,False,True,False,False,False,103.24509803921568,5095.0,1.9980392156862743,5095.0,0.4859086491739552,1.9980392156862743,5095.615499999996,High Value
0,29,45.0,1242.45,True,False,True,False,True,False,False,False,False,True,False,True,False,True,False,True,False,False,False,False,False,False,True,False,False,True,41.415,1305.0,1.5,1305.0,0.6304347826086957,1.5,1303.375,Low Value
1,1,69.25,69.25,False,False,False,True,False,False,True,False,False,False,False,False,False,False,False,False,False,False,False,False,False,False,True,False,True,False,34.625,69.25,34.625,69.25,0.0142348754448398,34.625,69.22449999999996,Low Value
1,56,73.25,4054.2,False,False,False,True,False,True,False,False,False,True,False,False,False,True,False,True,False,False,False,True,False,True,False,False,False,False,71.12631578947368,4102.0,1.2850877192982455,4102.0,0.7542087542087542,1.2850877192982455,4100.392000000005,Medium Value
1,5,83.15,446.05,False,False,False,True,False,True,True,False,False,False,False,False,False,False,False,False,False,True,False,False,False,False,True,True,False,False,74.34166666666667,415.75,13.858333333333334,415.75,0.05941770647653,13.858333333333334,415.58049999999986,Low Value
0,20,76.0,1588.75,False,True,True,True,False,True,False,False,False,True,False,False,False,False,False,False,False,True,False,True,True,False,False,False,False,False,75.6547619047619,1520.0,3.619047619047619,1520.0,0.2597402597402597,3.619047619047619,1520.1764999999987,Low Value
0,33,20.05,669.45,False,True,False,True,False,False,False,True,True,False,True,False,True,False,True,False,True,False,True,False,False,False,False,False,False,True,19.689705882352943,661.65,0.5897058823529412,661.65,1.5676959619952493,0.5897058823529412,662.4710000000005,Low Value
0,54,46.2,2431.95,True,False,False,False,True,False,False,False,False,True,False,True,False,False,False,False,False,False,False,True,False,True,False,False,False,False,44.21727272727272,2494.8,0.8400000000000001,2494.8,1.144067796610169,0.8400000000000001,2495.343499999998,Medium Value
0,62,60.15,3753.2,True,True,False,True,False,False,False,False,False,False,False,True,False,True,False,True,False,False,False,False,False,True,True,True,False,False,59.57460317460317,3729.3,0.9547619047619048,3729.3,1.0139002452984465,0.9547619047619048,3730.756000000004,Medium Value
0,67,19.8,1311.3,True,False,False,True,False,False,False,True,True,False,True,False,True,False,True,False,True,False,True,False,False,True,True,False,False,True,19.28382352941176,1326.6,0.2911764705882353,1326.6,3.2211538461538463,0.2911764705882353,1326.4265000000003,Low Value
1,72,64.45,4641.1,True,True,False,False,True,False,False,False,False,True,False,True,False,True,False,True,False,True,False,True,False,True,True,True,False,False,63.57671232876713,4640.400000000001,0.8828767123287672,4640.400000000001,1.1000763941940412,0.8828767123287672,4640.891000000004,Medium Value
0,69,24.45,1718.2,True,True,True,True,False,True,False,True,True,False,True,False,True,False,True,False,True,False,True,False,False,True,False,False,False,False,24.545714285714286,1687.05,0.3492857142857142,1687.05,2.7111984282907664,0.3492857142857142,1686.8805000000007,Low Value
0,49,20.45,1024.65,False,False,True,True,False,False,False,True,True,False,True,False,True,False,True,False,True,False,True,False,False,True,False,True,False,False,20.493,1002.05,0.409,1002.05,2.2843822843822843,0.409,1001.6290000000009,Low Value
1,35,73.0,2471.25,True,False,False,True,False,False,False,False,False,False,False,False,False,True,False,True,False,True,False,True,True,False,True,False,True,False,68.64583333333333,2555.0,2.0277777777777777,2555.0,0.4729729729729729,2.0277777777777777,2555.361500000001,Medium Value
0,69,103.95,7446.9,False,True,True,True,False,True,True,False,False,False,False,True,False,True,False,False,False,True,False,True,False,False,True,False,True,False,106.38428571428572,7172.55,1.485,7172.55,0.6574559313959027,1.485,7179.579999999999,High Value
1,41,113.2,4689.5,False,False,False,True,False,True,True,False,False,True,False,True,False,True,False,False,False,True,False,True,False,False,True,False,True,False,111.6547619047619,4641.2,2.695238095238095,4641.2,0.3590192644483362,2.695238095238095,4641.986500000002,Medium Value
0,58,71.1,4299.2,False,False,False,True,False,True,False,False,False,True,False,True,False,True,False,True,False,False,False,False,True,False,True,True,False,False,72.86779661016949,4123.799999999999,1.205084745762712,4123.799999999999,0.8044382801664356,1.205084745762712,4124.210000000004,Medium Value
0,1,70.65,70.65,True,True,True,True,False,False,True,False,False,False,False,False,False,False,False,False,False,False,False,False,False,False,True,False,False,True,35.325,70.65,35.325,70.65,0.0139567341242149,35.325,70.66699999999997,Low Value
0,12,20.05,265.45,True,False,False,True,False,False,False,True,True,False,True,False,True,False,True,False,True,False,True,False,False,False,False,True,False,False,20.41923076923077,240.6,1.5423076923076924,240.6,0.5700712589073634,1.5423076923076924,240.62349999999978,Low Value
0,66,20.55,1357.1,True,False,True,True,False,False,False,True,True,False,True,False,True,False,True,False,True,False,True,False,False,True,False,False,False,True,20.255223880597015,1356.3,0.3067164179104478,1356.3,3.062645011600928,0.3067164179104478,1356.307000000002,Low Value
1,7,51.3,419.35,False,False,False,True,False,False,False,False,False,False,False,True,False,False,False,False,False,False,False,False,False,False,True,False,False,True,52.41875,359.09999999999997,6.4125,359.09999999999997,0.1338432122370937,6.4125,358.68600000000026,Low Value
1,54,115.6,6431.05,False,True,False,True,False,True,True,False,False,True,False,True,False,True,False,True,False,True,False,True,True,False,True,False,False,False,116.92818181818184,6242.4,2.1018181818181816,6242.4,0.4631217838765009,2.1018181818181816,6236.465499999998,High Value
0,72,19.95,1322.85,True,True,True,True,False,False,False,True,True,False,True,False,True,False,True,False,True,False,True,False,False,True,False,False,False,False,18.121232876712327,1436.4,0.2732876712328767,1436.4,3.436754176610979,0.2732876712328767,1436.0745000000004,Low Value
0,42,106.15,4512.7,True,True,False,True,False,True,True,False,False,False,False,False,False,True,False,True,False,True,False,True,False,False,True,False,False,False,104.94651162790696,4458.3,2.468604651162791,4458.3,0.3919738684087727,2.468604651162791,4460.163499999997,Medium Value
0,2,74.4,139.4,False,True,False,True,False,False,True,False,False,True,False,False,False,False,False,False,False,False,False,False,False,False,True,False,True,False,46.46666666666667,148.8,24.8,148.8,0.026525198938992,24.8,149.0504999999999,Low Value
0,10,46.0,492.1,True,False,False,True,False,False,False,False,False,False,False,False,False,False,False,False,False,False,False,False,False,False,False,False,False,True,44.73636363636364,460.0,4.181818181818182,460.0,0.2127659574468085,4.181818181818182,460.3905000000004,Low Value
0,58,109.45,6144.55,False,True,False,True,False,True,True,False,False,True,False,True,False,True,False,False,False,True,False,True,False,True,True,False,False,False,104.14491525423728,6348.1,1.855084745762712,6348.1,0.5251244907197827,1.855084745762712,6347.8314999999975,High Value
0,9,48.6,422.3,False,True,True,True,False,False,False,False,False,True,False,False,False,False,False,False,False,False,False,False,True,False,False,False,False,True,42.23,437.4,4.86,437.4,0.1814516129032258,4.86,437.4684999999997,Low Value
0,32,84.05,2781.85,False,False,False,True,False,True,True,False,False,False,False,False,False,False,False,False,False,True,False,False,True,False,False,False,True,False,84.29848484848485,2689.6,2.546969696969697,2689.6,0.376249265138154,2.546969696969697,2690.339499999996,Medium Value
0,6,20.95,109.5,False,False,False,True,False,False,False,True,True,False,True,False,True,False,True,False,True,False,True,False,False,False,True,False,False,True,15.642857142857142,125.7,2.992857142857143,125.7,0.2733485193621868,2.992857142857143,124.81049999999998,Low Value
1,50,105.05,5163.3,True,True,False,True,False,True,True,False,False,True,False,False,False,True,False,False,False,True,False,True,False,True,True,True,False,False,101.24117647058824,5252.5,2.0598039215686272,5252.5,0.4714757190004714,2.0598039215686272,5250.099000000001,High Value
0,57,20.75,1123.15,True,True,True,True,False,False,False,True,True,False,True,False,True,False,True,False,True,False,True,False,False,True,False,False,False,True,19.36465517241379,1182.75,0.3577586206896552,1182.75,2.6206896551724137,0.3577586206896552,1182.7959999999991,Low Value
0,48,25.05,1171.5,False,False,False,True,False,True,False,True,True,False,True,False,True,False,True,False,True,False,True,False,True,False,False,True,False,False,23.90816326530612,1202.4,0.5112244897959184,1202.4,1.8426103646833012,0.5112244897959184,1202.099000000001,Low Value
0,56,73.85,4092.85,False,False,False,True,False,False,True,False,False,False,False,True,False,False,False,False,False,False,False,False,False,False,True,False,True,False,71.80438596491229,4135.599999999999,1.2956140350877192,4135.599999999999,0.7481629926519706,1.2956140350877192,4133.848000000004,Medium Value
0,67,102.95,6886.25,False,False,False,True,False,True,True,False,False,True,False,True,False,True,False,False,False,True,False,False,False,False,True,True,False,False,101.26838235294116,6897.650000000001,1.513970588235294,6897.650000000001,0.6445406445406445,1.513970588235294,6899.117000000003,High Value
0,69,60.05,4176.7,True,False,False,False,True,False,False,False,False,True,False,True,False,False,False,True,False,True,False,True,False,True,True,False,False,False,59.667142857142856,4143.45,0.8578571428571428,4143.45,1.1302211302211302,0.8578571428571428,4143.242999999999,Medium Value
0,23,79.15,1676.95,False,False,False,True,False,True,True,False,False,False,False,True,False,False,False,False,False,False,False,False,False,False,True,False,True,False,69.87291666666667,1820.45,3.297916666666667,1820.45,0.2869619463505926,3.297916666666667,1819.7484999999992,Low Value
0,5,20.1,85.1,True,True,True,True,False,False,False,True,True,False,True,False,True,False,True,False,True,False,True,False,True,False,False,False,False,True,14.183333333333332,100.5,3.35,100.5,0.2369668246445497,3.35,100.61000000000011,Low Value
1,25,89.05,2177.45,True,True,False,True,False,True,True,False,False,True,False,False,False,False,False,False,False,False,False,True,True,False,True,False,True,False,83.74807692307692,2226.25,3.425,2226.25,0.277623542476402,3.425,2227.8475000000017,Medium Value
0,8,100.85,819.55,True,False,False,True,False,True,True,False,False,False,False,True,False,False,False,False,False,True,False,True,False,False,False,False,True,False,91.0611111111111,806.8,11.205555555555556,806.8,0.078546882670594,11.205555555555556,807.0190000000003,Low Value
0,1,74.25,74.25,True,False,False,True,False,True,True,False,False,False,False,False,False,False,False,False,False,False,False,False,False,False,True,False,False,True,37.125,74.25,37.125,74.25,0.0132890365448504,37.125,74.2960000000001,Low Value
0,4,75.35,338.1,False,False,False,True,False,True,True,False,False,False,False,False,False,False,False,False,False,False,False,False,False,False,False,False,True,False,67.62,301.4,15.07,301.4,0.0523903077930582,15.07,301.88999999999965,Low Value
0,55,75.0,4213.9,False,True,True,True,False,True,False,False,False,True,False,True,False,False,False,True,False,True,False,False,True,False,True,True,False,False,75.24821428571428,4125.0,1.3392857142857142,4125.0,0.7236842105263158,1.3392857142857142,4124.639000000003,Medium Value
1,1,49.55,49.55,False,True,False,True,False,False,False,False,False,True,False,False,False,False,False,False,False,False,False,False,False,False,True,False,True,False,24.775,49.55,24.775,49.55,0.019782393669634,24.775,49.584500000000006,Low Value
0,42,20.65,958.1,False,False,False,True,False,False,False,True,True,False,True,False,True,False,True,False,True,False,True,False,True,False,True,False,False,True,22.28139534883721,867.3,0.4802325581395348,867.3,1.9399538106235568,0.4802325581395348,866.1094999999998,Low Value
0,40,80.0,3168.75,True,True,False,True,False,False,True,False,False,False,False,True,False,True,False,False,False,False,False,False,False,False,True,False,True,False,77.28658536585365,3200.0,1.951219512195122,3200.0,0.4938271604938271,1.951219512195122,3203.4054999999994,Medium Value
0,10,19.6,189.45,True,True,False,True,False,False,False,True,True,False,True,False,True,False,True,False,True,False,True,False,True,False,False,False,False,False,17.222727272727273,196.0,1.781818181818182,196.0,0.4854368932038834,1.781818181818182,195.2435000000001,Low Value
1,1,88.8,88.8,True,False,False,True,False,True,True,False,False,False,False,False,False,True,False,False,False,True,False,False,False,False,True,False,True,False,44.4,88.8,44.4,88.8,0.0111358574610244,44.4,88.88500000000002,Low Value
0,15,84.45,1287.85,False,False,False,True,False,False,False,False,False,True,False,True,False,True,False,True,False,True,False,True,False,False,False,False,False,True,80.490625,1266.75,5.278125,1266.75,0.1755412521942656,5.278125,1266.4415000000015,Low Value
1,26,60.7,1597.4,False,True,False,True,False,False,False,False,False,False,False,False,False,True,False,False,False,False,False,True,True,False,False,False,False,True,59.162962962962965,1578.2,2.2481481481481485,1578.2,0.4213938411669368,2.2481481481481485,1577.5029999999997,Low Value
0,70,109.5,7674.55,False,True,False,True,False,True,True,False,False,False,False,True,False,True,False,True,False,True,False,True,True,False,True,False,True,False,108.09225352112676,7665.0,1.5422535211267605,7665.0,0.6334841628959276,1.5422535211267605,7672.073999999999,High Value
0,46,19.95,927.1,False,True,True,True,False,False,False,True,True,False,True,False,True,False,True,False,True,False,True,False,False,True,True,False,False,True,19.72553191489362,917.7,0.4244680851063829,917.7,2.195704057279237,0.4244680851063829,917.625,Low Value
0,12,49.4,611.65,False,False,False,True,False,False,False,False,False,False,False,True,False,False,False,False,False,False,False,False,False,False,True,False,True,False,47.05,592.8,3.8,592.8,0.2380952380952381,3.8,592.702,Low Value
0,13,74.4,896.75,True,True,True,True,False,True,True,False,False,False,False,False,False,False,False,False,False,False,False,False,False,False,True,True,False,False,64.05357142857143,967.2,5.314285714285715,967.2,0.1724137931034482,5.314285714285715,966.6955000000002,Low Value
0,12,85.15,979.05,False,False,False,True,False,False,True,False,False,True,False,False,False,False,False,False,False,True,False,False,True,False,True,True,False,False,75.31153846153846,1021.8,6.550000000000001,1021.8,0.1392919326755658,6.550000000000001,1021.6595000000007,Low Value
0,65,104.3,6725.3,False,True,True,True,False,True,True,False,False,True,False,False,False,True,False,False,False,True,False,True,False,True,True,True,False,False,101.89848484848486,6779.5,1.5803030303030303,6779.5,0.6172839506172839,1.5803030303030303,6778.394999999999,High Value
0,3,49.15,169.05,True,False,False,True,False,False,False,False,False,False,False,False,False,True,False,False,False,False,False,False,False,False,True,False,True,False,42.2625,147.45,12.2875,147.45,0.0598205383848454,12.2875,146.69250000000002,Low Value
0,32,19.9,601.55,False,False,False,True,False,False,False,True,True,False,True,False,True,False,True,False,True,False,True,False,False,False,False,False,False,False,18.228787878787877,636.8,0.603030303030303,636.8,1.5311004784688995,0.603030303030303,637.1895,Low Value
1,44,30.35,1359.7,True,True,False,False,True,False,False,False,False,False,False,True,False,False,False,False,False,False,False,False,False,False,True,False,True,False,30.215555555555557,1335.4,0.6744444444444445,1335.4,1.4035087719298245,0.6744444444444445,1334.5624999999993,Low Value
0,1,49.65,49.65,True,False,False,True,False,False,False,False,False,False,False,False,False,True,False,False,False,False,False,False,False,False,True,False,False,True,24.825,49.65,24.825,49.65,0.0197433366238894,24.825,49.78150000000002,Low Value
0,24,84.35,1938.05,False,False,False,True,False,True,True,False,False,True,False,False,False,False,False,True,False,False,False,False,False,False,True,False,True,False,77.52199999999999,2024.4,3.3739999999999997,2024.4,0.281195079086116,3.3739999999999997,2024.171499999999,Medium Value
0,72,112.25,8041.65,True,True,True,True,False,True,True,False,False,False,False,True,False,True,False,True,False,True,False,True,False,True,True,False,False,False,110.15958904109588,8082.0,1.5376712328767124,8082.0,0.6357615894039735,1.5376712328767124,8074.792000000004,High Value
0,61,62.15,3778.85,True,True,False,False,True,False,False,False,False,True,False,False,False,True,False,True,False,True,False,True,False,True,True,False,False,True,60.94919354838709,3791.15,1.0024193548387097,3791.15,0.9659540775930324,1.0024193548387097,3792.447499999999,Medium Value
0,1,19.75,19.75,True,False,True,True,False,False,False,True,True,False,True,False,True,False,True,False,True,False,True,False,False,False,False,False,False,True,9.875,19.75,9.875,19.75,0.0481927710843373,9.875,19.7485,Low Value
0,44,54.3,2317.1,True,True,True,False,True,False,False,False,False,False,False,False,False,True,False,True,False,True,False,True,True,False,True,False,True,False,51.49111111111111,2389.2,1.2066666666666666,2389.2,0.7956600361663653,1.2066666666666666,2390.382499999998,Medium Value
0,62,24.25,1424.6,True,True,True,True,False,True,False,True,True,False,True,False,True,False,True,False,True,False,True,False,False,True,True,False,False,False,22.61269841269841,1503.5,0.3849206349206349,1503.5,2.4554455445544554,0.3849206349206349,1502.1875000000002,Low Value
0,10,19.8,196.75,False,True,True,True,False,False,False,True,True,False,True,False,True,False,True,False,True,False,True,False,False,False,True,False,False,False,17.886363636363637,198.0,1.8,198.0,0.4807692307692307,1.8,197.71899999999997,Low Value
0,58,106.45,6145.85,False,False,False,True,False,False,True,False,False,True,False,True,False,True,False,False,False,True,False,True,True,False,True,False,True,False,104.16694915254236,6174.1,1.8042372881355933,6174.1,0.5397859469520707,1.8042372881355933,6171.650500000005,High Value
0,1,76.0,76.0,False,False,False,True,False,True,True,False,False,False,False,False,False,False,False,False,False,False,False,False,False,False,False,False,True,False,38.0,76.0,38.0,76.0,0.0129870129870129,38.0,76.00849999999996,Low Value
0,71,114.0,8175.9,True,True,True,True,False,True,True,False,False,True,False,True,False,True,False,True,False,True,False,True,False,True,True,False,False,False,113.55416666666666,8094.0,1.5833333333333333,8094.0,0.6173913043478261,1.5833333333333333,8101.380000000001,High Value
0,1,51.25,51.25,True,False,False,True,False,False,False,False,False,False,False,False,False,False,False,True,False,False,False,False,False,False,False,False,False,True,25.625,51.25,25.625,51.25,0.0191387559808612,25.625,51.11699999999994,Low Value
0,20,68.7,1416.2,True,False,False,True,False,True,False,False,False,False,False,True,False,False,False,True,False,True,False,False,True,False,True,False,True,False,67.43809523809524,1374.0,3.2714285714285714,1374.0,0.2869440459110473,3.2714285714285714,1373.6949999999988,Low Value
1,1,78.45,78.45,False,False,False,True,False,False,True,False,False,False,False,False,False,False,False,False,False,True,False,False,False,False,False,False,True,False,39.225,78.45,39.225,78.45,0.0125865324103209,39.225,78.53249999999997,Low Value
0,9,44.4,348.15,True,False,False,True,False,False,False,False,False,False,False,False,False,False,False,False,False,False,False,False,False,False,True,False,False,True,34.815,399.6,4.4399999999999995,399.6,0.198237885462555,4.4399999999999995,399.1880000000001,Low Value
0,70,101.0,7085.5,True,True,False,True,False,False,True,False,False,True,False,True,False,True,False,True,False,False,False,True,False,True,False,True,False,False,99.79577464788731,7070.0,1.4225352112676055,7070.0,0.6862745098039216,1.4225352112676055,7071.984000000009,High Value
0,53,60.6,3297.0,False,True,True,True,False,False,False,False,False,False,False,False,False,True,False,False,False,False,False,True,True,False,False,True,False,False,61.05555555555556,3211.8,1.1222222222222222,3211.8,0.8603896103896104,1.1222222222222222,3214.218499999999,Medium Value
0,8,19.45,159.2,True,False,True,True,False,False,False,True,True,False,True,False,True,False,True,False,True,False,True,False,False,False,False,False,False,False,17.688888888888886,155.6,2.161111111111111,155.6,0.39119804400978,2.161111111111111,155.98799999999991,Low Value
0,6,63.4,348.8,False,False,False,False,True,False,False,False,False,True,False,True,False,True,False,True,False,True,False,True,False,True,True,False,False,True,49.82857142857143,380.4,9.057142857142855,380.4,0.093167701863354,9.057142857142855,380.10499999999985,Low Value
0,26,51.55,1295.4,True,False,False,True,False,True,False,False,False,False,False,False,False,False,False,False,False,False,False,False,True,False,True,True,False,False,47.97777777777778,1340.3,1.9092592592592592,1340.3,0.49476688867745,1.9092592592592592,1340.6255,Low Value
0,47,75.45,3545.1,False,False,False,True,False,False,True,False,False,True,False,False,False,False,False,False,False,False,False,False,False,False,False,True,False,False,73.85625,3546.15,1.571875,3546.15,0.6147809025506867,1.571875,3544.528,Medium Value
0,55,85.1,4600.95,False,True,True,True,False,True,True,False,False,True,False,True,False,False,False,False,False,False,False,False,False,False,True,False,True,False,82.15982142857142,4680.5,1.519642857142857,4680.5,0.6387921022067364,1.519642857142857,4680.813000000002,Medium Value
1,66,110.9,7432.05,True,False,False,True,False,True,True,False,False,False,False,True,False,True,False,True,False,True,False,True,True,False,False,True,False,False,110.92611940298508,7319.400000000001,1.655223880597015,7319.400000000001,0.5898123324396782,1.655223880597015,7320.77499999999,High Value
0,31,79.45,2587.7,True,False,True,True,False,True,False,False,False,False,False,True,False,False,False,True,False,True,False,True,True,False,True,False,False,True,80.865625,2462.9500000000003,2.4828125,2462.9500000000003,0.3853325046612803,2.4828125,2460.6450000000004,Medium Value
0,32,79.25,2619.15,True,True,False,True,False,True,True,False,False,False,False,False,False,False,False,True,False,False,False,False,True,False,True,False,True,False,79.36818181818182,2536.0,2.4015151515151514,2536.0,0.3987538940809969,2.4015151515151514,2537.032500000003,Medium Value
0,65,74.8,4820.15,True,True,True,True,False,False,False,False,False,True,False,False,False,False,False,True,False,True,False,True,False,True,True,False,False,False,73.03257575757576,4862.0,1.1333333333333333,4862.0,0.8575197889182058,1.1333333333333333,4864.364999999998,Medium Value
1,1,45.1,45.1,False,False,False,True,False,False,False,False,False,False,False,False,False,False,False,False,False,False,False,False,False,False,False,False,False,True,22.55,45.1,22.55,45.1,0.0216919739696312,22.55,45.097000000000016,Low Value
0,5,20.25,109.8,True,False,False,True,False,False,False,True,True,False,True,False,True,False,True,False,True,False,True,False,False,False,False,False,False,True,18.3,101.25,3.375,101.25,0.2352941176470588,3.375,101.15900000000002,Low Value
0,17,66.7,1077.05,True,True,True,True,False,True,False,False,False,False,False,True,False,True,False,True,False,False,False,False,False,False,True,False,False,True,59.83611111111111,1133.9,3.705555555555556,1133.9,0.2511078286558345,3.705555555555556,1134.1204999999995,Low Value
0,21,24.7,467.15,True,False,True,True,False,True,False,True,True,False,True,False,True,False,True,False,True,False,True,False,False,False,False,False,False,True,21.23409090909091,518.6999999999999,1.1227272727272728,518.6999999999999,0.8171206225680934,1.1227272727272728,519.1425,Low Value
0,67,19.95,1311.75,True,False,False,True,False,False,False,True,True,False,True,False,True,False,True,False,True,False,True,False,False,True,False,False,False,False,19.290441176470587,1336.65,0.2933823529411765,1336.65,3.1980906921241052,0.2933823529411765,1334.2244999999996,Low Value
0,40,67.45,2731.0,True,False,False,True,False,False,False,False,False,True,False,False,False,True,False,False,False,False,False,True,False,False,False,False,True,False,66.60975609756098,2698.0,1.6451219512195123,2698.0,0.5843681519357194,1.6451219512195123,2697.1119999999974,Medium Value
0,72,19.75,1567.0,False,False,True,True,False,False,False,True,True,False,True,False,True,False,True,False,True,False,True,False,False,True,True,False,False,True,21.465753424657535,1422.0,0.2705479452054795,1422.0,3.4698795180722892,0.2705479452054795,1422.408,Low Value
0,2,47.8,92.45,True,False,False,True,False,False,False,False,False,True,False,False,False,False,False,False,False,False,False,False,False,False,True,False,True,False,30.816666666666663,95.6,15.933333333333332,95.6,0.040983606557377,15.933333333333332,94.97650000000007,Low Value
1,3,105.0,294.45,True,False,False,True,False,True,True,False,False,False,False,True,False,True,False,False,False,True,False,True,False,False,True,False,True,False,73.6125,315.0,26.25,315.0,0.0283018867924528,26.25,315.9180000000001,Low Value
0,17,56.1,946.95,True,False,False,True,False,False,False,False,False,True,False,True,False,False,False,False,False,False,False,False,True,False,False,False,False,True,52.608333333333334,953.7,3.1166666666666667,953.7,0.297723292469352,3.1166666666666667,953.555000000001,Low Value
0,66,114.3,7383.7,True,False,False,True,False,True,True,False,False,True,False,True,False,True,False,True,False,True,False,True,True,False,True,False,False,False,110.20447761194028,7543.8,1.7059701492537314,7543.8,0.572419774501301,1.7059701492537314,7552.3295000000035,High Value
0,61,98.45,6145.2,True,True,True,True,False,False,True,False,False,False,False,True,False,False,False,True,False,True,False,True,True,False,True,False,False,False,99.11612903225806,6005.45,1.5879032258064516,6005.45,0.6133735545500251,1.5879032258064516,6002.917999999998,High Value
1,13,59.9,788.35,True,False,False,True,False,False,False,False,False,False,False,True,False,False,False,False,False,True,False,False,False,False,True,False,True,False,56.31071428571429,778.6999999999999,4.2785714285714285,778.6999999999999,0.2134646962233169,4.2785714285714285,776.6614999999999,Low Value
0,37,19.85,717.5,False,True,False,True,False,False,False,True,True,False,True,False,True,False,True,False,True,False,True,False,True,False,True,False,False,False,18.88157894736842,734.45,0.5223684210526316,734.45,1.7745803357314147,0.5223684210526316,734.4834999999995,Low Value
0,19,106.6,1934.45,False,False,False,True,False,False,True,False,False,True,False,False,False,True,False,True,False,True,False,True,False,False,True,False,True,False,96.7225,2025.4,5.33,2025.4,0.1765799256505576,5.33,2024.147,Medium Value
0,48,19.95,936.7,False,False,True,True,False,False,False,True,True,False,True,False,True,False,True,False,True,False,True,False,True,False,False,False,False,True,19.116326530612245,957.6,0.4071428571428571,957.6,2.2911694510739857,0.4071428571428571,958.5800000000004,Low Value
0,1,55.3,55.3,False,True,False,True,False,False,False,False,False,False,False,False,False,False,False,False,False,True,False,False,False,False,True,False,False,True,27.65,55.3,27.65,55.3,0.0177619893428063,27.65,55.275999999999925,Low Value
1,7,29.8,220.45,True,True,False,False,True,False,False,False,False,True,False,False,False,False,False,False,False,False,False,False,False,False,False,False,False,False,27.55625,208.6,3.725,208.6,0.2272727272727272,3.725,208.56949999999995,Low Value
0,62,92.05,5755.8,False,False,False,True,False,True,True,False,False,True,False,True,False,True,False,False,False,False,False,False,True,False,True,False,True,False,91.36190476190475,5707.099999999999,1.461111111111111,5707.099999999999,0.6663084363245567,1.461111111111111,5708.2400000000025,High Value
0,27,100.75,2793.55,True,True,True,True,False,True,True,False,False,True,False,True,False,False,False,True,False,True,False,False,False,False,False,False,True,False,99.76964285714288,2720.25,3.5982142857142856,2720.25,0.2653562653562653,3.5982142857142856,2721.1049999999996,Medium Value
0,39,23.8,903.8,True,True,True,True,False,True,False,True,True,False,True,False,True,False,True,False,True,False,True,False,False,True,True,False,False,True,22.595,928.2,0.595,928.2,1.5725806451612905,0.595,928.2789999999993,Low Value
0,2,62.05,118.3,True,False,False,True,False,True,False,False,False,False,False,False,False,False,False,False,False,False,False,True,False,False,False,False,False,False,39.43333333333333,124.1,20.683333333333337,124.1,0.0317208564631245,20.683333333333337,124.28199999999998,Low Value
0,2,20.65,38.7,False,False,False,True,False,False,False,True,True,False,True,False,True,False,True,False,True,False,True,False,False,False,False,False,False,True,12.9,41.3,6.883333333333333,41.3,0.092378752886836,6.883333333333333,41.29800000000003,Low Value
0,42,108.3,4586.15,True,True,False,True,False,True,True,False,False,False,False,False,False,True,False,True,False,True,False,True,True,False,True,False,True,False,106.65465116279069,4548.599999999999,2.51860465116279,4548.599999999999,0.384263494967978,2.51860465116279,4550.991000000001,Medium Value
0,22,79.35,1730.35,True,False,False,True,False,True,True,False,False,False,False,True,False,False,False,False,False,False,False,False,False,False,True,False,True,False,75.23260869565217,1745.6999999999998,3.4499999999999997,1745.6999999999998,0.2738021157436217,3.4499999999999997,1745.0834999999986,Low Value
0,40,84.9,3369.05,True,False,False,True,False,True,True,False,False,False,False,False,False,False,False,False,False,True,False,False,False,False,True,False,True,False,82.1719512195122,3396.0,2.0707317073170732,3396.0,0.4656577415599534,2.0707317073170732,3396.009500000002,Medium Value
0,49,97.95,4917.9,True,True,True,True,False,True,True,False,False,False,False,False,False,False,False,True,False,True,False,True,True,False,True,False,True,False,98.358,4799.55,1.959,4799.55,0.495199595755432,1.959,4799.742500000004,Medium Value
0,11,44.05,483.7,False,True,False,True,False,False,False,False,False,False,False,False,False,False,False,False,False,False,False,False,False,False,True,False,True,False,40.30833333333333,484.5499999999999,3.670833333333333,484.5499999999999,0.244173140954495,3.670833333333333,484.2735000000004,Low Value
0,9,83.3,803.3,False,False,False,True,False,True,True,False,False,False,False,False,False,False,False,False,False,False,False,True,False,False,True,False,True,False,80.33,749.6999999999999,8.33,749.6999999999999,0.1067615658362989,8.33,750.6529999999999,Low Value
0,71,91.05,6293.75,False,True,True,True,False,True,False,False,False,True,False,True,False,True,False,True,False,True,False,True,False,True,False,False,False,True,87.41319444444444,6464.55,1.2645833333333334,6464.55,0.7713199348180337,1.2645833333333334,6466.8665,High Value
0,60,104.95,6236.75,False,False,False,True,False,False,True,False,False,True,False,False,False,True,False,True,False,True,False,True,False,False,True,False,False,False,102.24180327868852,6297.0,1.720491803278689,6297.0,0.5663048607833884,1.720491803278689,6298.046000000001,High Value
0,20,44.35,927.15,False,False,False,True,False,False,False,False,False,False,False,False,False,False,False,False,False,False,False,False,False,False,True,False,True,False,44.15,887.0,2.111904761904762,887.0,0.4410143329658214,2.111904761904762,887.3904999999992,Low Value
0,72,115.6,8220.4,False,True,True,True,False,True,True,False,False,True,False,True,False,True,False,True,False,True,False,True,False,True,True,False,False,False,112.60821917808218,8323.199999999999,1.5835616438356164,8323.199999999999,0.6174957118353345,1.5835616438356164,8314.63199999999,High Value
0,52,91.6,4627.8,True,True,False,True,False,True,True,False,False,True,False,False,False,True,False,True,False,False,False,False,False,True,True,True,False,False,87.31698113207547,4763.2,1.728301886792453,4763.2,0.5615550755939526,1.728301886792453,4761.670000000001,Medium Value
0,72,90.6,6441.85,True,True,True,True,False,True,False,False,False,True,False,True,False,True,False,True,False,True,False,True,False,True,True,True,False,False,88.24452054794521,6523.2,1.2410958904109588,6523.2,0.7860262008733625,1.2410958904109588,6526.2869999999975,High Value
0,18,19.55,389.25,False,False,False,True,False,False,False,True,True,False,True,False,True,False,True,False,True,False,True,False,False,False,True,False,False,True,20.48684210526316,351.90000000000003,1.0289473684210526,351.90000000000003,0.875912408759124,1.0289473684210526,352.73699999999997,Low Value
0,5,68.95,351.5,False,True,False,True,False,False,True,False,False,False,False,False,False,False,False,False,False,False,False,False,False,False,True,False,True,False,58.583333333333336,344.75,11.491666666666667,344.75,0.0714796283059328,11.491666666666667,345.27849999999984,Low Value
0,70,114.75,7842.3,True,True,True,True,False,True,True,False,False,True,False,True,False,True,False,True,False,True,False,True,False,True,False,True,False,False,110.4549295774648,8032.5,1.6161971830985915,8032.5,0.6047516198704104,1.6161971830985915,8036.9705000000085,High Value
0,50,35.0,1782.4,True,False,False,False,True,False,False,False,False,True,False,True,False,False,False,False,False,False,False,False,False,False,True,False,False,True,34.94901960784314,1750.0,0.6862745098039216,1750.0,1.3888888888888888,0.6862745098039216,1750.1129999999985,Low Value
0,62,69.4,4237.5,True,False,False,True,False,True,False,False,False,True,False,True,False,True,False,True,False,False,False,False,False,True,False,False,False,False,67.26190476190476,4302.8,1.1015873015873017,4302.8,0.8806818181818181,1.1015873015873017,4306.305499999999,Medium Value
0,61,69.9,4226.7,True,True,False,True,False,True,False,False,False,True,False,False,False,True,False,False,False,False,False,True,False,True,True,False,False,True,68.17258064516129,4263.900000000001,1.1274193548387097,4263.900000000001,0.8603667136812411,1.1274193548387097,4263.690500000002,Medium Value
0,1,20.0,20.0,True,False,False,True,False,False,False,True,True,False,True,False,True,False,True,False,True,False,True,False,False,False,False,False,False,True,10.0,20.0,10.0,20.0,0.0476190476190476,10.0,20.0015,Low Value
0,11,20.05,237.7,False,False,False,True,False,False,False,True,True,False,True,False,True,False,True,False,True,False,True,False,True,False,False,True,False,False,19.808333333333337,220.55,1.6708333333333334,220.55,0.5225653206650831,1.6708333333333334,220.86049999999977,Low Value
0,37,72.1,2658.4,False,True,False,True,False,True,False,False,False,False,False,True,False,False,False,True,False,False,False,True,True,False,False,False,False,True,69.9578947368421,2667.7,1.8973684210526311,2667.7,0.5061559507523941,1.8973684210526311,2664.0460000000007,Medium Value
0,48,19.25,855.1,True,True,False,True,False,False,False,True,True,False,True,False,True,False,True,False,True,False,True,False,False,True,False,False,False,True,17.451020408163266,924.0,0.3928571428571428,924.0,2.3703703703703702,0.3928571428571428,923.5885000000013,Low Value
1,12,43.65,526.95,True,False,False,False,True,False,False,False,False,False,False,False,False,True,False,True,False,False,False,True,False,False,True,False,True,False,40.534615384615385,523.8,3.357692307692308,523.8,0.2687569988801792,3.357692307692308,523.7354999999997,Low Value
0,70,69.2,4872.35,False,True,True,True,False,True,False,False,False,True,False,True,False,False,False,False,False,True,False,False,False,True,True,True,False,False,68.62464788732395,4844.0,0.9746478873239436,4844.0,0.9971509971509972,0.9746478873239436,4844.5450000000055,Medium Value
1,9,54.55,494.05,True,False,False,True,False,True,False,False,False,True,False,False,False,False,False,False,False,False,False,False,False,False,False,False,True,False,49.405,490.95,5.455,490.95,0.162016201620162,5.455,490.6465000000006,Low Value
0,1,43.95,43.95,False,False,False,True,False,False,False,False,False,False,False,False,False,False,False,False,False,False,False,False,False,False,False,False,False,True,21.975,43.95,21.975,43.95,0.0222469410456062,21.975,44.004,Low Value
0,1,80.05,80.05,False,True,True,True,False,False,True,False,False,False,False,False,False,False,False,False,False,True,False,False,False,False,True,False,False,True,40.025,80.05,40.025,80.05,0.0123380629241209,40.025,80.08199999999994,Low Value
0,38,103.65,3988.5,False,False,False,True,False,True,True,False,False,False,False,False,False,True,False,True,False,True,False,True,False,False,True,False,True,False,102.26923076923076,3938.7,2.657692307692308,3938.7,0.3631151457238413,2.657692307692308,3942.756000000005,Medium Value
0,10,75.05,786.3,True,False,False,True,False,True,True,False,False,False,False,False,False,False,False,False,False,False,False,False,False,False,False,False,True,False,71.48181818181818,750.5,6.822727272727272,750.5,0.1314924391847468,6.822727272727272,750.9924999999998,Low Value
0,70,110.5,7752.05,False,True,False,True,False,True,True,False,False,False,False,True,False,True,False,True,False,True,False,True,False,True,True,False,True,False,109.1838028169014,7735.0,1.556338028169014,7735.0,0.6278026905829597,1.556338028169014,7735.701499999999,High Value
0,29,45.9,1332.4,True,True,False,False,True,False,False,False,False,False,False,False,False,False,False,False,False,True,False,True,False,False,True,False,True,False,44.413333333333334,1331.1,1.53,1331.1,0.6183368869936035,1.53,1331.5225,Low Value
1,42,79.35,3344.1,True,False,False,True,False,True,True,False,False,False,False,True,False,False,False,False,False,False,False,False,False,False,True,False,False,False,77.76976744186047,3332.7,1.845348837209302,3332.7,0.5227131300560051,1.845348837209302,3332.2759999999976,Medium Value
0,24,19.75,498.1,False,False,True,True,False,False,False,True,True,False,True,False,True,False,True,False,True,False,True,False,False,True,False,False,False,True,19.924,474.0,0.79,474.0,1.1566265060240963,0.79,473.74699999999973,Low Value
1,18,80.55,1411.65,True,False,False,True,False,True,True,False,False,False,False,True,False,False,False,False,False,False,False,False,False,False,True,True,False,False,74.29736842105264,1449.9,4.239473684210526,1449.9,0.2207234825260576,4.239473684210526,1450.006999999999,Low Value
0,72,104.45,7459.0,True,True,True,True,False,True,True,False,False,False,False,True,False,True,False,False,False,True,False,True,True,False,True,True,False,False,102.17808219178082,7520.400000000001,1.430821917808219,7520.400000000001,0.6827880512091038,1.430821917808219,7516.339500000003,High Value
1,30,105.7,3181.8,True,True,False,True,False,True,True,False,False,True,False,True,False,True,False,True,False,True,False,False,False,False,True,False,False,False,102.63870967741936,3171.0,3.4096774193548387,3171.0,0.2811621368322399,3.4096774193548387,3170.5679999999998,Medium Value
0,54,69.95,3871.85,False,True,True,True,False,False,False,False,False,True,False,False,False,True,False,True,False,False,False,True,False,True,False,False,False,False,70.39727272727272,3777.3,1.271818181818182,3777.3,0.7610993657505285,1.271818181818182,3776.361500000003,Medium Value
0,59,66.4,3958.2,True,True,False,True,False,False,False,False,False,True,False,True,False,True,False,False,False,True,False,False,True,False,False,True,False,False,65.97,3917.6,1.106666666666667,3917.6,0.8753709198813056,1.106666666666667,3915.156500000002,Medium Value
1,70,102.95,7101.5,True,True,False,True,False,True,True,False,False,False,False,True,False,True,False,False,False,True,False,True,False,False,True,False,True,False,100.02112676056338,7206.5,1.45,7206.5,0.6734006734006733,1.45,7205.369500000002,High Value
0,71,87.95,6365.35,False,True,False,True,False,True,False,False,False,True,False,True,False,True,False,True,False,True,False,True,False,True,False,False,False,False,88.4076388888889,6244.45,1.2215277777777778,6244.45,0.7982012366498032,1.2215277777777778,6244.172999999997,High Value
0,56,19.8,1119.9,False,True,True,True,False,False,False,True,True,False,True,False,True,False,True,False,True,False,True,False,False,True,True,True,False,False,19.647368421052633,1108.8,0.3473684210526316,1108.8,2.692307692307692,0.3473684210526316,1109.312,Low Value
0,19,86.0,1532.45,True,False,False,True,False,True,True,False,False,False,False,False,False,False,False,False,False,False,False,True,False,False,True,False,False,False,76.6225,1634.0,4.3,1634.0,0.2183908045977011,4.3,1632.409500000001,Low Value
1,59,89.75,5496.9,False,False,False,True,False,True,True,False,False,True,False,True,False,True,False,False,False,False,False,False,False,False,True,False,True,False,91.615,5295.25,1.4958333333333331,5295.25,0.650137741046832,1.4958333333333331,5294.274500000003,High Value
0,57,19.4,1061.6,True,True,True,True,False,False,False,True,True,False,True,False,True,False,True,False,True,False,True,False,True,False,False,False,False,True,18.303448275862067,1105.8,0.3344827586206896,1105.8,2.794117647058824,0.3344827586206896,1105.975000000001,Low Value
0,29,20.2,558.8,False,True,True,True,False,False,False,True,True,False,True,False,True,False,True,False,True,False,True,False,False,True,False,False,False,True,18.626666666666665,585.8,0.6733333333333333,585.8,1.3679245283018868,0.6733333333333333,585.6435000000001,Low Value
0,71,24.45,1681.6,False,True,False,True,False,True,False,True,True,False,True,False,True,False,True,False,True,False,True,False,False,True,True,True,False,False,23.35555555555555,1735.95,0.3395833333333333,1735.95,2.7897838899803538,0.3395833333333333,1735.9220000000007,Low Value
1,30,101.3,2974.5,False,False,True,True,False,True,True,False,False,False,False,False,False,False,False,True,False,True,False,True,False,False,True,False,True,False,95.9516129032258,3039.0,3.267741935483871,3039.0,0.2932551319648094,3.267741935483871,3040.6139999999987,Medium Value
0,29,58.75,1696.2,True,False,False,True,False,False,False,False,False,True,False,True,False,False,False,True,False,False,False,False,True,False,True,False,True,False,56.54,1703.75,1.9583333333333333,1703.75,0.4853556485355648,1.9583333333333333,1704.278500000001,Low Value
0,21,61.65,1393.6,True,False,False,True,False,False,False,False,False,False,False,False,False,True,False,False,False,False,False,True,False,False,False,False,False,True,63.345454545454544,1294.65,2.8022727272727272,1294.65,0.335195530726257,2.8022727272727272,1293.6980000000003,Low Value
0,23,25.1,611.45,False,True,True,True,False,True,False,True,True,False,True,False,True,False,True,False,True,False,True,False,False,True,False,False,False,True,25.477083333333336,577.3000000000001,1.0458333333333334,577.3000000000001,0.8812260536398467,1.0458333333333334,577.0325000000003,Low Value
0,8,51.3,411.6,True,True,True,True,False,False,False,False,False,True,False,False,False,False,False,False,False,False,False,False,False,False,True,True,False,False,45.733333333333334,410.4,5.699999999999999,410.4,0.152963671128107,5.699999999999999,410.61899999999963,Low Value
0,1,18.8,18.8,True,True,True,True,False,False,False,True,True,False,True,False,True,False,True,False,True,False,True,False,True,False,False,False,False,True,9.4,18.8,9.4,18.8,0.0505050505050505,9.4,18.88599999999999,Low Value
0,9,54.8,452.8,True,True,True,True,False,False,False,False,False,False,False,True,False,False,False,True,False,False,False,False,False,False,False,False,False,True,45.28,493.2,5.4799999999999995,493.2,0.1612903225806451,5.4799999999999995,494.3430000000001,Low Value
1,14,74.95,1036.75,True,False,False,True,False,True,True,False,False,False,False,False,False,False,False,False,False,False,False,False,False,False,True,False,True,False,69.11666666666666,1049.3,4.996666666666667,1049.3,0.184331797235023,4.996666666666667,1048.2640000000001,Low Value
0,29,34.3,1004.75,True,False,False,False,True,False,False,False,False,False,False,True,False,False,False,True,False,False,False,False,False,False,False,False,True,False,33.49166666666667,994.7,1.143333333333333,994.7,0.821529745042493,1.143333333333333,993.9955000000012,Low Value
0,72,110.3,7966.9,True,True,True,True,False,True,True,False,False,True,False,True,False,True,False,False,False,True,False,True,False,True,True,False,False,False,109.13561643835617,7941.599999999999,1.510958904109589,7941.599999999999,0.646900269541779,1.510958904109589,7942.40600000001,High Value
1,35,81.6,2815.25,True,True,False,True,False,True,True,False,False,False,False,False,False,True,False,False,False,False,False,False,True,False,True,False,False,False,78.20138888888889,2856.0,2.2666666666666666,2856.0,0.423728813559322,2.2666666666666666,2855.069500000002,Medium Value
0,62,80.4,4981.15,True,False,False,True,False,False,False,False,False,False,False,True,False,True,False,True,False,True,False,True,False,False,True,False,False,False,79.06587301587301,4984.8,1.2761904761904763,4984.8,0.7616707616707616,1.2761904761904763,4984.207999999998,Medium Value
1,60,49.45,2907.55,False,True,False,False,True,False,False,False,False,False,False,True,False,False,False,False,False,True,False,True,False,True,True,True,False,False,47.66475409836066,2967.0,0.8106557377049181,2967.0,1.189296333002973,0.8106557377049181,2966.0749999999985,Medium Value
0,71,76.05,5436.45,False,True,True,True,False,False,True,False,False,False,False,False,False,True,False,False,False,False,False,False,False,True,False,False,True,False,75.50625,5399.55,1.05625,5399.55,0.9214795587280988,1.05625,5397.437000000005,High Value
0,41,109.1,4454.25,False,True,True,True,False,True,True,False,False,False,False,True,False,True,False,True,False,True,False,True,True,False,True,False,False,False,106.05357142857144,4473.099999999999,2.5976190476190473,4473.099999999999,0.3723887375113533,2.5976190476190473,4470.158499999996,Medium Value
0,1,19.2,19.2,True,False,False,True,False,False,False,True,True,False,True,False,True,False,True,False,True,False,True,False,False,False,False,False,True,False,9.6,19.2,9.6,19.2,0.0495049504950495,9.6,19.206500000000027,Low Value
0,2,19.75,39.3,True,False,False,True,False,False,False,True,True,False,True,False,True,False,True,False,True,False,True,False,False,False,False,False,False,True,13.1,39.5,6.583333333333333,39.5,0.0963855421686747,6.583333333333333,39.498499999999986,Low Value
0,18,96.05,1740.7,False,False,False,True,False,False,True,False,False,True,False,False,False,False,False,False,False,True,False,True,False,False,True,False,True,False,91.61578947368422,1728.9,5.0552631578947365,1728.9,0.1854714064914992,5.0552631578947365,1729.1265000000014,Low Value
0,11,25.2,321.05,False,False,True,False,True,False,False,False,False,False,False,False,False,False,False,False,False,False,False,False,False,False,False,False,True,False,26.754166666666663,277.2,2.1,277.2,0.4198473282442748,2.1,277.32700000000017,Low Value
1,72,78.5,5602.25,False,True,False,True,False,True,True,False,False,True,False,False,False,False,False,False,False,False,False,False,False,True,False,False,False,False,76.7431506849315,5652.0,1.0753424657534247,5652.0,0.9056603773584906,1.0753424657534247,5651.4635,High Value
0,51,84.2,4299.75,True,True,True,True,False,True,True,False,False,False,False,True,False,False,False,True,False,False,False,False,True,False,False,False,False,False,82.6875,4294.2,1.6192307692307693,4294.2,0.5985915492957746,1.6192307692307693,4293.766500000003,Medium Value
0,21,74.05,1565.7,False,True,True,True,False,False,True,False,False,False,False,True,False,False,False,False,False,False,False,False,False,False,True,False,False,False,71.16818181818182,1555.05,3.3659090909090907,1555.05,0.2798134576948701,3.3659090909090907,1551.3089999999997,Low Value
0,1,20.2,20.2,True,False,False,True,False,False,False,True,True,False,True,False,True,False,True,False,True,False,True,False,False,False,False,False,False,True,10.1,20.2,10.1,20.2,0.0471698113207547,10.1,20.20000000000003,Low Value
0,4,88.95,355.2,False,False,False,True,False,True,True,False,False,False,False,True,False,False,False,False,False,False,False,True,False,False,True,False,True,False,71.03999999999999,355.8,17.79,355.8,0.0444691495275152,17.79,355.71050000000037,Low Value
1,60,110.0,6668.35,False,True,False,True,False,False,True,False,False,True,False,True,False,True,False,True,False,True,False,True,False,True,True,False,False,False,109.31721311475413,6600.0,1.8032786885245904,6600.0,0.5405405405405406,1.8032786885245904,6601.999,High Value
0,8,54.25,447.75,False,False,False,True,False,False,False,False,False,True,False,False,False,False,False,True,False,False,False,False,True,False,False,False,False,False,49.75,434.0,6.027777777777778,434.0,0.1447963800904977,6.027777777777778,435.4810000000002,Low Value
0,57,100.6,5611.7,False,True,True,True,False,True,True,False,False,False,False,True,False,False,False,False,False,True,False,True,False,False,True,False,True,False,96.75344827586208,5734.2,1.7344827586206897,5734.2,0.5610236220472441,1.7344827586206897,5735.9810000000025,High Value
0,14,24.8,321.7,True,False,False,True,False,True,False,True,True,False,True,False,True,False,True,False,True,False,True,False,True,False,True,True,False,False,21.446666666666665,347.2,1.653333333333333,347.2,0.5426356589147286,1.653333333333333,347.07099999999997,Low Value
1,2,84.05,186.05,False,False,False,True,False,True,True,False,False,False,False,False,False,False,False,False,False,False,False,True,False,False,True,False,True,False,62.01666666666667,168.1,28.016666666666666,168.1,0.0235155790711346,28.016666666666666,168.04000000000022,Low Value
0,10,70.0,740.0,True,False,False,True,False,False,True,False,False,False,False,False,False,False,False,False,False,False,False,False,False,False,True,False,True,False,67.27272727272727,700.0,6.363636363636363,700.0,0.1408450704225352,6.363636363636363,700.1949999999996,Low Value
0,1,20.2,20.2,True,False,False,True,False,False,False,True,True,False,True,False,True,False,True,False,True,False,True,False,False,False,True,False,False,False,10.1,20.2,10.1,20.2,0.0471698113207547,10.1,20.20000000000003,Low Value
0,61,25.3,1554.9,False,True,False,True,False,True,False,True,True,False,True,False,True,False,True,False,True,False,True,False,False,True,False,False,False,False,25.07903225806452,1543.3,0.4080645161290323,1543.3,2.3193916349809887,0.4080645161290323,1542.9974999999984,Low Value
1,70,75.65,5411.4,False,True,False,True,False,True,True,False,False,False,False,False,False,False,False,False,False,False,False,False,False,True,True,True,False,False,76.2169014084507,5295.5,1.065492957746479,5295.5,0.91324200913242,1.065492957746479,5293.507000000003,High Value
0,2,60.85,111.4,False,False,False,True,False,False,False,False,False,False,False,False,False,True,False,False,False,False,False,True,False,False,False,False,True,False,37.13333333333333,121.7,20.283333333333335,121.7,0.0323362974939369,20.283333333333335,121.84949999999989,Low Value
1,1,89.3,89.3,False,False,False,True,False,False,True,False,False,False,False,False,False,False,False,False,False,True,False,True,False,False,True,False,True,False,44.65,89.3,44.65,89.3,0.0110741971207087,44.65,89.32900000000004,Low Value
0,38,20.3,749.35,False,True,True,True,False,False,False,True,True,False,True,False,True,False,True,False,True,False,True,False,True,False,False,False,False,True,19.214102564102564,771.4,0.5205128205128206,771.4,1.784037558685446,0.5205128205128206,771.2744999999992,Low Value
1,7,70.1,467.55,True,True,False,True,False,False,True,False,False,False,False,False,False,False,False,False,False,False,False,False,False,False,True,False,False,True,58.44375,490.69999999999993,8.7625,490.69999999999993,0.0984528832630098,8.7625,490.2885000000005,Low Value
1,60,93.25,5774.55,True,True,True,True,False,True,True,False,False,True,False,True,False,False,False,False,False,False,False,True,False,False,True,False,True,False,94.66475409836066,5595.0,1.528688524590164,5595.0,0.636604774535809,1.528688524590164,5590.194000000002,High Value
0,2,49.2,103.7,False,False,False,True,False,False,False,False,False,False,False,True,False,False,False,False,False,False,False,False,False,False,False,False,False,True,34.56666666666667,98.4,16.400000000000002,98.4,0.0398406374501992,16.400000000000002,98.58150000000002,Low Value
0,2,90.4,168.2,False,False,False,True,False,False,True,False,False,False,False,False,False,False,False,False,False,True,False,True,False,False,True,False,True,False,56.06666666666666,180.8,30.133333333333336,180.8,0.0218818380743982,30.133333333333336,180.8965,Low Value
0,8,75.0,658.1,True,True,False,True,False,False,True,False,False,True,False,False,False,False,False,False,False,False,False,False,False,False,True,False,False,True,73.12222222222222,600.0,8.333333333333334,600.0,0.1052631578947368,8.333333333333334,599.3610000000001,Low Value
0,67,111.3,7482.1,True,True,True,True,False,True,True,False,False,True,False,True,False,True,False,False,False,True,False,True,True,False,True,False,True,False,110.03088235294118,7457.099999999999,1.636764705882353,7457.099999999999,0.5966162065894924,1.636764705882353,7453.500999999995,High Value
0,3,35.45,106.85,True,False,False,False,True,False,False,False,False,True,False,True,False,False,False,False,False,False,False,False,False,False,True,False,False,True,26.7125,106.35,8.8625,106.35,0.0823045267489712,8.8625,105.57650000000007,Low Value
0,27,19.4,460.25,True,False,False,True,False,False,False,True,True,False,True,False,True,False,True,False,True,False,True,False,False,False,True,True,False,False,16.4375,523.8,0.6928571428571428,523.8,1.323529411764706,0.6928571428571428,523.7545000000003,Low Value
0,3,64.4,195.65,True,False,False,True,False,False,False,False,False,True,False,False,False,False,False,True,False,True,False,False,False,False,True,True,False,False,48.9125,193.2,16.1,193.2,0.0458715596330275,16.1,193.44899999999998,Low Value
0,15,19.45,340.85,True,True,False,True,False,False,False,True,True,False,True,False,True,False,True,False,True,False,True,False,False,False,True,True,False,False,21.303125,291.75,1.215625,291.75,0.7334963325183375,1.215625,291.032,Low Value
0,7,89.75,608.8,True,True,True,True,False,False,True,False,False,False,False,True,False,False,False,True,False,True,False,False,False,False,True,False,True,False,76.1,628.25,11.21875,628.25,0.0771349862258953,11.21875,629.0804999999995,Low Value
0,1,20.25,20.25,True,False,False,True,False,False,False,True,True,False,True,False,True,False,True,False,True,False,True,False,False,False,True,False,False,True,10.125,20.25,10.125,20.25,0.0470588235294117,10.125,20.250999999999998,Low Value
0,48,20.65,1057.0,False,True,True,True,False,False,False,True,True,False,True,False,True,False,True,False,True,False,True,False,False,True,False,False,False,False,21.571428571428573,991.2,0.4214285714285714,991.2,2.217090069284065,0.4214285714285714,991.1280000000005,Low Value
0,70,40.05,2799.75,True,False,False,False,True,False,False,False,False,False,False,False,False,False,False,True,False,False,False,True,False,True,True,False,False,True,39.433098591549296,2803.5,0.5640845070422534,2803.5,1.7052375152253352,0.5640845070422534,2803.3775,Medium Value
0,60,20.95,1270.55,True,True,True,True,False,False,False,True,True,False,True,False,True,False,True,False,True,False,True,False,False,True,True,False,False,False,20.828688524590163,1257.0,0.3434426229508197,1257.0,2.733485193621868,0.3434426229508197,1256.9475000000018,Low Value
0,9,19.05,157.65,False,False,False,True,False,False,False,True,True,False,True,False,True,False,True,False,True,False,True,False,False,False,False,False,False,True,15.765,171.45000000000002,1.905,171.45000000000002,0.4488778054862842,1.905,171.20199999999988,Low Value
1,2,79.2,172.85,False,True,False,True,False,True,True,False,False,False,False,False,False,True,False,False,False,False,False,False,False,False,False,False,True,False,57.61666666666667,158.4,26.4,158.4,0.0249376558603491,26.4,158.19799999999995,Low Value
0,1,30.5,30.5,False,True,True,False,True,False,False,False,False,True,False,False,False,False,False,False,False,False,False,False,False,False,False,False,False,False,15.25,30.5,15.25,30.5,0.0317460317460317,15.25,30.10449999999997,Low Value
0,1,70.1,70.1,False,False,False,True,False,False,True,False,False,False,False,False,False,False,False,False,False,False,False,False,False,False,True,False,True,False,35.05,70.1,35.05,70.1,0.0140646976090014,35.05,70.09150000000011,Low Value
0,58,91.55,5511.65,False,True,True,True,False,False,True,False,False,False,False,True,False,True,False,False,False,True,False,False,False,False,True,False,True,False,93.41779661016948,5309.9,1.5516949152542372,5309.9,0.6266882766072394,1.5516949152542372,5313.657500000004,High Value
0,39,30.1,1131.3,False,False,True,False,True,False,False,False,False,False,False,False,False,True,False,False,False,False,False,False,False,False,False,True,False,False,28.2825,1173.9,0.7525000000000001,1173.9,1.2540192926045015,0.7525000000000001,1172.4534999999994,Low Value
1,71,92.0,6585.2,True,True,False,True,False,True,True,False,False,True,False,True,False,True,False,True,False,False,False,False,True,False,True,False,True,False,91.46111111111112,6532.0,1.2777777777777777,6532.0,0.7634408602150538,1.2777777777777777,6536.7465,High Value
0,22,20.15,419.9,True,True,True,True,False,False,False,True,True,False,True,False,True,False,True,False,True,False,True,False,True,False,False,False,False,True,18.25652173913043,443.2999999999999,0.8760869565217391,443.2999999999999,1.0401891252955084,0.8760869565217391,443.0190000000003,Low Value
0,17,44.6,681.4,True,False,True,True,False,False,False,False,False,False,False,False,False,False,False,False,False,False,False,False,True,False,False,False,False,True,37.855555555555554,758.2,2.477777777777778,758.2,0.3728070175438596,2.477777777777778,757.9064999999999,Low Value
0,13,35.4,450.4,False,False,False,False,True,False,False,False,False,False,False,False,False,True,False,True,False,False,False,False,False,True,False,False,False,True,32.17142857142857,460.2,2.5285714285714285,460.2,0.3571428571428571,2.5285714285714285,460.41100000000034,Low Value
0,1,69.35,69.35,True,False,False,True,False,False,True,False,False,False,False,False,False,False,False,False,False,False,False,False,False,False,True,False,True,False,34.675,69.35,34.675,69.35,0.0142146410803127,34.675,69.36350000000002,Low Value
0,44,61.5,2722.2,False,True,False,True,False,False,False,False,False,True,False,True,False,True,False,False,False,False,False,False,True,False,True,False,False,True,60.49333333333333,2706.0,1.3666666666666667,2706.0,0.704,1.3666666666666667,2707.1614999999983,Medium Value
0,1,79.5,79.5,True,False,False,True,False,False,True,False,False,False,False,False,False,False,False,False,False,True,False,False,False,False,True,False,True,False,39.75,79.5,39.75,79.5,0.0124223602484472,39.75,79.55000000000011,Low Value
0,53,78.75,3942.45,True,True,True,True,False,True,False,False,False,False,False,False,False,True,False,True,False,True,False,True,True,False,True,False,False,True,73.00833333333333,4173.75,1.4583333333333333,4173.75,0.664576802507837,1.4583333333333333,4179.398500000001,Medium Value
0,3,25.1,79.8,True,False,False,False,True,False,False,False,False,False,False,False,False,False,False,False,False,False,False,False,False,False,False,False,True,False,19.95,75.30000000000001,6.275,75.30000000000001,0.1149425287356321,6.275,75.32250000000005,Low Value
0,24,79.65,1928.7,False,True,False,True,False,True,True,False,False,False,False,False,False,True,False,False,False,False,False,False,False,False,True,False,False,True,77.148,1911.6,3.1860000000000004,1911.6,0.2975821450712957,3.1860000000000004,1912.5204999999999,Low Value
1,62,97.95,5936.55,False,True,False,True,False,True,True,False,False,False,False,True,False,True,False,False,False,True,False,False,True,False,True,True,False,False,94.2309523809524,6072.900000000001,1.5547619047619048,6072.900000000001,0.6265790803436079,1.5547619047619048,6068.417000000002,High Value
0,5,44.05,202.15,False,False,False,True,False,False,False,False,False,False,False,False,False,False,False,False,False,False,False,False,False,False,True,True,False,False,33.69166666666667,220.25,7.341666666666666,220.25,0.1109877913429522,7.341666666666666,220.85549999999978,Low Value
0,6,55.0,340.4,False,False,False,True,False,False,False,False,False,False,False,False,False,False,False,False,False,False,False,True,False,False,True,False,True,False,48.628571428571426,330.0,7.857142857142857,330.0,0.1071428571428571,7.857142857142857,329.7124999999997,Low Value
0,49,20.15,973.35,False,True,False,True,False,False,False,True,True,False,True,False,True,False,True,False,True,False,True,False,False,True,True,False,False,False,19.467,987.35,0.4029999999999999,987.35,2.3167848699763596,0.4029999999999999,987.0989999999997,Low Value
0,5,19.25,86.05,True,False,False,True,False,False,False,True,True,False,True,False,True,False,True,False,True,False,True,False,False,False,True,False,False,True,14.341666666666669,96.25,3.2083333333333335,96.25,0.2469135802469135,3.2083333333333335,96.38,Low Value
1,2,94.0,181.7,True,False,False,True,False,True,True,False,False,False,False,False,False,False,False,False,False,True,False,True,False,False,True,False,True,False,60.56666666666666,188.0,31.333333333333332,188.0,0.0210526315789473,31.333333333333332,188.04600000000028,Low Value
0,71,116.25,8564.75,True,True,False,True,False,True,True,False,False,True,False,True,False,True,False,True,False,True,False,True,False,True,True,False,True,False,118.95486111111111,8253.75,1.6145833333333333,8253.75,0.605543710021322,1.6145833333333333,8269.723000000005,High Value
0,53,110.5,5835.5,False,True,False,True,False,False,True,False,False,True,False,True,False,True,False,True,False,True,False,True,True,False,False,False,True,False,108.0648148148148,5856.5,2.0462962962962963,5856.5,0.4753363228699551,2.0462962962962963,5856.433499999998,High Value
0,45,54.15,2319.8,False,True,True,True,False,False,False,False,False,False,False,True,False,False,False,True,False,False,False,False,True,False,True,True,False,False,50.4304347826087,2436.75,1.1771739130434782,2436.75,0.8159564823209429,1.1771739130434782,2437.9095000000043,Medium Value
0,27,19.15,501.35,False,False,False,True,False,False,False,True,True,False,True,False,True,False,True,False,True,False,True,False,True,False,False,False,False,True,17.905357142857145,517.05,0.6839285714285713,517.05,1.3399503722084367,0.6839285714285713,516.6835000000003,Low Value
0,36,51.05,1815.0,False,True,True,True,False,False,False,False,False,True,False,False,False,False,False,False,False,False,False,False,False,False,False,True,False,False,49.054054054054056,1837.8,1.3797297297297295,1837.8,0.69164265129683,1.3797297297297295,1839.2075000000007,Low Value
0,54,55.0,3092.65,True,False,True,True,False,True,False,False,False,False,False,True,False,False,False,False,False,False,False,False,False,False,True,True,False,False,56.23,2970.0,1.0,2970.0,0.9642857142857144,1.0,2965.832999999999,Medium Value
0,57,107.95,5969.85,True,True,False,True,False,True,True,False,False,False,False,False,False,True,False,True,False,True,False,True,False,True,False,False,True,False,102.92844827586208,6153.150000000001,1.861206896551724,6153.150000000001,0.523175768701239,1.861206896551724,6153.065000000005,High Value
0,1,50.75,50.75,True,False,False,True,False,False,False,False,False,False,False,True,False,False,False,False,False,False,False,False,False,False,True,False,True,False,25.375,50.75,25.375,50.75,0.0193236714975845,25.375,50.71799999999998,Low Value
0,34,84.75,2839.45,False,True,True,True,False,False,False,False,False,True,False,True,False,True,False,True,False,True,False,True,False,True,False,False,False,True,81.12714285714286,2881.5,2.4214285714285713,2881.5,0.3965014577259475,2.4214285714285713,2877.3355000000015,Medium Value
0,56,44.85,2564.95,False,False,False,False,True,False,False,False,False,False,False,False,False,False,False,False,False,True,False,True,False,False,True,True,False,False,44.99912280701754,2511.6,0.7868421052631579,2511.6,1.2213740458015268,0.7868421052631579,2513.0735,Medium Value
0,11,76.5,837.95,False,False,False,True,False,True,True,False,False,False,False,False,False,False,False,False,False,False,False,False,False,False,True,False,True,False,69.82916666666667,841.5,6.375,841.5,0.1419354838709677,6.375,841.6329999999999,Low Value
0,7,20.25,144.35,True,True,True,True,False,False,False,True,True,False,True,False,True,False,True,False,True,False,True,False,False,False,False,False,False,True,18.04375,141.75,2.53125,141.75,0.3294117647058823,2.53125,141.77399999999997,Low Value
0,5,64.4,316.9,True,True,True,True,False,True,False,False,False,True,False,True,False,False,False,True,False,False,False,False,False,False,False,True,False,False,52.81666666666666,322.0,10.733333333333334,322.0,0.0764525993883792,10.733333333333334,321.49600000000015,Low Value
0,24,74.8,1821.2,True,True,True,True,False,True,False,False,False,True,False,False,False,False,False,False,False,True,False,True,True,False,False,False,False,True,72.848,1795.1999999999998,2.992,1795.1999999999998,0.316622691292876,2.992,1799.0899999999995,Low Value
1,54,74.0,3919.15,True,True,False,True,False,True,True,False,False,False,False,False,False,False,False,False,False,False,False,False,False,False,False,False,False,False,71.25727272727273,3996.0,1.3454545454545457,3996.0,0.72,1.3454545454545457,3994.862500000003,Medium Value
0,72,89.05,6254.45,True,True,False,True,False,True,False,False,False,True,False,True,False,True,False,True,False,True,False,True,False,True,True,False,False,False,85.67739726027396,6411.599999999999,1.21986301369863,6411.599999999999,0.7995558023320378,1.21986301369863,6407.656499999996,High Value
0,30,67.6,2000.2,True,True,True,True,False,True,False,False,False,True,False,True,False,True,False,True,False,False,False,False,False,False,False,False,True,False,64.5225806451613,2028.0,2.1806451612903226,2028.0,0.4373177842565598,2.1806451612903226,2030.131499999999,Medium Value
1,15,96.3,1426.75,False,False,False,True,False,False,True,False,False,True,False,False,False,True,False,True,False,False,False,True,False,False,True,False,False,True,89.171875,1444.5,6.01875,1444.5,0.1541623843782117,6.01875,1441.868999999999,Low Value
0,15,20.05,284.3,False,True,True,True,False,False,False,True,True,False,True,False,True,False,True,False,True,False,True,False,False,False,False,False,False,True,17.76875,300.75,1.253125,300.75,0.7125890736342042,1.253125,300.17999999999984,Low Value
1,57,104.9,5913.95,True,False,False,True,False,True,True,False,False,False,False,True,False,False,False,True,False,True,False,True,False,False,True,False,False,False,101.9646551724138,5979.3,1.8086206896551724,5979.3,0.5382436260623229,1.8086206896551724,5977.964999999999,High Value
0,72,90.45,6565.85,True,True,True,True,False,True,True,False,False,False,False,True,False,True,False,True,False,False,False,False,False,True,False,False,False,False,89.94315068493151,6512.400000000001,1.239041095890411,6512.400000000001,0.7873154729360305,1.239041095890411,6509.059499999996,High Value
0,13,97.0,1334.45,True,True,True,True,False,False,True,False,False,False,False,False,False,True,False,False,False,True,False,True,False,False,False,False,True,False,95.31785714285716,1261.0,6.928571428571429,1261.0,0.1326530612244898,6.928571428571429,1260.9335000000017,Low Value
0,60,20.6,1093.0,False,False,False,True,False,False,False,True,True,False,True,False,True,False,True,False,True,False,True,False,False,True,False,False,False,True,17.918032786885245,1236.0,0.3377049180327869,1236.0,2.7777777777777777,0.3377049180327869,1235.4714999999997,Low Value
0,22,65.05,1427.55,True,False,False,True,False,True,False,False,False,True,False,True,False,True,False,False,False,False,False,False,False,False,False,False,False,True,62.06739130434782,1431.1,2.8282608695652174,1431.1,0.3330809992429977,2.8282608695652174,1431.1109999999994,Low Value
0,34,105.35,3540.65,True,False,False,True,False,True,True,False,False,False,False,True,False,False,False,True,False,True,False,True,False,False,True,False,True,False,101.16142857142856,3581.8999999999996,3.01,3581.8999999999996,0.3196991067230841,3.01,3583.2435000000014,Medium Value
0,7,79.7,586.05,False,False,False,True,False,False,True,False,False,False,False,False,False,False,False,False,False,True,False,False,False,False,True,False,True,False,73.25625,557.9,9.9625,557.9,0.0867410161090458,9.9625,557.656,Low Value
0,20,20.0,417.65,False,True,True,True,False,False,False,True,True,False,True,False,True,False,True,False,True,False,True,False,False,False,False,False,True,False,19.888095238095236,400.0,0.9523809523809524,400.0,0.9523809523809524,0.9523809523809524,399.92250000000007,Low Value
0,52,85.8,4433.3,False,True,True,True,False,False,True,False,False,False,False,True,False,True,False,True,False,False,False,False,False,False,False,False,False,False,83.64716981132077,4461.599999999999,1.6188679245283015,4461.599999999999,0.599078341013825,1.6188679245283015,4461.838499999999,Medium Value
0,24,99.65,2404.85,True,False,False,True,False,True,True,False,False,False,False,True,False,False,False,False,False,True,False,True,False,False,True,False,False,False,96.194,2391.6000000000004,3.986,2391.6000000000004,0.2384500745156482,3.986,2392.5449999999996,Medium Value
1,4,48.75,179.85,False,False,False,True,False,True,False,False,False,False,False,False,False,False,False,False,False,False,False,False,False,False,False,False,False,True,35.97,195.0,9.75,195.0,0.0804020100502512,9.75,194.90000000000006,Low Value
1,57,71.1,4140.1,True,True,False,True,False,True,False,False,False,False,False,True,False,True,False,False,False,True,False,False,True,False,True,True,False,False,71.38103448275862,4052.7,1.225862068965517,4052.7,0.7905686546463246,1.225862068965517,4053.5419999999945,Medium Value
0,66,65.85,4097.05,True,True,True,True,False,False,False,False,False,True,False,True,False,True,False,True,False,False,False,False,False,True,False,False,False,True,61.150000000000006,4346.099999999999,0.9828358208955223,4346.099999999999,0.987284966342558,0.9828358208955223,4344.611000000005,Medium Value
0,11,64.9,716.1,False,False,False,True,False,False,False,False,False,False,False,False,False,False,False,False,False,True,False,True,False,False,True,False,True,False,59.675,713.9000000000001,5.408333333333334,713.9000000000001,0.1669195751138087,5.408333333333334,713.6065,Low Value
0,57,84.5,4845.4,False,True,True,True,False,True,False,False,False,True,False,False,False,True,False,True,False,True,False,True,False,True,True,False,True,False,83.54137931034482,4816.5,1.456896551724138,4816.5,0.6666666666666666,1.456896551724138,4815.023000000004,Medium Value
0,40,84.85,3303.05,False,True,True,True,False,True,True,False,False,False,False,False,False,True,False,True,False,False,False,False,False,False,True,False,True,False,80.56219512195122,3394.0,2.069512195121951,3394.0,0.46592894583576,2.069512195121951,3394.4960000000015,Medium Value
1,57,55.0,3094.05,False,False,False,False,True,False,False,False,False,False,False,True,False,True,False,False,False,True,False,True,False,False,True,False,True,False,53.345689655172414,3135.0,0.9482758620689656,3135.0,1.0178571428571428,0.9482758620689656,3135.672499999999,Medium Value
0,2,95.15,196.9,False,False,False,True,False,True,True,False,False,False,False,False,False,False,False,False,False,True,False,True,False,False,True,False,True,False,65.63333333333334,190.3,31.71666666666667,190.3,0.0208008320332813,31.71666666666667,190.09399999999997,Low Value
0,70,78.35,5445.95,True,True,True,True,False,True,False,False,False,True,False,True,False,True,False,True,False,False,False,True,True,False,False,False,False,False,76.70352112676056,5484.5,1.1035211267605634,5484.5,0.8821676118462508,1.1035211267605634,5481.215,High Value
1,7,89.5,676.7,True,True,False,True,False,False,True,False,False,False,False,False,False,False,False,False,False,True,False,True,False,False,True,False,True,False,84.5875,626.5,11.1875,626.5,0.0773480662983425,11.1875,624.8300000000002,Low Value
0,17,21.1,385.55,True,False,False,True,False,False,False,True,True,False,True,False,True,False,True,False,True,False,True,False,False,False,False,True,False,False,21.419444444444444,358.70000000000005,1.1722222222222225,358.70000000000005,0.7692307692307692,1.1722222222222225,357.62650000000025,Low Value
1,33,105.35,3465.05,False,False,True,True,False,True,True,False,False,False,False,True,False,True,False,False,False,True,False,True,False,False,True,False,False,False,101.91323529411764,3476.5499999999997,3.0985294117647055,3476.5499999999997,0.310296191819464,3.0985294117647055,3474.8785000000003,Medium Value
1,18,73.55,1359.45,False,False,False,True,False,False,True,False,False,False,False,True,False,False,False,False,False,False,False,False,False,False,True,False,True,False,71.55,1323.9,3.871052631578947,1323.9,0.2414486921529175,3.871052631578947,1323.7480000000003,Low Value
0,63,63.55,4014.2,False,True,True,True,False,False,False,False,False,True,False,True,False,True,False,True,False,False,False,False,False,True,False,False,False,True,62.721875,4003.65,0.99296875,4003.65,0.975987606506584,0.99296875,4002.8395000000005,Medium Value
0,20,18.9,347.65,False,False,False,True,False,False,False,True,True,False,True,False,True,False,True,False,True,False,True,False,False,False,True,True,False,False,16.554761904761904,378.0,0.8999999999999999,378.0,1.0050251256281408,0.8999999999999999,377.70649999999966,Low Value
0,70,84.7,5991.05,False,False,False,True,False,True,False,False,False,True,False,True,False,True,False,False,False,True,False,True,False,True,False,False,False,True,84.38098591549296,5929.0,1.1929577464788732,5929.0,0.8168028004667445,1.1929577464788732,5925.921999999997,High Value
1,53,95.85,5016.25,False,True,False,True,False,True,True,False,False,False,False,False,False,False,False,False,False,True,False,True,True,False,True,True,False,False,92.89351851851852,5080.049999999999,1.775,5080.049999999999,0.5472379969024265,1.775,5081.799000000001,High Value
0,24,20.15,456.85,False,True,False,True,False,False,False,True,True,False,True,False,True,False,True,False,True,False,True,False,True,False,False,False,False,True,18.274,483.6,0.8059999999999999,483.6,1.1347517730496457,0.8059999999999999,483.62100000000027,Low Value
0,56,99.75,5608.4,False,True,True,True,False,True,True,False,False,False,False,True,False,True,False,True,False,False,False,True,True,False,True,True,False,False,98.39298245614034,5586.0,1.75,5586.0,0.5558312655086849,1.75,5585.694499999999,High Value
0,39,104.7,4134.85,False,True,False,True,False,False,True,False,False,True,False,False,False,True,False,True,False,True,False,True,True,False,True,True,False,False,103.37125,4083.3,2.6175,4083.3,0.368968779564806,2.6175,4085.3485000000014,Medium Value
1,17,92.55,1614.7,False,True,False,True,False,True,True,False,False,False,False,False,False,False,False,False,False,True,False,True,False,False,True,False,True,False,89.70555555555556,1573.35,5.141666666666667,1573.35,0.1817210048102619,5.141666666666667,1573.5800000000006,Low Value
0,15,68.6,1108.6,True,True,False,True,False,False,True,False,False,False,False,False,False,False,False,False,False,False,False,False,False,False,True,False,False,False,69.2875,1029.0,4.2875,1029.0,0.2155172413793103,4.2875,1028.2579999999998,Low Value
1,38,101.15,3741.85,True,True,True,True,False,True,True,False,False,False,False,True,False,False,False,False,False,True,False,True,False,False,False,False,True,False,95.9448717948718,3843.7,2.5935897435897437,3843.7,0.3720019579050416,2.5935897435897437,3845.436500000005,Medium Value
0,13,49.15,649.4,False,False,False,False,True,False,False,False,False,False,False,False,False,True,False,False,False,True,False,True,False,False,False,False,True,False,46.385714285714286,638.9499999999999,3.5107142857142857,638.9499999999999,0.259222333000997,3.5107142857142857,639.1700000000002,Low Value
0,44,20.6,926.0,True,True,True,True,False,False,False,True,True,False,True,False,True,False,True,False,True,False,True,False,True,False,False,False,False,False,20.57777777777778,906.4,0.4577777777777778,906.4,2.0370370370370368,0.4577777777777778,904.9005000000003,Low Value
1,46,80.4,3605.2,True,True,False,True,False,False,True,False,False,False,False,False,False,False,False,False,False,False,False,True,False,False,True,False,True,False,76.7063829787234,3698.4,1.7106382978723405,3698.4,0.5651105651105651,1.7106382978723405,3701.6939999999972,Medium Value
0,56,98.7,5669.5,False,True,False,True,False,False,True,False,False,False,False,False,False,True,False,True,False,True,False,True,False,False,True,False,True,False,99.46491228070175,5527.2,1.731578947368421,5527.2,0.5616850551654965,1.731578947368421,5527.787500000002,High Value
1,2,44.15,92.65,True,False,False,True,False,False,False,False,False,False,False,False,False,False,False,False,False,False,False,False,False,False,True,False,True,False,30.883333333333336,88.3,14.716666666666669,88.3,0.044296788482835,14.716666666666669,88.56500000000007,Low Value
0,6,18.95,110.15,True,False,False,True,False,False,False,True,True,False,True,False,True,False,True,False,True,False,True,False,False,False,False,False,False,True,15.735714285714286,113.7,2.707142857142857,113.7,0.3007518796992481,2.707142857142857,113.95799999999996,Low Value
1,48,29.9,1388.75,False,True,True,False,True,False,False,False,False,False,False,True,False,False,False,False,False,False,False,False,True,False,False,False,False,False,28.34183673469388,1435.1999999999998,0.610204081632653,1435.1999999999998,1.5533980582524272,0.610204081632653,1435.3620000000008,Low Value
0,68,78.45,5333.35,False,True,True,True,False,True,False,False,False,True,False,True,False,True,False,True,False,False,False,True,True,False,True,False,True,False,77.2949275362319,5334.6,1.1369565217391304,5334.6,0.8558842039018251,1.1369565217391304,5333.736000000005,High Value
0,31,80.45,2429.1,True,False,False,True,False,True,True,False,False,False,False,True,False,False,False,False,False,False,False,False,False,False,True,False,True,False,75.909375,2493.9500000000003,2.5140625,2493.9500000000003,0.3806015960712093,2.5140625,2495.267999999999,Medium Value
0,12,112.95,1384.75,True,False,False,True,False,True,True,False,False,False,False,True,False,True,False,True,False,True,False,True,False,False,True,False,False,True,106.51923076923076,1355.4,8.688461538461539,1355.4,0.1053093462044756,8.688461538461539,1355.6194999999996,Low Value
0,1,70.1,70.1,False,False,False,True,False,False,True,False,False,False,False,False,False,False,False,False,False,False,False,False,False,False,True,False,True,False,35.05,70.1,35.05,70.1,0.0140646976090014,35.05,70.09150000000011,Low Value
1,72,89.1,6352.4,False,True,False,True,False,True,False,False,False,True,False,True,False,True,False,True,False,True,False,True,False,True,False,True,False,False,87.01917808219177,6415.2,1.2205479452054793,6415.2,0.7991120976692564,1.2205479452054793,6409.948499999995,High Value
1,5,20.05,94.15,True,False,False,True,False,False,False,True,True,False,True,False,True,False,True,False,True,False,True,False,False,False,False,False,False,False,15.691666666666668,100.25,3.341666666666667,100.25,0.2375296912114014,3.341666666666667,100.23649999999999,Low Value
0,3,75.3,244.1,False,False,False,True,False,False,False,False,False,False,False,True,False,False,False,True,False,True,False,True,False,False,True,False,True,False,61.025,225.9,18.825,225.9,0.0393184796854521,18.825,225.86849999999995,Low Value
0,63,102.4,6444.05,True,True,False,True,False,True,True,False,False,False,False,True,False,True,False,False,False,True,False,True,False,False,True,False,True,False,100.68828125,6451.200000000001,1.6,6451.200000000001,0.609284332688588,1.6,6453.634499999995,High Value
0,67,72.35,4991.5,False,False,False,True,False,False,False,False,False,True,False,False,False,True,False,True,False,False,False,True,True,False,True,False,False,False,73.40441176470588,4847.45,1.063970588235294,4847.45,0.9134287661895024,1.063970588235294,4848.1430000000055,Medium Value
0,66,66.1,4428.45,True,True,False,True,False,True,False,False,False,True,False,True,False,True,False,False,False,False,False,False,False,True,True,True,False,False,66.09626865671642,4362.599999999999,0.9865671641791044,4362.599999999999,0.9836065573770492,0.9865671641791044,4359.998999999999,Medium Value
0,23,20.85,473.9,True,False,False,True,False,False,False,True,True,False,True,False,True,False,True,False,True,False,True,False,False,False,False,False,True,False,19.745833333333337,479.55,0.86875,479.55,1.0526315789473684,0.86875,479.92499999999984,Low Value
0,8,21.05,139.75,False,True,True,True,False,False,False,True,True,False,True,False,True,False,True,False,True,False,True,False,False,False,False,True,False,False,15.52777777777778,168.4,2.338888888888889,168.4,0.3628117913832199,2.338888888888889,167.35250000000005,Low Value
0,64,19.45,1208.6,False,True,False,True,False,False,False,True,True,False,True,False,True,False,True,False,True,False,True,False,False,True,False,True,False,False,18.59384615384615,1244.8,0.2992307692307692,1244.8,3.12958435207824,0.2992307692307692,1244.5065000000016,Low Value
0,16,49.95,810.2,False,True,False,False,True,False,False,False,False,False,False,False,False,False,False,True,False,True,False,True,False,False,True,False,True,False,47.65882352941177,799.2,2.9382352941176473,799.2,0.3140333660451422,2.9382352941176473,799.4780000000002,Low Value
1,17,94.2,1608.15,False,False,False,True,False,True,True,False,False,False,False,False,False,False,False,False,False,True,False,True,False,False,True,False,True,False,89.34166666666667,1601.4,5.233333333333333,1601.4,0.1785714285714285,5.233333333333333,1601.6999999999998,Low Value
0,1,19.65,19.65,False,False,False,True,False,False,False,True,True,False,True,False,True,False,True,False,True,False,True,False,False,False,False,False,False,True,9.825,19.65,9.825,19.65,0.0484261501210653,9.825,19.64950000000003,Low Value
0,72,100.55,7325.1,True,True,False,True,False,True,True,False,False,True,False,True,False,False,False,True,False,False,False,True,False,True,True,False,False,False,100.34383561643835,7239.599999999999,1.3773972602739726,7239.599999999999,0.7090103397341212,1.3773972602739726,7240.653000000002,High Value
0,15,100.15,1415.0,False,False,False,True,False,True,True,False,False,False,False,True,False,False,False,False,False,True,False,True,False,False,True,False,True,False,88.4375,1502.25,6.259375,1502.25,0.148294611962432,6.259375,1501.457499999999,Low Value
0,60,80.55,4847.05,False,False,False,True,False,True,False,False,False,False,False,False,False,True,False,True,False,True,False,True,True,False,False,True,False,False,79.45983606557377,4833.0,1.3204918032786883,4833.0,0.7357449417535254,1.3204918032786883,4831.577500000002,Medium Value
0,15,55.7,899.8,False,False,False,True,False,True,False,False,False,True,False,False,False,False,False,False,False,False,False,False,False,False,True,False,False,True,56.2375,835.5,3.48125,835.5,0.2645502645502645,3.48125,835.5399999999992,Low Value
0,1,95.65,95.65,False,False,False,True,False,True,True,False,False,False,False,False,False,False,False,False,False,True,False,True,False,False,False,False,False,True,47.825,95.65,47.825,95.65,0.0103466114847387,47.825,95.70550000000011,Low Value
0,8,38.5,330.8,False,False,True,False,True,False,False,False,False,True,False,False,False,False,False,False,False,False,False,True,False,False,True,False,True,False,36.75555555555556,308.0,4.277777777777778,308.0,0.2025316455696202,4.277777777777778,307.9514999999998,Low Value
0,63,79.7,4786.15,False,True,False,True,False,True,False,False,False,True,False,True,False,False,False,False,False,True,False,True,True,False,True,True,False,False,74.78359375,5021.1,1.2453125,5021.1,0.7806691449814126,1.2453125,5028.868000000001,High Value
0,1,44.8,44.8,True,False,False,True,False,False,False,False,False,False,False,False,False,False,False,False,False,False,False,False,False,False,True,False,True,False,22.4,44.8,22.4,44.8,0.0218340611353711,22.4,44.7545,Low Value
0,1,48.55,48.55,True,False,False,True,False,False,False,False,False,True,False,False,False,False,False,False,False,False,False,False,False,False,True,False,False,True,24.275,48.55,24.275,48.55,0.0201816347124117,24.275,48.654500000000006,Low Value
0,1,54.5,54.5,False,False,True,True,False,False,False,False,False,True,False,False,False,False,False,True,False,False,False,False,False,False,False,False,True,False,27.25,54.5,27.25,54.5,0.018018018018018,27.25,54.43350000000002,Low Value
1,56,95.65,5471.75,False,True,False,True,False,True,True,False,False,True,False,True,False,True,False,True,False,False,False,False,True,False,False,False,True,False,95.99561403508773,5356.400000000001,1.6780701754385965,5356.400000000001,0.5794102431453698,1.6780701754385965,5357.780999999997,High Value
0,35,61.0,2130.45,True,True,False,True,False,False,False,False,False,True,False,True,False,True,False,False,False,False,False,False,False,False,False,False,False,True,59.17916666666666,2135.0,1.6944444444444444,2135.0,0.5645161290322581,1.6944444444444444,2134.2539999999995,Medium Value
0,22,87.0,1850.65,True,True,False,True,False,False,True,False,False,False,False,False,False,True,False,False,False,True,False,False,False,False,True,False,False,False,80.46304347826087,1914.0,3.782608695652174,1914.0,0.25,3.782608695652174,1913.0294999999996,Low Value
0,1,19.5,19.5,True,False,False,True,False,False,False,True,True,False,True,False,True,False,True,False,True,False,True,False,False,False,True,False,False,True,9.75,19.5,9.75,19.5,0.048780487804878,9.75,19.4965,Low Value
0,50,93.5,4747.5,True,False,False,True,False,False,True,False,False,True,False,True,False,False,False,True,False,False,False,True,False,False,True,True,False,False,93.08823529411764,4675.0,1.8333333333333333,4675.0,0.5291005291005291,1.8333333333333333,4675.613499999998,Medium Value
0,41,80.25,3439.0,True,True,False,True,False,True,True,False,False,False,False,True,False,False,False,False,False,False,False,False,False,False,True,False,True,False,81.88095238095238,3290.25,1.9107142857142856,3290.25,0.5046153846153846,1.9107142857142856,3292.916000000001,Medium Value
0,39,100.0,3835.55,True,True,True,True,False,True,True,False,False,False,False,False,False,True,False,False,False,True,False,True,True,False,False,False,True,False,95.88875,3900.0,2.5,3900.0,0.3861386138613861,2.5,3900.827499999997,Medium Value
0,1,53.95,53.95,True,False,False,True,False,False,False,False,False,True,False,False,False,False,False,True,False,False,False,False,False,False,True,False,True,False,26.975,53.95,26.975,53.95,0.0181983621474067,26.975,54.23150000000006,Low Value
0,8,56.3,401.5,False,True,True,True,False,False,False,False,False,False,False,True,False,False,False,True,False,False,False,False,False,False,False,False,False,False,44.611111111111114,450.4,6.2555555555555555,450.4,0.1396160558464223,6.2555555555555555,450.2745000000001,Low Value
0,20,78.8,1641.3,True,False,False,True,False,False,True,False,False,False,False,False,False,False,False,False,False,True,False,False,False,False,False,False,True,False,78.15714285714286,1576.0,3.752380952380952,1576.0,0.2506265664160401,3.752380952380952,1575.2030000000002,Low Value
1,51,93.8,4750.95,True,True,False,True,False,True,True,False,False,True,False,False,False,True,False,False,False,True,False,False,False,False,True,False,False,False,91.36442307692307,4783.8,1.803846153846154,4783.8,0.5379746835443038,1.803846153846154,4785.000999999998,Medium Value
1,1,74.7,74.7,True,False,False,True,False,False,True,False,False,False,False,False,False,False,False,True,False,False,False,False,False,False,False,False,True,False,37.35,74.7,37.35,74.7,0.0132100396301188,37.35,74.67899999999992,Low Value
1,72,84.8,6141.65,True,True,False,True,False,False,True,False,False,True,False,True,False,False,False,True,False,False,False,False,False,True,True,True,False,False,84.13219178082191,6105.599999999999,1.1616438356164382,6105.599999999999,0.8391608391608392,1.1616438356164382,6105.510999999994,High Value
1,24,93.15,2231.05,True,True,False,True,False,False,True,False,False,False,False,False,False,True,False,False,False,True,False,True,False,False,True,False,True,False,89.242,2235.6000000000004,3.726,2235.6000000000004,0.2549123738714817,3.726,2235.6069999999995,Medium Value
0,56,19.7,1051.9,False,False,False,True,False,False,False,True,True,False,True,False,True,False,True,False,True,False,True,False,False,True,False,False,False,False,18.454385964912284,1103.2,0.3456140350877192,1103.2,2.705314009661836,0.3456140350877192,1103.8989999999997,Low Value
0,53,99.5,5424.25,False,False,False,True,False,False,True,False,False,True,False,True,False,True,False,True,False,False,False,True,False,True,False,False,False,True,100.44907407407408,5273.5,1.8425925925925928,5273.5,0.527363184079602,1.8425925925925928,5269.391499999999,High Value
0,47,54.25,2538.2,True,True,True,True,False,True,False,False,False,False,False,True,False,False,False,False,False,False,False,False,False,False,False,False,True,False,52.87916666666666,2549.75,1.1302083333333333,2549.75,0.8506787330316742,1.1302083333333333,2548.287500000002,Medium Value
0,72,109.2,7711.45,False,True,True,True,False,True,True,False,False,False,False,True,False,True,False,True,False,True,False,True,False,True,True,False,False,False,105.636301369863,7862.400000000001,1.4958904109589042,7862.400000000001,0.6533575317604355,1.4958904109589042,7859.051500000012,High Value
0,11,74.35,834.2,True,True,True,True,False,True,True,False,False,False,False,False,False,False,False,False,False,False,False,False,False,False,True,False,True,False,69.51666666666667,817.8499999999999,6.195833333333333,817.8499999999999,0.145985401459854,6.195833333333333,816.9844999999992,Low Value
1,60,116.05,6925.9,False,True,False,True,False,True,True,False,False,True,False,True,False,True,False,True,False,True,False,True,False,True,True,False,False,False,113.53934426229507,6963.0,1.9024590163934425,6963.0,0.5126014523707817,1.9024590163934425,6962.851500000002,High Value
1,19,88.2,1775.8,True,False,False,True,False,True,True,False,False,False,False,True,False,False,False,False,False,True,False,False,False,False,True,False,True,False,88.78999999999999,1675.8,4.41,1675.8,0.2130044843049327,4.41,1676.3840000000002,Low Value
0,1,21.05,21.05,True,False,True,True,False,False,False,True,True,False,True,False,True,False,True,False,True,False,True,False,False,False,True,False,False,True,10.525,21.05,10.525,21.05,0.0453514739229024,10.525,21.02849999999999,Low Value
0,32,54.2,1739.6,False,False,False,True,False,True,False,False,False,False,False,True,False,False,False,False,False,False,False,False,False,False,True,False,True,False,52.71515151515151,1734.4,1.6424242424242426,1734.4,0.5797101449275363,1.6424242424242426,1734.5810000000006,Low Value
0,8,19.65,169.75,True,True,True,True,False,False,False,True,True,False,True,False,True,False,True,False,True,False,True,False,False,False,False,True,False,False,18.86111111111111,157.2,2.183333333333333,157.2,0.387409200968523,2.183333333333333,157.2650000000002,Low Value
0,5,75.15,392.65,True,False,False,True,False,False,False,False,False,False,False,False,False,True,False,True,False,True,False,True,False,False,False,False,False,False,65.44166666666666,375.75,12.525,375.75,0.0656598818122127,12.525,375.495,Low Value
0,36,19.25,679.8,False,False,False,True,False,False,False,True,True,False,True,False,True,False,True,False,True,False,True,False,True,False,True,False,False,False,18.37297297297297,693.0,0.5202702702702703,693.0,1.7777777777777777,0.5202702702702703,691.5105000000004,Low Value
0,23,90.6,1943.2,True,False,False,True,False,True,True,False,False,False,False,False,False,False,False,True,False,True,False,False,False,False,True,False,True,False,80.96666666666667,2083.7999999999997,3.775,2083.7999999999997,0.2510917030567686,3.775,2081.9174999999996,Medium Value
0,5,69.75,324.6,True,False,False,True,False,False,True,False,False,False,False,False,False,False,False,False,False,False,False,False,False,False,True,False,True,False,54.1,348.75,11.625,348.75,0.0706713780918728,11.625,348.4940000000001,Low Value
0,38,20.2,746.05,False,True,True,True,False,False,False,True,True,False,True,False,True,False,True,False,True,False,True,False,False,True,True,False,False,True,19.129487179487175,767.6,0.5179487179487179,767.6,1.7924528301886793,0.5179487179487179,767.6214999999995,Low Value
0,1,75.3,75.3,True,False,False,True,False,True,True,False,False,False,False,False,False,False,False,False,False,False,False,False,False,False,True,False,True,False,37.65,75.3,37.65,75.3,0.0131061598951507,37.65,75.31550000000011,Low Value
0,42,79.9,3313.4,True,False,False,True,False,True,True,False,False,False,False,False,False,True,False,False,False,False,False,False,False,False,False,False,True,False,77.05581395348837,3355.8,1.858139534883721,3355.8,0.519159456118665,1.858139534883721,3354.4519999999984,Medium Value
1,70,45.25,3264.45,True,False,False,False,True,False,False,False,False,False,False,False,False,False,False,False,False,True,False,True,True,False,True,False,True,False,45.97816901408451,3167.5,0.6373239436619719,3167.5,1.5135135135135136,0.6373239436619719,3167.3195,Medium Value
0,2,19.35,46.35,True,False,False,True,False,False,False,True,True,False,True,False,True,False,True,False,True,False,True,False,False,False,False,False,False,True,15.45,38.7,6.45,38.7,0.0982800982800982,6.45,38.64999999999999,Low Value
1,1,69.6,69.6,False,False,False,True,False,False,True,False,False,False,False,False,False,False,False,False,False,False,False,False,False,False,True,False,True,False,34.8,69.6,34.8,69.6,0.0141643059490085,34.8,69.5960000000001,Low Value
0,2,29.05,44.75,False,True,True,False,True,False,False,False,False,False,False,False,False,False,False,True,False,False,False,False,False,False,False,False,False,False,14.916666666666666,58.1,9.683333333333334,58.1,0.0665557404326123,9.683333333333334,58.751,Low Value
0,2,76.5,162.45,True,False,False,True,False,True,True,False,False,False,False,False,False,False,False,False,False,False,False,False,False,False,True,False,True,False,54.15,153.0,25.5,153.0,0.0258064516129032,25.5,152.70949999999996,Low Value
0,41,98.05,3990.6,False,False,False,True,False,True,True,False,False,False,False,False,False,True,False,False,False,True,False,True,False,False,False,False,False,False,95.0142857142857,4020.05,2.3345238095238097,4020.05,0.4139323573952549,2.3345238095238097,4020.0615000000007,Medium Value
0,1,51.25,51.25,True,False,False,True,False,False,False,False,False,True,False,False,False,False,False,False,False,False,False,False,False,False,False,False,False,True,25.625,51.25,25.625,51.25,0.0191387559808612,25.625,51.04249999999995,Low Value
0,70,90.15,6237.05,True,True,True,True,False,True,False,False,False,True,False,True,False,True,False,True,False,True,False,True,False,True,True,True,False,False,87.84577464788732,6310.5,1.269718309859155,6310.5,0.7679648930334613,1.269718309859155,6311.736,High Value
0,31,59.05,1882.8,True,True,False,True,False,True,False,False,False,False,False,False,False,False,False,False,False,True,False,False,False,False,True,True,False,False,58.8375,1830.55,1.8453125,1830.55,0.5162364696086594,1.8453125,1830.0115000000003,Low Value
0,18,69.8,1221.65,False,False,False,True,False,False,True,False,False,False,False,False,False,False,False,False,False,False,False,False,False,False,True,False,True,False,64.29736842105264,1256.4,3.673684210526316,1256.4,0.2542372881355932,3.673684210526316,1256.7259999999992,Low Value
0,1,30.55,30.55,False,False,False,False,True,False,False,False,False,False,False,False,False,False,False,True,False,False,False,False,False,False,False,False,False,True,15.275,30.55,15.275,30.55,0.0316957210776545,15.275,29.91049999999999,Low Value
0,14,18.8,255.55,False,True,True,True,False,False,False,True,True,False,True,False,True,False,True,False,True,False,True,False,False,True,False,False,False,True,17.03666666666667,263.2,1.2533333333333334,263.2,0.7070707070707071,1.2533333333333334,262.5454999999999,Low Value
0,72,79.35,5753.25,True,True,False,True,False,False,False,False,False,True,False,True,False,False,False,True,False,True,False,True,False,True,True,False,False,False,78.81164383561644,5713.2,1.0869863013698629,5713.2,0.89607965152458,1.0869863013698629,5712.156500000001,High Value
0,58,24.7,1519.0,False,False,False,True,False,True,False,True,True,False,True,False,True,False,True,False,True,False,True,False,False,True,True,True,False,False,25.74576271186441,1432.6,0.4186440677966102,1432.6,2.2568093385214008,0.4186440677966102,1431.5985000000007,Low Value
0,34,64.4,2088.75,False,False,False,True,False,True,False,False,False,True,False,True,False,False,False,True,False,False,False,False,True,False,True,False,False,True,59.67857142857143,2189.6000000000004,1.84,2189.6000000000004,0.5198776758409785,1.84,2190.4185000000007,Medium Value
0,2,19.85,52.0,False,True,False,True,False,False,False,True,True,False,True,False,True,False,True,False,True,False,True,False,False,False,False,False,False,False,17.333333333333332,39.7,6.616666666666667,39.7,0.0959232613908872,6.616666666666667,39.70299999999995,Low Value
0,14,84.8,1203.9,False,True,True,True,False,True,True,False,False,False,False,False,False,False,False,False,False,True,False,False,False,False,True,False,True,False,80.26,1187.2,5.653333333333333,1187.2,0.1631701631701631,5.653333333333333,1186.6895,Low Value
0,61,88.1,5526.75,False,True,True,True,False,True,False,False,False,True,False,True,False,True,False,True,False,True,False,True,False,True,False,False,False,True,89.14112903225806,5374.099999999999,1.4209677419354838,5374.099999999999,0.6846240179573513,1.4209677419354838,5368.442999999998,High Value
0,38,105.0,4026.4,False,True,False,True,False,True,True,False,False,False,False,False,False,True,False,True,False,True,False,True,False,False,True,False,True,False,103.24102564102564,3990.0,2.6923076923076925,3990.0,0.3584905660377358,2.6923076923076925,3989.1184999999964,Medium Value
0,58,93.4,5435.6,False,True,True,True,False,True,True,False,False,True,False,True,False,False,False,False,False,False,False,True,False,False,True,False,False,False,92.12881355932204,5417.200000000001,1.5830508474576273,5417.200000000001,0.6144067796610169,1.5830508474576273,5416.665000000004,High Value
0,2,70.3,132.4,True,False,False,True,False,False,False,False,False,False,False,False,False,False,False,True,False,True,False,True,False,False,False,False,True,False,44.13333333333333,140.6,23.433333333333337,140.6,0.0280504908835904,23.433333333333337,140.65400000000014,Low Value
0,1,20.05,20.05,True,False,True,True,False,False,False,True,True,False,True,False,True,False,True,False,True,False,True,False,False,False,False,False,False,True,10.025,20.05,10.025,20.05,0.0475059382422802,10.025,20.04999999999997,Low Value
0,39,80.45,3201.55,False,False,False,True,False,False,True,False,False,False,False,False,False,True,False,True,False,False,False,False,False,True,True,False,True,False,80.03875000000001,3137.55,2.01125,3137.55,0.4788213627992633,2.01125,3138.1699999999996,Medium Value
0,68,76.9,5023.0,True,False,False,True,False,True,False,False,False,True,False,True,False,True,False,False,False,False,False,True,True,False,True,True,False,False,72.79710144927536,5229.200000000001,1.1144927536231886,5229.200000000001,0.8729139922978176,1.1144927536231886,5227.5459999999985,High Value
0,31,21.0,697.7,False,True,True,True,False,False,False,True,True,False,True,False,True,False,True,False,True,False,True,False,False,True,False,False,False,True,21.803125,651.0,0.65625,651.0,1.4090909090909092,0.65625,650.5434999999992,Low Value
0,55,69.05,3842.6,False,True,True,True,False,False,True,False,False,False,False,False,False,False,False,False,False,False,False,False,False,True,True,True,False,False,68.61785714285715,3797.75,1.2330357142857142,3797.75,0.7851534618129907,1.2330357142857142,3797.950000000001,Medium Value
0,14,90.9,1259.0,False,True,True,True,False,True,True,False,False,False,False,True,False,False,False,False,False,False,False,True,False,False,True,False,False,False,83.93333333333334,1272.6,6.0600000000000005,1272.6,0.1523394994559303,6.0600000000000005,1272.3259999999993,Low Value
1,55,100.0,5509.3,False,False,False,True,False,True,True,False,False,False,False,False,False,True,False,False,False,True,False,True,True,False,True,False,True,False,98.38035714285716,5500.0,1.7857142857142858,5500.0,0.5445544554455446,1.7857142857142858,5504.027999999998,High Value
0,25,105.5,2686.05,True,False,False,True,False,False,True,False,False,True,False,False,False,True,False,True,False,True,False,True,False,False,True,False,True,False,103.3096153846154,2637.5,4.0576923076923075,2637.5,0.2347417840375587,4.0576923076923075,2640.8990000000003,Medium Value
0,72,89.7,6339.3,True,True,True,True,False,True,False,False,False,True,False,True,False,True,False,True,False,True,False,True,False,True,False,True,False,False,86.83972602739726,6458.400000000001,1.2287671232876711,6458.400000000001,0.7938257993384785,1.2287671232876711,6457.868000000001,High Value
1,6,80.8,457.1,True,True,False,True,False,True,True,False,False,False,False,False,False,True,False,False,False,False,False,False,False,False,True,False,True,False,65.3,484.7999999999999,11.542857142857144,484.7999999999999,0.0733496332518337,11.542857142857144,484.50650000000024,Low Value
1,45,86.1,3861.45,False,True,False,True,False,False,True,False,False,False,False,False,False,True,False,False,False,False,False,True,False,False,True,False,True,False,83.9445652173913,3874.499999999999,1.8717391304347823,3874.499999999999,0.5166475315729048,1.8717391304347823,3875.602499999996,Medium Value
0,56,59.8,3457.45,True,True,True,True,False,False,False,False,False,True,False,True,False,True,False,False,False,False,False,False,False,True,True,False,False,False,60.657017543859645,3348.7999999999997,1.0491228070175438,3348.7999999999997,0.9210526315789476,1.0491228070175438,3347.425999999998,Medium Value
0,13,35.1,446.1,False,False,False,False,True,False,False,False,False,False,False,False,False,False,False,False,False,False,False,True,False,False,True,False,True,False,31.864285714285717,456.3,2.507142857142857,456.3,0.3601108033240997,2.507142857142857,456.86699999999996,Low Value
0,28,104.8,3046.05,False,True,False,True,False,True,True,False,False,False,False,False,False,True,False,True,False,True,False,True,False,False,True,False,True,False,105.03620689655172,2934.4,3.613793103448276,2934.4,0.2646502835538752,3.613793103448276,2934.5029999999997,Medium Value
0,7,44.25,313.45,False,True,False,True,False,False,False,False,False,False,False,False,False,False,False,False,False,False,False,False,False,False,True,False,False,True,39.18125,309.75,5.53125,309.75,0.154696132596685,5.53125,310.07649999999984,Low Value
1,18,103.6,1806.35,False,False,False,True,False,True,True,False,False,False,False,True,False,False,False,True,False,True,False,True,False,False,True,True,False,False,95.07105263157894,1864.8,5.4526315789473685,1864.8,0.1720841300191204,5.4526315789473685,1865.0525,Low Value
0,46,94.9,4422.95,True,False,False,True,False,True,True,False,False,False,False,True,False,True,False,False,False,True,False,False,True,False,True,True,False,False,94.10531914893616,4365.400000000001,2.019148936170213,4365.400000000001,0.4796663190823774,2.019148936170213,4368.8945,Medium Value
0,64,25.0,1584.8,False,True,False,True,False,True,False,True,True,False,True,False,True,False,True,False,True,False,True,False,False,True,False,True,False,False,24.38153846153846,1600.0,0.3846153846153846,1600.0,2.4615384615384617,0.3846153846153846,1599.6450000000011,Low Value
0,4,46.0,193.6,False,False,False,True,False,False,False,False,False,False,False,False,False,False,False,False,False,False,False,False,False,False,True,False,False,True,38.72,184.0,9.2,184.0,0.0851063829787234,9.2,183.8704999999999,Low Value
0,71,47.6,3377.8,False,True,False,False,True,False,False,False,False,True,False,True,False,True,False,True,False,False,False,False,False,True,True,False,False,False,46.91388888888889,3379.6,0.6611111111111111,3379.6,1.4609053497942386,0.6611111111111111,3379.8024999999984,Medium Value
0,38,20.45,781.25,False,True,True,True,False,False,False,True,True,False,True,False,True,False,True,False,True,False,True,False,False,False,False,False,False,True,20.03205128205128,777.1,0.5243589743589744,777.1,1.7715617715617715,0.5243589743589744,776.185,Low Value
0,55,19.1,1001.5,True,False,True,True,False,False,False,True,True,False,True,False,True,False,True,False,True,False,True,False,True,False,False,False,False,False,17.883928571428573,1050.5,0.3410714285714286,1050.5,2.7363184079601988,0.3410714285714286,1052.0470000000007,Low Value
1,1,85.0,85.0,False,False,False,True,False,False,True,False,False,False,False,False,False,True,False,False,False,False,False,True,False,False,True,False,True,False,42.5,85.0,42.5,85.0,0.0116279069767441,42.5,84.97850000000003,Low Value
0,11,94.2,999.9,False,False,False,True,False,False,True,False,False,False,False,True,False,True,False,True,False,False,False,True,False,False,True,False,True,False,83.325,1036.2,7.85,1036.2,0.1155462184873949,7.85,1036.8869999999993,Low Value
0,63,103.4,6603.0,True,True,False,True,False,True,True,False,False,False,False,True,False,True,False,False,False,True,False,True,False,False,True,False,True,False,103.171875,6514.200000000001,1.615625,6514.200000000001,0.603448275862069,1.615625,6513.372499999999,High Value
1,66,80.55,5265.1,False,True,False,True,False,True,False,False,False,False,False,True,False,True,False,False,False,True,False,True,False,True,True,False,False,False,78.58358208955224,5316.3,1.2022388059701492,5316.3,0.809319435928878,1.2022388059701492,5317.328500000003,High Value
1,22,96.7,2082.95,True,False,False,True,False,True,True,False,False,False,False,False,False,False,False,False,False,True,False,True,False,False,True,False,True,False,90.56304347826088,2127.4,4.2043478260869565,2127.4,0.22517911975435,4.2043478260869565,2130.3179999999998,Medium Value
0,5,84.0,424.75,False,False,False,True,False,True,True,False,False,False,False,False,False,False,False,False,False,True,False,False,False,False,True,False,True,False,70.79166666666667,420.0,14.0,420.0,0.0588235294117647,14.0,418.86699999999996,Low Value
1,18,49.85,865.75,False,False,False,True,False,False,False,False,False,False,False,True,False,False,False,False,False,False,False,False,False,False,True,True,False,False,45.56578947368421,897.3000000000001,2.623684210526316,897.3000000000001,0.3539823008849557,2.623684210526316,896.6655000000002,Low Value
0,20,19.7,406.95,False,False,False,True,False,False,False,True,True,False,True,False,True,False,True,False,True,False,True,False,False,True,False,False,False,True,19.378571428571423,394.0,0.938095238095238,394.0,0.9661835748792272,0.938095238095238,393.91,Low Value
1,18,99.75,1836.25,False,True,False,True,False,True,True,False,False,False,False,False,False,False,False,True,False,True,False,True,False,False,False,False,False,False,96.64473684210526,1795.5,5.25,1795.5,0.1786600496277915,5.25,1799.118999999999,Low Value
0,65,108.65,6937.95,True,True,True,True,False,True,True,False,False,True,False,False,False,True,False,True,False,True,False,True,False,True,False,False,False,False,105.12045454545456,7062.25,1.6462121212121212,7062.25,0.5927952576379388,1.6462121212121212,7061.904000000002,High Value
0,69,86.9,6194.1,True,True,True,True,False,True,False,False,False,True,False,False,False,True,False,True,False,True,False,True,False,True,False,False,False,False,88.48714285714286,5996.1,1.2414285714285715,5996.1,0.7849829351535835,1.2414285714285715,5996.164499999997,High Value
0,52,64.3,3410.6,False,True,False,True,False,False,False,False,False,True,False,False,False,True,False,False,False,True,False,False,True,False,True,False,False,True,64.35094339622641,3343.6,1.2132075471698112,3343.6,0.7963246554364471,1.2132075471698112,3343.1940000000004,Medium Value
0,2,80.2,181.1,True,False,False,True,False,False,True,False,False,False,False,False,False,False,False,False,False,False,False,True,False,False,True,False,True,False,60.36666666666667,160.4,26.733333333333334,160.4,0.0246305418719211,26.733333333333334,160.33399999999983,Low Value
1,48,104.5,5068.05,False,True,True,True,False,False,True,False,False,True,False,False,False,True,False,True,False,True,False,True,False,False,True,False,True,False,103.4295918367347,5016.0,2.13265306122449,5016.0,0.4549763033175355,2.13265306122449,5007.650500000004,High Value
0,42,84.3,3588.4,False,True,False,True,False,True,True,False,False,False,False,False,False,True,False,True,False,False,False,False,False,False,True,False,True,False,83.45116279069768,3540.6,1.9604651162790696,3540.6,0.492379835873388,1.9604651162790696,3541.7115000000013,Medium Value
1,23,104.45,2184.85,True,True,False,True,False,True,True,False,False,False,False,True,False,True,False,False,False,True,False,True,False,False,True,False,True,False,91.03541666666666,2402.35,4.352083333333334,2402.35,0.218112849691797,4.352083333333334,2400.5399999999972,Medium Value
0,72,103.75,7346.2,True,True,False,True,False,True,True,False,False,False,False,True,False,True,False,False,False,True,False,True,False,True,True,False,False,False,100.63287671232877,7470.0,1.4212328767123288,7470.0,0.6873508353221957,1.4212328767123288,7468.498500000001,High Value
0,24,24.1,587.4,True,True,True,True,False,True,False,True,True,False,True,False,True,False,True,False,True,False,True,False,False,True,True,False,False,False,23.496,578.4000000000001,0.964,578.4000000000001,0.9561752988047808,0.964,578.8170000000003,Low Value
0,7,29.8,201.95,False,False,True,False,True,False,False,False,False,True,False,False,False,False,False,False,False,False,False,False,False,False,False,False,False,True,25.24375,208.6,3.725,208.6,0.2272727272727272,3.725,208.52699999999993,Low Value
0,66,92.15,6056.9,False,False,False,True,False,True,True,False,False,False,False,False,False,True,False,False,False,True,False,False,True,False,True,False,False,False,90.40149253731344,6081.900000000001,1.3753731343283584,6081.900000000001,0.7085346215780998,1.3753731343283584,6082.201000000002,High Value
0,67,118.35,7804.15,True,False,False,True,False,True,True,False,False,True,False,True,False,True,False,True,False,True,False,True,True,False,True,False,False,False,114.76691176470588,7929.45,1.740441176470588,7929.45,0.5613741097612066,1.740441176470588,7933.424000000006,High Value
0,47,104.1,5135.15,True,True,False,True,False,True,True,False,False,False,False,True,False,True,False,False,False,True,False,True,False,False,True,False,True,False,106.98229166666664,4892.7,2.1687499999999997,4892.7,0.4471931493815414,2.1687499999999997,4892.049999999999,Medium Value
1,47,99.7,4747.2,False,True,False,True,False,True,True,False,False,False,False,False,False,True,False,False,False,True,False,True,False,False,False,False,True,False,98.9,4685.900000000001,2.0770833333333334,4685.900000000001,0.4667328699106256,2.0770833333333334,4685.052000000005,Medium Value
0,2,53.45,119.5,True,False,False,True,False,False,False,False,False,True,False,False,False,True,False,False,False,False,False,False,False,False,False,False,True,False,39.833333333333336,106.9,17.816666666666666,106.9,0.0367309458218549,17.816666666666666,107.52400000000003,Low Value
0,12,25.25,274.7,False,True,True,True,False,True,False,True,True,False,True,False,True,False,True,False,True,False,True,False,False,True,False,True,False,False,21.13076923076923,303.0,1.9423076923076923,303.0,0.4571428571428571,1.9423076923076923,302.88950000000006,Low Value
0,3,70.3,220.4,True,False,False,True,False,False,True,False,False,False,False,False,False,False,False,False,False,False,False,False,False,False,True,False,False,True,55.1,210.9,17.575,210.9,0.0420757363253856,17.575,210.97700000000015,Low Value
1,69,95.35,6382.0,True,True,False,True,False,True,True,False,False,False,False,True,False,True,False,False,False,False,False,True,False,False,True,False,False,False,91.17142857142858,6579.15,1.362142857142857,6579.15,0.7161390762843799,1.362142857142857,6577.329499999997,High Value
0,1,79.05,79.05,True,False,False,True,False,False,True,False,False,False,False,False,False,False,False,False,False,True,False,False,False,False,True,False,True,False,39.525,79.05,39.525,79.05,0.0124921923797626,39.525,79.09300000000003,Low Value
0,8,43.45,345.5,True,True,True,True,False,False,False,False,False,False,False,False,False,False,False,False,False,False,False,False,True,False,True,False,False,True,38.388888888888886,347.6,4.827777777777778,347.6,0.1799775028121484,4.827777777777778,347.6655000000001,Low Value
0,3,105.35,323.25,True,False,False,True,False,True,True,False,False,False,False,True,False,True,False,False,False,True,False,True,False,False,True,False,False,False,80.8125,316.04999999999995,26.3375,316.04999999999995,0.0282087447108603,26.3375,316.42999999999984,Low Value
0,30,51.2,1561.5,False,True,True,False,True,False,False,False,False,False,False,False,False,False,False,True,False,True,False,True,False,False,False,True,False,False,50.37096774193548,1536.0,1.6516129032258065,1536.0,0.5747126436781609,1.6516129032258065,1537.1654999999996,Low Value
0,29,75.35,2243.9,True,False,False,True,False,False,False,False,False,False,False,False,False,True,False,True,False,True,False,True,True,False,True,False,False,False,74.79666666666667,2185.1499999999996,2.5116666666666663,2185.1499999999996,0.3798297314996726,2.5116666666666663,2185.9135000000006,Medium Value
0,40,20.6,827.3,False,False,False,True,False,False,False,True,True,False,True,False,True,False,True,False,True,False,True,False,False,True,True,False,False,False,20.178048780487803,824.0,0.5024390243902439,824.0,1.8518518518518516,0.5024390243902439,824.9719999999993,Low Value
0,72,86.65,6094.25,True,True,False,True,False,True,False,False,False,True,False,False,False,True,False,True,False,True,False,True,False,True,False,True,False,False,83.48287671232876,6238.8,1.1869863013698632,6238.8,0.8214489446662863,1.1869863013698632,6236.956,High Value
0,48,111.45,5315.1,True,True,False,True,False,True,True,False,False,True,False,True,False,True,False,False,False,True,False,True,False,False,True,False,False,False,108.47142857142858,5349.6,2.274489795918367,5349.6,0.426856380613606,2.274489795918367,5350.933000000002,High Value
1,47,85.5,4042.3,True,False,False,True,False,False,True,False,False,True,False,False,False,False,False,False,False,False,False,True,False,False,False,False,False,True,84.21458333333334,4018.5,1.78125,4018.5,0.5433526011560693,1.78125,4020.436499999999,Medium Value
1,4,20.05,91.45,False,False,False,True,False,False,False,True,True,False,True,False,True,False,True,False,True,False,True,False,False,False,False,False,False,True,18.29,80.2,4.01,80.2,0.1900237529691211,4.01,80.18099999999988,Low Value
0,72,114.05,8289.2,True,True,True,True,False,True,True,False,False,True,False,True,False,True,False,True,False,True,False,True,False,True,True,True,False,False,113.55068493150686,8211.6,1.5623287671232875,8211.6,0.6258148631029987,1.5623287671232875,8200.057000000004,High Value
0,1,19.75,19.75,True,False,False,True,False,False,False,True,True,False,True,False,True,False,True,False,True,False,True,False,False,False,True,True,False,False,9.875,19.75,9.875,19.75,0.0481927710843373,9.875,19.75,Low Value
0,52,25.6,1334.5,True,False,True,True,False,True,False,True,True,False,True,False,True,False,True,False,True,False,True,False,False,True,False,True,False,False,25.17924528301887,1331.2,0.4830188679245283,1331.2,1.954887218045113,0.4830188679245283,1330.9239999999998,Low Value
0,5,24.95,100.4,True,True,False,False,True,False,False,False,False,False,False,False,False,False,False,False,False,False,False,False,False,False,True,False,True,False,16.733333333333334,124.75,4.158333333333333,124.75,0.1926782273603083,4.158333333333333,124.45549999999992,Low Value
0,22,20.25,488.25,True,True,True,True,False,False,False,True,True,False,True,False,True,False,True,False,True,False,True,False,True,False,False,False,False,False,21.22826086956522,445.5,0.8804347826086957,445.5,1.035294117647059,0.8804347826086957,446.0994999999998,Low Value
0,18,61.5,1087.45,False,True,True,True,False,False,False,False,False,True,False,True,False,False,False,True,False,False,False,False,True,False,True,False,False,True,57.23421052631579,1107.0,3.236842105263158,1107.0,0.288,3.236842105263158,1106.9204999999995,Low Value
0,54,24.75,1342.15,False,True,True,True,False,True,False,True,True,False,True,False,True,False,True,False,True,False,True,False,True,False,True,False,False,False,24.402727272727276,1336.5,0.45,1336.5,2.0970873786407767,0.45,1333.9424999999992,Low Value
0,25,20.6,541.5,True,False,False,True,False,False,False,True,True,False,True,False,True,False,True,False,True,False,True,False,False,False,False,False,False,True,20.826923076923077,515.0,0.7923076923076924,515.0,1.1574074074074074,0.7923076923076924,515.7235000000002,Low Value
0,38,20.3,743.05,False,False,False,True,False,False,False,True,True,False,True,False,True,False,True,False,True,False,True,False,False,True,False,False,False,True,19.0525641025641,771.4,0.5205128205128206,771.4,1.784037558685446,0.5205128205128206,771.3594999999992,Low Value
0,2,70.7,141.45,False,True,False,True,False,False,True,False,False,False,False,False,False,False,False,False,False,False,False,False,False,False,True,False,True,False,47.15,141.4,23.566666666666663,141.4,0.0278940027894002,23.566666666666663,141.40349999999978,Low Value
0,2,54.35,117.05,False,False,False,True,False,True,False,False,False,False,False,False,False,False,False,True,False,False,False,False,False,False,True,False,False,True,39.016666666666666,108.7,18.116666666666667,108.7,0.03613369467028,18.116666666666667,108.95049999999992,Low Value
0,7,70.75,450.8,False,False,False,True,False,False,False,False,False,False,False,False,False,False,False,True,False,True,False,True,False,False,True,True,False,False,56.35,495.25,8.84375,495.25,0.0975609756097561,8.84375,495.4015,Low Value
0,4,56.4,234.85,True,False,False,True,False,False,False,False,False,False,False,False,False,False,False,False,False,True,False,False,False,False,True,False,True,False,46.97,225.6,11.28,225.6,0.0696864111498257,11.28,225.53400000000008,Low Value
0,3,29.7,91.7,False,True,True,False,True,False,False,False,False,True,False,False,False,False,False,False,False,False,False,False,False,False,False,True,False,False,22.925,89.1,7.425,89.1,0.0977198697068403,7.425,89.0205,Low Value
0,53,19.9,1110.05,True,True,False,True,False,False,False,True,True,False,True,False,True,False,True,False,True,False,True,False,False,True,False,True,False,False,20.55648148148148,1054.6999999999998,0.3685185185185184,1054.6999999999998,2.535885167464115,0.3685185185185184,1054.8729999999987,Low Value
0,17,20.05,337.9,False,False,False,True,False,False,False,True,True,False,True,False,True,False,True,False,True,False,True,False,True,False,False,True,False,False,18.772222222222226,340.85,1.113888888888889,340.85,0.8076009501187649,1.113888888888889,341.3430000000004,Low Value
0,70,44.6,3058.15,False,False,False,False,True,False,False,False,False,True,False,True,False,True,False,True,False,False,False,False,False,True,True,False,False,False,43.072535211267606,3122.0,0.6281690140845071,3122.0,1.5350877192982455,0.6281690140845071,3124.2384999999977,Medium Value
0,25,94.7,2362.1,True,False,False,True,False,True,True,False,False,False,False,False,False,False,False,False,False,True,False,True,False,False,True,False,False,False,90.85,2367.5,3.642307692307692,2367.5,0.2612330198537095,3.642307692307692,2369.218999999999,Medium Value
0,1,20.3,20.3,True,False,False,True,False,False,False,True,True,False,True,False,True,False,True,False,True,False,True,False,False,False,False,False,False,True,10.15,20.3,10.15,20.3,0.0469483568075117,10.15,20.298999999999968,Low Value
0,1,49.55,49.55,False,False,False,True,False,False,False,False,False,True,False,False,False,False,False,False,False,False,False,False,False,False,False,False,False,False,24.775,49.55,24.775,49.55,0.019782393669634,24.775,49.593,Low Value
1,24,20.3,459.95,False,False,False,True,False,False,False,True,True,False,True,False,True,False,True,False,True,False,True,False,False,False,True,False,False,True,18.398,487.2000000000001,0.812,487.2000000000001,1.1267605633802815,0.812,487.12550000000005,Low Value
1,3,91.05,289.1,True,False,False,True,False,True,True,False,False,False,False,False,False,True,False,False,False,True,False,False,False,False,False,False,True,False,72.275,273.15,22.7625,273.15,0.0325909831613253,22.7625,273.3460000000001,Low Value
0,48,23.55,1173.35,True,True,True,True,False,True,False,True,True,False,True,False,True,False,True,False,True,False,True,False,False,True,False,False,False,True,23.945918367346938,1130.4,0.4806122448979592,1130.4,1.955193482688391,0.4806122448979592,1130.8375000000008,Low Value
0,66,62.5,4136.4,False,False,False,False,True,False,False,False,False,True,False,True,False,True,False,True,False,True,False,True,False,True,True,False,False,False,61.73731343283581,4125.0,0.9328358208955224,4125.0,1.0393700787401574,0.9328358208955224,4124.0255000000025,Medium Value
0,19,100.95,1875.55,True,True,True,True,False,True,True,False,False,False,False,False,False,False,False,True,False,True,False,True,True,False,True,False,True,False,93.7775,1918.05,5.0475,1918.05,0.1863658656204021,5.0475,1916.8944999999967,Low Value
0,1,50.45,50.45,False,False,False,True,False,False,False,False,False,False,False,False,False,True,False,False,False,False,False,False,False,False,True,False,False,True,25.225,50.45,25.225,50.45,0.0194363459669582,25.225,50.496999999999964,Low Value
0,72,25.2,1787.35,False,True,True,True,False,True,False,True,True,False,True,False,True,False,True,False,True,False,True,False,False,True,False,False,False,False,24.484246575342464,1814.4,0.3452054794520547,1814.4,2.7480916030534353,0.3452054794520547,1814.4444999999987,Low Value
0,10,19.85,193.05,True,False,False,True,False,False,False,True,True,False,True,False,True,False,True,False,True,False,True,False,False,False,True,False,False,True,17.55,198.5,1.804545454545455,198.5,0.4796163069544364,1.804545454545455,198.10249999999996,Low Value
0,54,65.65,3566.7,True,True,True,True,False,True,False,False,False,True,False,True,False,False,False,True,False,False,False,False,False,True,True,True,False,False,64.8490909090909,3545.1000000000004,1.1936363636363638,3545.1000000000004,0.8102025506376593,1.1936363636363638,3543.8,Medium Value
0,71,24.75,1836.9,False,True,False,True,False,True,False,True,True,False,True,False,True,False,True,False,True,False,True,False,False,True,False,False,False,False,25.512500000000003,1757.25,0.34375,1757.25,2.7572815533980584,0.34375,1756.5275,Low Value
0,27,75.75,1929.0,True,True,True,True,False,True,True,False,False,False,False,False,False,False,False,False,False,False,False,False,False,False,True,False,False,False,68.89285714285714,2045.25,2.705357142857143,2045.25,0.3517915309446254,2.705357142857143,2044.6190000000008,Medium Value
0,57,19.6,1134.25,False,True,False,True,False,False,False,True,True,False,True,False,True,False,True,False,True,False,True,False,False,True,True,False,False,False,19.55603448275862,1117.2,0.3379310344827586,1117.2,2.7669902912621356,0.3379310344827586,1117.1609999999987,Low Value
0,10,70.3,676.15,False,True,True,True,False,True,False,False,False,True,False,True,False,False,False,False,False,True,False,False,True,False,False,False,True,False,61.46818181818182,703.0,6.390909090909091,703.0,0.1402524544179523,6.390909090909091,703.1795000000006,Low Value
1,2,81.5,162.55,False,False,False,True,False,False,True,False,False,False,False,False,False,False,False,False,False,True,False,False,False,False,False,False,False,True,54.18333333333334,163.0,27.166666666666668,163.0,0.0242424242424242,27.166666666666668,163.21800000000013,Low Value
0,34,79.95,2727.3,False,False,False,True,False,False,False,False,False,True,False,False,False,True,False,True,False,True,False,True,True,False,True,False,False,False,77.92285714285715,2718.3,2.2842857142857143,2718.3,0.4200123533045089,2.2842857142857143,2719.4424999999965,Medium Value
1,19,34.3,577.15,True,True,False,False,True,False,False,False,False,False,False,True,False,True,False,False,False,False,False,False,False,False,True,True,False,False,28.8575,651.6999999999999,1.715,651.6999999999999,0.538243626062323,1.715,650.5924999999994,Low Value
0,17,70.0,1144.5,False,False,False,True,False,False,True,False,False,False,False,False,False,False,False,False,False,False,False,False,False,False,True,False,True,False,63.583333333333336,1190.0,3.888888888888889,1190.0,0.2394366197183098,3.888888888888889,1190.3284999999992,Low Value
0,66,29.45,1983.15,True,False,False,False,True,False,False,False,False,False,False,False,False,False,False,True,False,False,False,False,True,False,False,True,False,False,29.59925373134329,1943.7,0.4395522388059701,1943.7,2.167487684729064,0.4395522388059701,1946.0240000000008,Low Value
0,31,79.85,2404.15,False,False,False,True,False,True,True,False,False,False,False,False,False,False,False,True,False,False,False,False,False,False,True,True,False,False,75.1296875,2475.35,2.4953125,2475.35,0.383426097711812,2.4953125,2475.8699999999994,Medium Value
0,56,45.05,2560.1,False,False,False,False,True,False,False,False,False,True,False,True,False,True,False,True,False,False,False,False,False,True,False,False,False,False,44.9140350877193,2522.7999999999997,0.7903508771929824,2522.7999999999997,1.216069489685125,0.7903508771929824,2526.7004999999986,Medium Value
0,49,100.6,5069.65,True,False,True,True,False,True,True,False,False,False,False,False,False,False,False,True,False,True,False,True,True,False,True,False,False,False,101.393,4929.4,2.012,4929.4,0.4822834645669291,2.012,4930.609499999997,Medium Value
0,27,56.2,1567.55,True,False,True,True,False,False,False,False,False,True,False,True,False,False,False,False,False,False,False,False,True,False,False,False,False,True,55.98392857142857,1517.4,2.007142857142857,1517.4,0.472027972027972,2.007142857142857,1517.3104999999978,Low Value
0,45,73.55,3349.1,False,False,False,True,False,True,False,False,False,True,False,False,False,False,False,True,False,False,False,True,False,True,False,False,False,True,72.80652173913043,3309.75,1.5989130434782608,3309.75,0.6036217303822938,1.5989130434782608,3310.292500000002,Medium Value
0,1,25.35,25.35,True,False,False,False,True,False,False,False,False,False,False,False,False,False,False,False,False,False,False,False,False,False,False,False,False,True,12.675,25.35,12.675,25.35,0.0379506641366223,12.675,25.337500000000013,Low Value
0,3,19.85,57.2,False,False,False,True,False,False,False,True,True,False,True,False,True,False,True,False,True,False,True,False,False,False,False,False,False,True,14.3,59.55,4.9625,59.55,0.1438848920863309,4.9625,59.54550000000003,Low Value
0,35,61.2,2021.2,True,False,False,True,False,False,False,False,False,True,False,True,False,True,False,False,False,False,False,False,True,False,False,False,False,True,56.144444444444446,2142.0,1.7000000000000002,2142.0,0.562700964630225,1.7000000000000002,2141.442999999998,Medium Value
1,5,78.95,378.4,False,False,False,True,False,False,True,False,False,False,False,False,False,False,False,False,False,False,False,True,False,False,False,False,True,False,63.06666666666666,394.75,13.158333333333331,394.75,0.0625390869293308,13.158333333333331,394.93299999999994,Low Value
0,54,79.85,4308.25,True,False,False,True,False,True,True,False,False,False,False,True,False,False,False,False,False,False,False,False,False,False,True,False,False,False,78.33181818181818,4311.9,1.4518181818181817,4311.9,0.6679035250463823,1.4518181818181817,4311.6794999999975,Medium Value
0,13,19.65,244.8,False,False,False,True,False,False,False,True,True,False,True,False,True,False,True,False,True,False,True,False,True,False,False,False,True,False,17.485714285714288,255.45,1.4035714285714285,255.45,0.6295399515738499,1.4035714285714285,254.73850000000013,Low Value
1,3,94.85,335.75,True,False,False,True,False,True,True,False,False,False,False,False,False,False,False,False,False,True,False,True,False,False,True,False,True,False,83.9375,284.54999999999995,23.7125,284.54999999999995,0.0312989045383411,23.7125,284.6540000000001,Low Value
0,9,75.75,655.9,False,True,False,True,False,False,True,False,False,False,False,False,False,True,False,False,False,False,False,False,False,False,True,False,False,False,65.59,681.75,7.575,681.75,0.1172638436482084,7.575,681.7249999999996,Low Value
0,24,56.35,1381.2,False,False,False,True,False,False,False,False,False,True,False,False,False,False,False,True,False,False,False,False,False,False,False,True,False,False,55.248000000000005,1352.4,2.254,1352.4,0.4184829991281604,2.254,1353.2729999999992,Low Value
0,9,68.25,576.95,True,False,False,True,False,False,False,False,False,True,False,False,False,True,False,True,False,False,False,True,False,False,True,False,False,False,57.69500000000001,614.25,6.825,614.25,0.1299638989169675,6.825,612.5634999999997,Low Value
0,70,65.2,4543.15,False,True,True,True,False,True,False,False,False,True,False,False,False,False,False,False,False,False,False,True,True,False,False,False,False,False,63.98802816901408,4564.0,0.9183098591549296,4564.0,1.0574018126888216,0.9183098591549296,4554.700999999998,Medium Value
0,72,110.45,7982.5,False,True,False,True,False,True,True,False,False,False,False,True,False,True,False,True,False,True,False,True,False,True,True,False,False,False,109.34931506849315,7952.400000000001,1.513013698630137,7952.400000000001,0.6460296096904441,1.513013698630137,7955.944000000002,High Value
0,45,109.75,4900.65,True,True,True,True,False,True,True,False,False,False,False,True,False,True,False,True,False,True,False,True,False,True,True,False,False,False,106.53586956521738,4938.75,2.385869565217391,4938.75,0.4063205417607223,2.385869565217391,4940.971500000003,Medium Value
0,39,40.3,1630.4,False,False,False,False,True,False,False,False,False,True,False,True,False,False,False,True,False,False,False,False,True,False,True,False,False,False,40.760000000000005,1571.6999999999998,1.0074999999999998,1571.6999999999998,0.9443099273607748,1.0074999999999998,1571.7604999999996,Low Value
0,51,96.4,4911.05,True,True,False,True,False,True,True,False,False,True,False,True,False,False,False,False,False,False,False,True,True,False,True,True,False,False,94.44326923076925,4916.400000000001,1.853846153846154,4916.400000000001,0.5236139630390143,1.853846153846154,4917.935,Medium Value
0,1,20.1,20.1,True,False,False,True,False,False,False,True,True,False,True,False,True,False,True,False,True,False,True,False,False,False,True,False,False,True,10.05,20.1,10.05,20.1,0.0473933649289099,10.05,20.10899999999997,Low Value
0,29,25.1,712.85,False,False,False,False,True,False,False,False,False,False,False,False,False,False,False,False,False,False,False,False,False,False,True,True,False,False,23.761666666666667,727.9000000000001,0.8366666666666667,727.9000000000001,1.1111111111111112,0.8366666666666667,727.7565000000002,Low Value
0,22,24.85,493.4,True,False,False,True,False,True,False,True,True,False,True,False,True,False,True,False,True,False,True,False,False,False,True,True,False,False,21.452173913043477,546.7,1.0804347826086955,546.7,0.851063829787234,1.0804347826086955,546.815,Low Value
1,20,85.8,1727.5,False,False,False,True,False,True,True,False,False,False,False,False,False,False,False,False,False,False,False,True,False,False,True,True,False,False,82.26190476190476,1716.0,4.085714285714285,1716.0,0.2304147465437788,4.085714285714285,1716.1880000000012,Low Value
0,8,29.35,216.45,True,False,False,False,True,False,False,False,False,True,False,False,False,False,False,False,False,False,False,False,False,False,False,False,False,True,24.049999999999997,234.8,3.261111111111111,234.8,0.2635914332784184,3.261111111111111,235.1175000000002,Low Value
0,15,84.3,1308.4,False,True,False,True,False,False,True,False,False,False,False,False,False,True,False,False,False,True,False,False,False,False,True,False,True,False,81.775,1264.5,5.26875,1264.5,0.1758499413833529,5.26875,1264.902500000001,Low Value
0,1,50.75,50.75,True,False,False,True,False,False,False,False,False,True,False,False,False,False,False,False,False,False,False,False,False,False,True,False,False,True,25.375,50.75,25.375,50.75,0.0193236714975845,25.375,50.69899999999995,Low Value
0,54,60.0,3273.95,False,True,True,True,False,True,False,False,False,True,False,False,False,False,False,True,False,False,False,False,False,True,False,False,False,False,59.526363636363634,3240.0,1.0909090909090908,3240.0,0.8852459016393442,1.0909090909090908,3240.652999999997,Medium Value
0,18,19.35,309.25,False,True,True,True,False,False,False,True,True,False,True,False,True,False,True,False,True,False,True,False,False,True,False,False,False,True,16.276315789473685,348.3,1.0184210526315791,348.3,0.8845208845208845,1.0184210526315791,348.38300000000015,Low Value
1,18,59.1,1011.05,True,True,False,True,False,False,False,False,False,True,False,False,False,False,False,False,False,False,False,True,False,False,True,True,False,False,53.21315789473684,1063.8,3.110526315789474,1063.8,0.2995008319467554,3.110526315789474,1064.809999999999,Low Value
0,72,45.25,3139.8,True,True,True,False,True,False,False,False,False,True,False,True,False,True,False,True,False,False,False,False,False,True,False,True,False,False,43.01095890410959,3258.0,0.6198630136986302,3258.0,1.5567567567567568,0.6198630136986302,3257.9045000000006,Medium Value
0,33,24.5,740.3,False,True,True,True,False,True,False,True,True,False,True,False,True,False,True,False,True,False,True,False,False,True,True,False,False,True,21.773529411764702,808.5,0.7205882352941176,808.5,1.2941176470588236,0.7205882352941176,808.9910000000002,Low Value
0,7,69.85,515.45,False,False,False,True,False,False,True,False,False,False,False,False,False,False,False,False,False,False,False,False,False,False,True,False,False,False,64.43125,488.94999999999993,8.73125,488.94999999999993,0.0988002822865208,8.73125,489.6310000000005,Low Value
0,44,54.3,2390.45,True,True,False,False,True,False,False,False,False,False,False,True,False,True,False,False,False,True,False,True,False,True,False,False,False,False,53.121111111111105,2389.2,1.2066666666666666,2389.2,0.7956600361663653,1.2066666666666666,2390.383499999998,Medium Value
0,2,74.9,147.15,False,False,False,True,False,True,True,False,False,False,False,False,False,False,False,False,False,False,False,False,False,False,False,True,False,False,49.05,149.8,24.96666666666667,149.8,0.0263504611330698,24.96666666666667,149.7749999999998,Low Value
0,58,80.65,4807.35,True,False,False,True,False,True,True,False,False,False,False,False,False,False,False,True,False,False,False,False,False,False,False,False,False,False,81.48050847457628,4677.700000000001,1.366949152542373,4677.700000000001,0.7103490508266993,1.366949152542373,4676.3054999999995,Medium Value
0,2,94.2,167.5,True,True,False,True,False,False,True,False,False,False,False,False,False,False,False,True,False,True,False,True,False,False,True,False,True,False,55.833333333333336,188.4,31.4,188.4,0.0210084033613445,31.4,188.3750000000001,Low Value
0,17,19.7,340.35,False,False,False,True,False,False,False,True,True,False,True,False,True,False,True,False,True,False,True,False,False,False,False,True,False,False,18.908333333333335,334.9,1.0944444444444443,334.9,0.821256038647343,1.0944444444444443,334.6284999999999,Low Value
0,36,104.8,3886.45,False,False,False,True,False,True,True,False,False,False,False,True,False,True,False,False,False,True,False,True,True,False,True,False,False,False,105.0391891891892,3772.8,2.8324324324324324,3772.8,0.3402646502835539,2.8324324324324324,3772.915499999999,Medium Value
1,71,89.45,6435.25,False,True,False,True,False,False,True,False,False,False,False,True,False,True,False,False,False,False,False,True,False,True,False,True,False,False,89.37847222222223,6350.95,1.2423611111111112,6350.95,0.7849640685461581,1.2423611111111112,6351.739499999997,High Value
1,67,75.7,5060.85,True,False,False,True,False,True,True,False,False,False,False,False,False,False,False,False,False,False,False,False,False,False,True,False,False,True,74.42426470588236,5071.900000000001,1.113235294117647,5071.900000000001,0.8735332464146023,1.113235294117647,5074.279500000001,High Value
0,17,49.8,836.35,True,True,False,False,True,False,False,False,False,False,False,True,False,False,False,False,False,True,False,True,False,False,True,False,False,True,46.46388888888889,846.5999999999999,2.7666666666666666,846.5999999999999,0.3346456692913386,2.7666666666666666,846.4229999999993,Low Value
0,67,112.35,7388.45,False,True,True,True,False,True,True,False,False,False,False,True,False,True,False,True,False,True,False,True,True,False,True,True,False,False,108.65367647058824,7527.45,1.652205882352941,7527.45,0.5910895456550508,1.652205882352941,7528.352500000005,High Value
0,65,105.1,6631.85,True,False,False,True,False,True,True,False,False,False,False,True,False,True,False,False,False,True,False,True,False,True,False,True,False,False,100.48257575757576,6831.5,1.5924242424242423,6831.5,0.6126295947219604,1.5924242424242423,6829.312,High Value
0,1,68.5,68.5,True,True,True,True,False,False,True,False,False,False,False,False,False,False,False,False,False,False,False,False,False,False,True,False,True,False,34.25,68.5,34.25,68.5,0.014388489208633,34.25,68.77949999999989,Low Value
0,7,81.1,576.65,False,True,False,True,False,False,True,False,False,False,False,False,False,False,False,False,False,True,False,False,False,False,True,False,True,False,72.08125,567.6999999999999,10.1375,567.6999999999999,0.0852618757612667,10.1375,567.586,Low Value
0,11,20.0,196.35,False,True,True,True,False,False,False,True,True,False,True,False,True,False,True,False,True,False,True,False,True,False,True,False,False,True,16.3625,220.0,1.6666666666666667,220.0,0.5238095238095238,1.6666666666666667,219.84000000000003,Low Value
0,69,116.0,8182.85,False,True,False,True,False,True,True,False,False,True,False,True,False,True,False,True,False,True,False,True,False,True,True,False,True,False,116.89785714285716,8004.0,1.6571428571428573,8004.0,0.5897435897435898,1.6571428571428573,8002.453,High Value
0,70,19.45,1303.5,False,True,False,True,False,False,False,True,True,False,True,False,True,False,True,False,True,False,True,False,False,True,False,False,False,False,18.359154929577464,1361.5,0.2739436619718309,1361.5,3.422982885085575,0.2739436619718309,1361.644500000001,Low Value
0,72,64.45,4528.0,False,True,True,False,True,False,False,False,False,True,False,True,False,True,False,True,False,True,False,True,False,True,False,False,False,False,62.02739726027397,4640.400000000001,0.8828767123287672,4640.400000000001,1.1000763941940412,0.8828767123287672,4641.045000000004,Medium Value
0,7,73.85,511.25,False,False,False,True,False,True,True,False,False,False,False,False,False,False,False,False,False,False,False,False,False,False,True,False,True,False,63.90625,516.9499999999999,9.23125,516.9499999999999,0.0935203740814963,9.23125,516.1614999999997,Low Value
0,3,69.65,220.1,True,False,True,True,False,False,True,False,False,False,False,False,False,False,False,False,False,False,False,False,False,False,False,False,True,False,55.025,208.95,17.4125,208.95,0.0424628450106157,17.4125,208.87699999999987,Low Value
0,72,85.95,6151.9,True,True,False,True,False,True,False,False,False,False,False,True,False,True,False,True,False,True,False,True,False,True,False,False,False,False,84.27260273972603,6188.400000000001,1.1773972602739726,6188.400000000001,0.8280621046578494,1.1773972602739726,6190.1974999999975,High Value
0,16,93.2,1573.7,False,False,False,True,False,False,True,False,False,False,False,True,False,True,False,False,False,False,False,True,False,False,True,True,False,False,92.57058823529412,1491.2,5.482352941176471,1491.2,0.1698513800424628,5.482352941176471,1490.1249999999998,Low Value
0,38,20.05,741.5,False,False,False,True,False,False,False,True,True,False,True,False,True,False,True,False,True,False,True,False,False,True,False,False,False,True,19.012820512820515,761.9,0.5141025641025642,761.9,1.8052256532066508,0.5141025641025642,761.8020000000004,Low Value
0,1,70.85,70.85,False,False,False,True,False,False,True,False,False,False,False,False,False,False,False,False,False,False,False,False,False,False,True,False,True,False,35.425,70.85,35.425,70.85,0.0139178844815588,35.425,70.84900000000005,Low Value
0,1,42.9,42.9,True,False,False,True,False,False,False,False,False,False,False,False,False,False,False,False,False,False,False,False,False,False,True,False,True,False,21.45,42.9,21.45,42.9,0.0227790432801822,21.45,43.62700000000006,Low Value
0,42,33.55,1445.3,False,True,False,False,True,False,False,False,False,False,False,True,False,False,False,True,False,False,False,False,True,False,False,False,False,True,33.61162790697674,1409.1,0.7802325581395348,1409.1,1.2156295224312592,0.7802325581395348,1408.8205000000005,Low Value
1,3,75.05,202.9,False,False,False,True,False,False,True,False,False,False,False,False,False,True,False,False,False,False,False,False,False,False,False,False,False,True,50.725,225.15,18.7625,225.15,0.039447731755424,18.7625,225.12350000000004,Low Value
0,35,108.95,4025.5,True,False,False,True,False,True,True,False,False,True,False,False,False,True,False,True,False,True,False,True,False,True,True,False,True,False,111.81944444444444,3813.25,3.026388888888889,3813.25,0.3183265120509322,3.026388888888889,3815.6174999999976,Medium Value
0,72,114.3,8058.55,True,True,True,True,False,True,True,False,False,True,False,True,False,True,False,True,False,True,False,True,False,True,True,True,False,False,110.39109589041097,8229.6,1.5657534246575342,8229.6,0.6244579358196011,1.5657534246575342,8237.401000000007,High Value
0,64,25.55,1714.95,False,True,False,True,False,True,False,True,True,False,True,False,True,False,True,False,True,False,True,False,False,True,False,False,False,True,26.383846153846154,1635.2,0.3930769230769231,1635.2,2.4105461393596985,0.3930769230769231,1635.3510000000003,Low Value
0,1,45.75,45.75,True,False,False,True,False,False,False,False,False,False,False,False,False,False,False,False,False,False,False,False,False,False,False,False,True,False,22.875,45.75,22.875,45.75,0.0213903743315508,22.875,45.729999999999954,Low Value
0,12,54.2,690.5,False,True,False,True,False,False,False,False,False,True,False,False,False,False,False,True,False,False,False,False,False,False,False,False,False,False,53.11538461538461,650.4000000000001,4.1692307692307695,650.4000000000001,0.217391304347826,4.1692307692307695,649.3959999999994,Low Value
1,10,89.8,914.3,True,True,False,True,False,True,True,False,False,False,False,False,False,True,False,False,False,False,False,True,False,False,True,False,True,False,83.11818181818181,898.0,8.163636363636364,898.0,0.1101321585903083,8.163636363636364,897.4110000000002,Low Value
0,15,19.75,297.3,False,False,False,True,False,False,False,True,True,False,True,False,True,False,True,False,True,False,True,False,False,False,False,False,False,False,18.58125,296.25,1.234375,296.25,0.7228915662650602,1.234375,296.20799999999997,Low Value
1,29,45.0,1228.65,False,True,False,False,True,False,False,False,False,True,False,False,False,True,False,False,False,False,False,True,False,False,True,False,True,False,40.955000000000005,1305.0,1.5,1305.0,0.6304347826086957,1.5,1303.5375000000004,Low Value
0,63,80.3,4896.35,True,True,True,True,False,False,True,False,False,False,False,True,False,True,False,False,False,False,False,False,False,False,True,True,False,False,76.50546875,5058.9,1.2546875,5058.9,0.7749077490774908,1.2546875,5058.801000000002,High Value
0,36,104.5,3684.95,False,True,True,True,False,True,True,False,False,True,False,False,False,True,False,False,False,True,False,True,False,False,True,True,False,False,99.59324324324324,3762.0,2.824324324324324,3762.0,0.3412322274881517,2.824324324324324,3762.7,Medium Value
0,55,94.45,5073.1,False,True,False,True,False,True,True,False,False,False,False,True,False,True,False,False,False,True,False,False,False,False,True,True,False,False,90.59107142857144,5194.75,1.686607142857143,5194.75,0.5762179151388162,1.686607142857143,5192.4935000000005,High Value
0,72,106.1,7548.6,True,True,True,True,False,True,True,False,False,True,False,True,False,True,False,True,False,True,False,False,False,True,True,True,False,False,103.4054794520548,7639.2,1.4534246575342464,7639.2,0.6722689075630253,1.4534246575342464,7638.081999999991,High Value
0,5,64.0,370.25,False,False,False,True,False,True,False,False,False,False,False,True,False,False,False,False,False,False,False,True,False,False,True,False,True,False,61.708333333333336,320.0,10.666666666666666,320.0,0.0769230769230769,10.666666666666666,320.1460000000001,Low Value
0,16,74.55,1170.5,True,False,False,True,False,False,True,False,False,False,False,False,False,False,False,True,False,False,False,False,False,False,True,True,False,False,68.8529411764706,1192.8,4.385294117647058,1192.8,0.2117802779616148,4.385294117647058,1192.647,Low Value
0,49,84.5,3906.7,False,False,False,True,False,True,True,False,False,False,False,False,False,False,False,False,False,False,False,True,False,False,True,False,True,False,78.134,4140.5,1.69,4140.5,0.5730994152046783,1.69,4138.5005,Medium Value
0,66,91.7,6075.9,True,True,False,True,False,True,False,False,False,True,False,True,False,True,False,True,False,True,False,True,False,True,False,False,False,False,90.68507462686568,6052.2,1.3686567164179104,6052.2,0.7119741100323624,1.3686567164179104,6051.103,High Value
0,72,90.95,6652.45,False,True,True,True,False,True,False,False,False,True,False,True,False,True,False,True,False,True,False,True,False,True,False,True,False,False,91.12945205479453,6548.400000000001,1.2458904109589042,6548.400000000001,0.7830342577487764,1.2458904109589042,6549.020500000001,High Value
0,5,40.0,223.45,True,False,False,False,True,False,False,False,False,True,False,False,False,True,False,True,False,False,False,False,False,False,False,False,False,True,37.24166666666667,200.0,6.666666666666667,200.0,0.1219512195121951,6.666666666666667,200.2950000000002,Low Value
0,71,87.25,6328.7,False,True,True,True,False,False,False,False,False,True,False,True,False,True,False,True,False,True,False,True,False,True,False,True,False,False,87.89861111111111,6194.75,1.2118055555555556,6194.75,0.8045325779036827,1.2118055555555556,6194.600499999996,High Value
0,30,49.9,1441.95,True,True,False,True,False,True,False,False,False,False,False,False,False,False,False,False,False,False,False,False,False,False,False,False,True,False,46.51451612903226,1497.0,1.6096774193548389,1497.0,0.5893909626719057,1.6096774193548389,1497.450499999998,Low Value
0,18,83.25,1611.15,True,True,True,True,False,False,False,False,False,True,False,False,False,True,False,True,False,True,False,True,False,False,False,False,True,False,84.79736842105264,1498.5,4.381578947368421,1498.5,0.2136498516320474,4.381578947368421,1497.2099999999994,Low Value
1,4,94.75,422.4,True,False,False,True,False,False,True,False,False,False,False,False,False,True,False,False,False,True,False,True,False,False,True,False,True,False,84.47999999999999,379.0,18.95,379.0,0.04177545691906,18.95,379.09849999999983,Low Value
0,67,106.7,7009.5,False,True,True,True,False,True,True,False,False,True,False,False,False,False,False,True,False,True,False,True,False,True,False,True,False,False,103.08088235294116,7148.900000000001,1.5691176470588235,7148.900000000001,0.6220984215413184,1.5691176470588235,7149.333999999999,High Value
1,69,84.9,5785.65,True,True,False,True,False,True,True,False,False,True,False,True,False,False,False,False,False,False,False,False,False,False,True,True,False,False,82.65214285714285,5858.1,1.2128571428571429,5858.1,0.8032596041909196,1.2128571428571429,5858.388499999997,High Value
0,39,20.45,790.0,True,True,False,True,False,False,False,True,True,False,True,False,True,False,True,False,True,False,True,False,False,True,True,False,False,False,19.75,797.55,0.51125,797.55,1.8181818181818183,0.51125,796.9054999999994,Low Value
1,52,105.1,5376.4,True,True,False,True,False,True,True,False,False,False,False,True,False,True,False,False,False,True,False,True,True,False,True,False,False,False,101.44150943396224,5465.2,1.983018867924528,5465.2,0.4901036757775683,1.983018867924528,5462.851499999994,High Value
0,38,99.25,3777.15,True,False,True,True,False,True,True,False,False,False,False,False,False,True,False,False,False,True,False,True,False,False,True,False,False,False,96.85,3771.5,2.5448717948717947,3771.5,0.3790523690773067,2.5448717948717947,3772.8719999999985,Medium Value
0,71,108.55,7616.0,True,True,False,True,False,True,True,False,False,True,False,False,False,True,False,True,False,True,False,True,False,True,True,True,False,False,105.77777777777776,7707.05,1.5076388888888888,7707.05,0.6481058877225011,1.5076388888888888,7710.546499999997,High Value
1,3,81.35,233.7,True,False,False,True,False,True,True,False,False,False,False,True,False,False,False,False,False,False,False,False,False,False,True,False,True,False,58.425,244.05,20.3375,244.05,0.0364298724954462,20.3375,243.87699999999998,Low Value
0,9,24.95,190.25,True,False,False,False,True,False,False,False,False,False,False,False,False,False,False,False,False,False,False,False,False,False,True,False,True,False,19.025,224.55,2.495,224.55,0.3468208092485549,2.495,224.25500000000002,Low Value
0,17,19.95,310.6,True,False,False,True,False,False,False,True,True,False,True,False,True,False,True,False,True,False,True,False,True,False,False,False,False,True,17.255555555555556,339.15,1.1083333333333334,339.15,0.81145584725537,1.1083333333333334,339.06999999999994,Low Value
0,35,89.85,3161.2,True,True,False,True,False,True,True,False,False,False,False,False,False,False,False,True,False,False,False,True,False,False,True,False,False,False,87.8111111111111,3144.75,2.495833333333333,3144.75,0.3852504127682994,2.495833333333333,3142.494999999999,Medium Value
0,72,83.3,6042.7,False,True,True,True,False,True,False,False,False,True,False,False,False,True,False,True,False,True,False,True,False,True,True,False,False,False,82.77671232876712,5997.599999999999,1.141095890410959,5997.599999999999,0.8540925266903915,1.141095890410959,5997.753,High Value
0,41,19.75,899.45,True,True,False,True,False,False,False,True,True,False,True,False,True,False,True,False,True,False,True,False,False,True,True,False,True,False,21.41547619047619,809.75,0.4702380952380952,809.75,1.9759036144578312,0.4702380952380952,809.6015,Low Value
0,63,86.7,5309.5,True,False,False,True,False,False,False,False,False,True,False,True,False,True,False,True,False,True,False,True,False,True,True,False,False,False,82.9609375,5462.1,1.3546875,5462.1,0.7183580387685291,1.3546875,5462.606999999998,High Value
1,32,85.95,2628.6,False,True,False,True,False,True,True,False,False,False,False,False,False,False,False,False,False,True,False,False,False,False,True,True,False,False,79.65454545454546,2750.4,2.6045454545454545,2750.4,0.3680276020701552,2.6045454545454545,2749.5629999999974,Medium Value
0,13,94.1,1215.6,False,True,False,True,False,True,True,False,False,False,False,True,False,True,False,False,False,True,False,False,False,False,False,False,True,False,86.82857142857142,1223.3,6.721428571428571,1223.3,0.1366982124079916,6.721428571428571,1221.7734999999993,Low Value
0,72,23.3,1623.15,False,True,True,True,False,True,False,True,True,False,True,False,True,False,True,False,True,False,True,False,True,False,True,False,False,False,22.23493150684932,1677.6,0.3191780821917808,1677.6,2.962962962962963,0.3191780821917808,1677.972000000001,Low Value
0,52,80.2,4297.6,False,False,False,True,False,True,True,False,False,False,False,True,False,False,False,False,False,False,False,False,True,False,True,False,False,True,81.0867924528302,4170.400000000001,1.5132075471698114,4170.400000000001,0.6403940886699507,1.5132075471698114,4166.801000000001,Medium Value
0,31,101.4,3143.65,True,False,False,True,False,False,True,False,False,False,False,True,False,True,False,False,False,True,False,True,False,False,True,False,True,False,98.2390625,3143.4,3.16875,3143.4,0.302734375,3.16875,3143.3990000000003,Medium Value
0,72,25.0,1738.9,True,True,True,True,False,True,False,True,True,False,True,False,True,False,True,False,True,False,True,False,False,True,False,False,False,False,23.82054794520548,1800.0,0.3424657534246575,1800.0,2.769230769230769,0.3424657534246575,1800.0155000000004,Low Value
0,29,98.6,2933.2,False,False,False,True,False,True,True,False,False,False,False,False,False,True,False,False,False,True,False,True,False,False,True,True,False,False,97.77333333333333,2859.3999999999996,3.286666666666666,2859.3999999999996,0.2911646586345381,3.286666666666666,2860.5460000000016,Medium Value
0,40,80.75,3208.65,False,False,False,True,False,True,False,False,False,False,False,False,False,True,False,True,False,True,False,True,True,False,True,False,False,True,78.25975609756098,3230.0,1.9695121951219512,3230.0,0.4892966360856269,1.9695121951219512,3230.1635000000006,Medium Value
1,66,104.6,6819.45,False,True,False,True,False,True,True,False,False,False,False,True,False,True,False,False,False,True,False,True,True,False,False,True,False,False,101.78283582089551,6903.599999999999,1.5611940298507463,6903.599999999999,0.625,1.5611940298507463,6902.993999999998,High Value
0,1,94.4,94.4,False,False,False,True,False,False,True,False,False,False,False,False,False,True,False,False,False,True,False,True,False,False,False,False,True,False,47.2,94.4,47.2,94.4,0.010482180293501,47.2,94.07350000000005,Low Value
0,2,46.0,84.5,True,False,False,True,False,False,False,False,False,False,False,False,False,False,False,False,False,False,False,False,False,False,True,True,False,False,28.166666666666668,92.0,15.333333333333334,92.0,0.0425531914893617,15.333333333333334,92.07450000000003,Low Value
0,72,115.15,8349.45,True,True,False,True,False,True,True,False,False,True,False,True,False,True,False,True,False,True,False,True,False,True,False,False,False,False,114.37602739726027,8290.800000000001,1.5773972602739728,8290.800000000001,0.6198880757640981,1.5773972602739728,8285.317000000005,High Value
1,66,102.4,6471.85,False,False,False,True,False,True,True,False,False,True,False,False,False,False,False,False,False,True,False,True,False,True,True,False,False,False,96.594776119403,6758.400000000001,1.528358208955224,6758.400000000001,0.6382978723404255,1.528358208955224,6763.8714999999975,High Value
0,50,54.9,2614.1,True,True,True,True,False,True,False,False,False,False,False,False,False,True,False,False,False,False,False,False,True,False,False,False,False,False,51.25686274509804,2745.0,1.076470588235294,2745.0,0.8944543828264758,1.076470588235294,2745.754000000001,Medium Value
0,15,99.1,1426.4,False,False,False,True,False,False,True,False,False,True,False,True,False,False,False,False,False,True,False,True,False,False,True,True,False,False,89.15,1486.5,6.19375,1486.5,0.1498501498501498,6.19375,1486.7309999999995,Low Value
0,37,78.95,2839.65,False,True,False,True,False,True,True,False,False,False,False,False,False,True,False,False,False,False,False,False,False,False,True,True,False,False,74.72763157894737,2921.15,2.0776315789473685,2921.15,0.4627892432770481,2.0776315789473685,2922.7624999999994,Medium Value
0,13,88.35,1222.8,False,True,True,True,False,False,True,False,False,False,False,False,False,False,False,False,False,True,False,True,False,False,False,False,True,False,87.34285714285714,1148.55,6.310714285714285,1148.55,0.1454952434247342,6.310714285714285,1148.2929999999997,Low Value
1,58,97.8,5458.8,False,True,False,True,False,True,True,False,False,False,False,True,False,False,False,False,False,True,False,True,True,False,True,False,False,False,92.52203389830508,5672.4,1.6576271186440676,5672.4,0.5870445344129555,1.6576271186440676,5670.347000000004,High Value
1,15,74.2,1133.9,True,False,False,True,False,True,True,False,False,False,False,False,False,False,False,False,False,False,False,False,False,False,True,True,False,False,70.86875,1113.0,4.6375,1113.0,0.1994680851063829,4.6375,1113.9574999999986,Low Value
0,18,19.8,342.3,True,True,True,True,False,False,False,True,True,False,True,False,True,False,True,False,True,False,True,False,True,False,False,False,False,False,18.01578947368421,356.40000000000003,1.0421052631578949,356.40000000000003,0.8653846153846153,1.0421052631578949,356.5230000000002,Low Value
0,72,95.9,6954.15,False,True,True,True,False,True,True,False,False,True,False,True,False,False,False,False,False,True,False,False,False,True,True,False,False,False,95.26232876712328,6904.8,1.3136986301369864,6904.8,0.7430340557275541,1.3136986301369864,6904.575500000003,High Value
0,31,87.6,2724.25,False,False,False,True,False,False,True,False,False,True,False,False,False,True,False,True,False,False,False,False,False,False,False,False,True,False,85.1328125,2715.6,2.7375,2715.6,0.3498871331828442,2.7375,2713.7459999999987,Medium Value
0,53,19.65,978.0,True,False,False,True,False,False,False,True,True,False,True,False,True,False,True,False,True,False,True,False,False,True,False,False,False,False,18.11111111111111,1041.4499999999998,0.3638888888888889,1041.4499999999998,2.566585956416465,0.3638888888888889,1042.048999999999,Low Value
0,26,81.9,2078.55,False,True,False,True,False,False,False,False,False,False,False,True,False,True,False,True,False,True,False,True,False,False,False,False,False,False,76.98333333333333,2129.4,3.0333333333333337,2129.4,0.3136308805790108,3.0333333333333337,2130.8865000000014,Medium Value
0,6,80.25,493.4,True,False,False,True,False,False,False,False,False,True,False,False,False,True,False,True,False,True,False,True,False,True,True,False,False,True,70.48571428571428,481.5,11.464285714285714,481.5,0.0738461538461538,11.464285714285714,481.555,Low Value
0,61,114.1,7132.15,True,True,False,True,False,True,True,False,False,False,False,True,False,True,False,True,False,True,False,True,False,False,True,False,True,False,115.03467741935484,6960.099999999999,1.8403225806451613,6960.099999999999,0.5299739357080799,1.8403225806451613,6953.531,High Value
0,9,79.35,661.25,True,True,True,True,False,True,True,False,False,False,False,False,False,True,False,False,False,False,False,False,False,False,True,False,False,False,66.125,714.15,7.935,714.15,0.1120099564405725,7.935,713.7150000000003,Low Value
0,46,69.1,3168.0,False,True,False,True,False,False,False,False,False,False,False,True,False,False,False,False,False,True,False,True,False,False,True,True,False,False,67.40425531914893,3178.6,1.4702127659574469,3178.6,0.6562054208273895,1.4702127659574469,3177.109499999998,Medium Value
0,62,65.1,3846.75,False,False,False,True,False,False,False,False,False,True,False,False,False,False,False,True,False,False,False,True,False,True,True,False,False,True,61.05952380952381,4036.2,1.0333333333333332,4036.2,0.9379727685325264,1.0333333333333332,4034.990500000004,Medium Value
0,52,95.7,4976.15,False,True,True,True,False,True,True,False,False,False,False,True,False,True,False,False,False,True,False,False,True,False,True,True,False,False,93.88962264150943,4976.400000000001,1.8056603773584907,4976.400000000001,0.5377456049638055,1.8056603773584907,4976.353500000001,Medium Value
0,1,69.65,69.65,False,False,True,True,False,False,True,False,False,False,False,False,False,False,False,False,False,False,False,False,False,False,True,False,True,False,34.825,69.65,34.825,69.65,0.0141542816702052,34.825,69.66049999999989,Low Value
0,11,29.6,346.45,False,True,True,False,True,False,False,False,False,True,False,False,False,False,False,False,False,False,False,False,False,False,True,False,True,False,28.870833333333337,325.6,2.466666666666667,325.6,0.3594771241830065,2.466666666666667,325.1930000000001,Low Value
0,72,116.45,8013.55,False,False,False,True,False,True,True,False,False,True,False,True,False,True,False,True,False,True,False,True,False,True,True,False,False,False,109.77465753424656,8384.4,1.595205479452055,8384.4,0.6130268199233716,1.595205479452055,8386.849499999998,High Value
1,32,93.5,2970.8,True,True,False,True,False,True,True,False,False,False,False,True,False,True,False,False,False,False,False,True,False,False,True,False,True,False,90.02424242424243,2992.0,2.8333333333333335,2992.0,0.3386243386243386,2.8333333333333335,2991.9675000000016,Medium Value
0,65,59.6,3739.8,False,False,False,True,False,False,False,False,False,True,False,True,False,False,False,True,False,False,False,False,False,True,True,False,False,True,56.66363636363637,3874.0,0.9030303030303032,3874.0,1.0726072607260726,0.9030303030303032,3873.6904999999983,Medium Value
0,52,50.95,2610.65,False,True,True,True,False,False,False,False,False,False,False,False,False,True,False,False,False,False,False,False,True,False,True,False,False,False,49.257547169811325,2649.4,0.9613207547169812,2649.4,1.0009624639076034,0.9613207547169812,2644.261499999999,Medium Value
0,47,100.75,4669.2,True,False,False,True,False,True,True,False,False,True,False,True,False,False,False,True,False,True,False,False,False,False,False,False,False,True,97.275,4735.25,2.0989583333333335,4735.25,0.4619164619164619,2.0989583333333335,4738.089000000003,Medium Value
0,55,90.4,5099.15,True,True,True,True,False,True,True,False,False,False,False,False,False,True,False,False,False,True,False,False,False,False,True,True,False,False,91.05625,4972.0,1.6142857142857143,4972.0,0.6017505470459519,1.6142857142857143,4974.647999999998,Medium Value
0,1,24.75,24.75,True,False,True,False,True,False,False,False,False,False,False,False,False,False,False,False,False,False,False,False,False,False,False,False,True,False,12.375,24.75,12.375,24.75,0.0388349514563106,12.375,24.730999999999995,Low Value
0,2,80.25,144.55,True,False,False,True,False,False,True,False,False,False,False,False,False,False,False,False,False,True,False,False,False,False,True,False,True,False,48.18333333333334,160.5,26.75,160.5,0.0246153846153846,26.75,160.34899999999982,Low Value
0,35,19.6,686.95,True,True,True,True,False,False,False,True,True,False,True,False,True,False,True,False,True,False,True,False,False,True,False,False,False,True,19.08194444444445,686.0,0.5444444444444445,686.0,1.699029126213592,0.5444444444444445,685.9054999999998,Low Value
0,33,20.1,579.4,False,True,True,True,False,False,False,True,True,False,True,False,True,False,True,False,True,False,True,False,True,False,False,False,False,True,17.041176470588233,663.3000000000001,0.5911764705882353,663.3000000000001,1.5639810426540284,0.5911764705882353,663.3065000000009,Low Value
0,15,101.9,1667.25,True,True,True,True,False,False,True,False,False,True,False,False,False,False,False,True,False,True,False,True,True,False,False,False,True,False,104.203125,1528.5,6.36875,1528.5,0.1457725947521865,6.36875,1529.5145000000014,Low Value
0,72,90.95,6468.6,False,True,False,True,False,True,False,False,False,True,False,True,False,True,False,True,False,True,False,True,False,True,True,False,False,False,88.6109589041096,6548.400000000001,1.2458904109589042,6548.400000000001,0.7830342577487764,1.2458904109589042,6548.7695,High Value
1,1,44.0,44.0,True,False,False,True,False,False,False,False,False,False,False,False,False,False,False,False,False,False,False,False,False,False,False,False,True,False,22.0,44.0,22.0,44.0,0.0222222222222222,22.0,43.94000000000001,Low Value
0,43,56.15,2499.3,False,True,True,True,False,False,False,False,False,False,False,False,False,False,False,False,False,True,False,False,False,False,False,False,True,False,56.80227272727273,2414.45,1.2761363636363636,2414.45,0.752405949256343,1.2761363636363636,2415.638500000001,Medium Value
0,10,59.65,638.95,True,False,False,True,False,False,False,False,False,False,False,True,False,False,False,False,False,True,False,False,False,False,True,False,False,True,58.08636363636364,596.5,5.422727272727273,596.5,0.1648804616652926,5.422727272727273,596.5135000000002,Low Value
0,5,20.35,92.75,True,False,False,True,False,False,False,True,True,False,True,False,True,False,True,False,True,False,True,False,False,False,False,False,False,True,15.458333333333334,101.75,3.391666666666667,101.75,0.2341920374707259,3.391666666666667,101.82449999999997,Low Value
0,57,90.45,5229.8,True,False,False,True,False,True,True,False,False,False,False,False,False,False,False,True,False,True,False,False,False,True,True,True,False,False,90.1689655172414,5155.650000000001,1.5594827586206896,5155.650000000001,0.6232914160743576,1.5594827586206896,5153.028500000004,High Value
0,17,94.4,1607.2,False,True,True,True,False,True,True,False,False,True,False,False,False,True,False,False,False,True,False,False,False,False,False,False,True,False,89.28888888888889,1604.8000000000002,5.2444444444444445,1604.8000000000002,0.1781970649895178,5.2444444444444445,1604.841499999999,Low Value
0,52,102.7,5138.1,False,True,False,True,False,True,True,False,False,False,False,True,False,False,False,True,False,True,False,True,False,False,True,True,False,False,96.94528301886793,5340.400000000001,1.937735849056604,5340.400000000001,0.5014464802314368,1.937735849056604,5338.317000000005,High Value
0,15,58.6,939.7,True,False,False,True,False,True,False,False,False,False,False,True,False,False,False,True,False,False,False,False,False,False,True,True,False,False,58.73125,879.0,3.6625,879.0,0.2516778523489932,3.6625,879.3400000000001,Low Value
1,24,76.1,1712.7,True,False,False,True,False,True,True,False,False,False,False,False,False,False,False,False,False,False,False,False,False,False,True,False,True,False,68.508,1826.4,3.0439999999999996,1826.4,0.311284046692607,3.0439999999999996,1826.2104999999988,Low Value
0,30,94.4,2838.7,True,True,True,True,False,True,True,False,False,True,False,True,False,False,False,False,False,True,False,False,False,False,True,False,True,False,91.57096774193548,2832.0,3.045161290322581,2832.0,0.3144654088050314,3.045161290322581,2830.8375,Medium Value
0,3,77.4,206.15,True,False,False,True,False,False,False,False,False,True,False,False,False,True,False,False,False,True,False,True,False,False,True,False,True,False,51.5375,232.2,19.35,232.2,0.0382653061224489,19.35,232.358,Low Value
0,23,99.25,2186.4,True,True,False,True,False,True,True,False,False,True,False,True,False,True,False,False,False,True,False,False,False,False,True,False,True,False,91.1,2282.75,4.135416666666667,2282.75,0.2294264339152119,4.135416666666667,2282.6,Medium Value
0,29,19.35,601.6,False,False,False,True,False,False,False,True,True,False,True,False,True,False,True,False,True,False,True,False,False,False,False,True,False,False,20.053333333333335,561.1500000000001,0.645,561.1500000000001,1.4250614250614249,0.645,561.1360000000002,Low Value
0,1,24.4,24.4,False,False,False,False,True,False,False,False,False,False,False,False,False,False,False,False,False,False,False,False,False,False,False,False,False,True,12.2,24.4,12.2,24.4,0.0393700787401574,12.2,24.409000000000027,Low Value
0,2,50.2,109.25,True,False,False,True,False,False,False,False,False,False,False,False,False,False,False,True,False,False,False,False,False,False,True,True,False,False,36.416666666666664,100.4,16.733333333333334,100.4,0.0390625,16.733333333333334,100.2695,Low Value
0,40,81.2,3292.3,True,True,True,True,False,True,True,False,False,False,False,False,False,True,False,False,False,False,False,False,False,False,True,False,True,False,80.30000000000001,3248.0,1.9804878048780488,3248.0,0.48661800486618,1.9804878048780488,3245.811500000002,Medium Value
0,1,44.0,44.0,True,False,False,True,False,False,False,False,False,False,False,False,False,False,False,False,False,False,False,False,False,False,False,False,True,False,22.0,44.0,22.0,44.0,0.0222222222222222,22.0,43.996,Low Value
0,62,39.0,2337.45,True,True,False,False,True,False,False,False,False,False,False,False,False,False,False,True,False,True,False,False,False,True,True,False,False,False,37.10238095238095,2418.0,0.6190476190476191,2418.0,1.55,0.6190476190476191,2417.9525000000012,Medium Value
0,32,20.35,707.5,True,False,False,True,False,False,False,True,True,False,True,False,True,False,True,False,True,False,True,False,True,False,False,True,False,False,21.439393939393938,651.2,0.6166666666666667,651.2,1.4988290398126465,0.6166666666666667,650.2419999999993,Low Value
0,33,19.8,641.35,False,True,True,True,False,False,False,True,True,False,True,False,True,False,True,False,True,False,True,False,False,True,False,True,False,False,18.863235294117647,653.4,0.5823529411764706,653.4,1.5865384615384617,0.5823529411764706,654.5864999999998,Low Value
0,71,20.5,1500.95,False,True,True,True,False,False,False,True,True,False,True,False,True,False,True,False,True,False,True,False,False,True,False,False,False,False,20.84652777777778,1455.5,0.2847222222222222,1455.5,3.302325581395349,0.2847222222222222,1452.301999999999,Low Value
0,10,20.15,220.8,False,True,True,True,False,False,False,True,True,False,True,False,True,False,True,False,True,False,True,False,False,True,False,False,False,True,20.07272727272727,201.5,1.8318181818181816,201.5,0.4728132387706856,1.8318181818181816,201.30600000000013,Low Value
0,15,65.6,1010.0,False,False,True,True,False,False,False,False,False,True,False,True,False,True,False,True,False,False,False,False,True,False,False,True,False,False,63.125,984.0,4.1,984.0,0.2252252252252252,4.1,985.0634999999997,Low Value
0,43,86.1,3551.65,True,True,False,True,False,False,True,False,False,True,False,True,False,True,False,False,False,False,False,False,False,False,True,True,False,False,80.71931818181818,3702.3,1.9568181818181816,3702.3,0.4936854190585534,1.9568181818181816,3702.713499999996,Medium Value
0,2,85.65,181.5,True,False,False,True,False,True,True,False,False,False,False,False,False,False,False,False,False,True,False,False,False,False,True,False,True,False,60.5,171.3,28.55,171.3,0.0230813618003462,28.55,171.39599999999996,Low Value
0,5,94.85,462.8,True,False,False,True,False,True,True,False,False,False,False,False,False,False,False,False,False,True,False,True,False,False,True,False,False,False,77.13333333333334,474.25,15.808333333333332,474.25,0.0521648408972352,15.808333333333332,473.858,Low Value
0,68,38.9,2719.2,False,False,False,False,True,False,False,False,False,True,False,False,False,True,False,True,False,False,False,False,False,True,False,False,False,True,39.40869565217391,2645.2,0.5637681159420289,2645.2,1.7042606516290728,0.5637681159420289,2644.2655,Medium Value
0,2,44.65,74.9,True,False,False,True,False,False,False,False,False,False,False,False,False,False,False,False,False,False,False,False,False,False,False,False,False,True,24.96666666666667,89.3,14.883333333333333,89.3,0.0438116100766703,14.883333333333333,89.31599999999992,Low Value
1,66,110.6,7210.85,False,True,True,True,False,True,True,False,False,True,False,True,False,False,False,True,False,True,False,True,True,False,True,True,False,False,107.62462686567164,7299.599999999999,1.6507462686567165,7299.599999999999,0.5913978494623656,1.6507462686567165,7299.519499999996,High Value
0,1,69.65,69.65,True,False,False,True,False,False,True,False,False,False,False,False,False,False,False,False,False,False,False,False,False,False,True,False,True,False,34.825,69.65,34.825,69.65,0.0141542816702052,34.825,69.65749999999989,Low Value
1,50,83.4,4113.7,False,False,False,True,False,True,True,False,False,True,False,True,False,False,False,False,False,False,False,False,False,False,True,False,True,False,80.66078431372549,4170.0,1.635294117647059,4170.0,0.5924170616113744,1.635294117647059,4165.629500000001,Medium Value
0,15,94.0,1505.45,False,False,False,True,False,False,True,False,False,False,False,False,False,True,False,False,False,True,False,True,False,False,True,True,False,False,94.090625,1410.0,5.875,1410.0,0.1578947368421052,5.875,1410.3985000000002,Low Value
0,65,104.25,6812.95,True,True,False,True,False,True,True,False,False,True,False,False,False,True,False,False,False,True,False,True,False,False,True,False,True,False,103.22651515151514,6776.25,1.5795454545454546,6776.25,0.6175771971496437,1.5795454545454546,6773.2080000000005,High Value
1,68,105.3,7299.65,True,True,False,True,False,True,True,False,False,False,False,True,False,True,False,False,False,True,False,True,False,False,True,False,True,False,105.79202898550724,7160.4,1.526086956521739,7160.4,0.6396989651928504,1.526086956521739,7160.577999999997,High Value
0,72,20.7,1482.3,False,True,True,True,False,False,False,True,True,False,True,False,True,False,True,False,True,False,True,False,False,True,True,False,False,True,20.305479452054794,1490.4,0.2835616438356164,1490.4,3.317972350230415,0.2835616438356164,1490.3484999999982,Low Value
0,10,81.0,818.05,False,False,False,True,False,True,True,False,False,False,False,True,False,False,False,False,False,False,False,False,False,False,True,True,False,False,74.36818181818181,810.0,7.363636363636363,810.0,0.1219512195121951,7.363636363636363,809.7174999999999,Low Value
0,58,45.0,2689.35,True,True,False,False,True,False,False,False,False,False,False,False,False,False,False,False,False,True,False,True,True,False,True,True,False,False,45.582203389830504,2610.0,0.7627118644067796,2610.0,1.2608695652173914,0.7627118644067796,2612.3630000000003,Medium Value
0,1,89.25,89.25,True,False,False,True,False,False,True,False,False,False,False,False,False,False,False,False,False,True,False,True,False,False,True,False,True,False,44.625,89.25,44.625,89.25,0.0110803324099723,44.625,89.21349999999993,Low Value
0,12,86.55,1066.9,False,False,False,True,False,True,True,False,False,False,False,False,False,False,False,False,False,False,False,True,False,False,True,False,True,False,82.06923076923077,1038.6,6.657692307692307,1038.6,0.1370645345516847,6.657692307692307,1038.3324999999986,Low Value
0,55,77.8,4323.35,True,False,False,True,False,True,False,False,False,False,False,False,False,True,False,False,False,True,False,True,False,True,True,False,False,False,77.20267857142858,4279.0,1.3892857142857142,4279.0,0.6979695431472082,1.3892857142857142,4276.437000000002,Medium Value
0,3,74.4,229.55,True,False,False,True,False,True,True,False,False,False,False,False,False,False,False,False,False,False,False,False,False,False,True,False,True,False,57.3875,223.2,18.6,223.2,0.039787798408488,18.6,223.29300000000018,Low Value
0,15,69.0,994.8,False,False,True,True,False,False,True,False,False,False,False,False,False,False,False,False,False,False,False,False,False,False,False,False,False,False,62.175,1035.0,4.3125,1035.0,0.2142857142857142,4.3125,1035.383,Low Value
0,54,97.2,5129.45,False,False,False,True,False,True,True,False,False,False,False,True,False,False,False,False,False,True,False,True,False,True,True,False,False,False,93.26272727272728,5248.8,1.767272727272727,5248.8,0.5498981670061099,1.767272727272727,5246.575500000001,High Value
1,12,29.3,355.9,False,True,True,False,True,False,False,False,False,False,False,False,False,False,False,True,False,False,False,False,False,False,True,False,False,True,27.37692307692307,351.6,2.253846153846154,351.6,0.396039603960396,2.253846153846154,351.6624999999999,Low Value
0,2,20.0,32.7,True,False,False,True,False,False,False,True,True,False,True,False,True,False,True,False,True,False,True,False,False,False,False,False,False,True,10.9,40.0,6.666666666666667,40.0,0.0952380952380952,6.666666666666667,40.006,Low Value
0,13,44.0,659.35,True,False,True,True,False,False,False,False,False,False,False,False,False,False,False,False,False,False,False,False,False,False,False,False,False,True,47.096428571428575,572.0,3.142857142857143,572.0,0.2888888888888888,3.142857142857143,572.6875000000001,Low Value
0,20,69.8,1540.35,False,True,False,True,False,False,True,False,False,False,False,False,False,False,False,False,False,False,False,False,False,False,True,False,False,False,73.35,1396.0,3.3238095238095235,1396.0,0.2824858757062147,3.3238095238095235,1397.4974999999995,Low Value
0,72,65.5,4919.7,False,True,False,False,True,False,False,False,False,True,False,True,False,True,False,True,False,True,False,True,False,True,False,False,False,False,67.3931506849315,4716.0,0.8972602739726028,4716.0,1.0827067669172932,0.8972602739726028,4715.0104999999985,Medium Value
0,67,65.65,4322.85,False,True,False,True,False,True,False,False,False,True,False,True,False,True,False,False,False,False,False,False,False,True,False,False,False,True,63.57132352941177,4398.55,0.9654411764705884,4398.55,1.005251312828207,0.9654411764705884,4403.5415,Medium Value
0,11,86.2,893.2,True,False,True,True,False,True,True,False,False,False,False,False,False,False,False,False,False,False,False,True,False,False,False,False,True,False,74.43333333333334,948.2,7.183333333333334,948.2,0.1261467889908256,7.183333333333334,947.9004999999996,Low Value
0,1,55.05,55.05,True,False,False,True,False,False,False,False,False,False,False,False,False,True,False,True,False,False,False,False,False,False,False,False,False,True,27.525,55.05,27.525,55.05,0.0178412132024977,27.525,54.997,Low Value
0,72,89.8,6510.45,False,True,True,True,False,True,False,False,False,True,False,True,False,True,False,True,False,True,False,True,False,True,False,True,False,False,89.18424657534246,6465.599999999999,1.2301369863013698,6465.599999999999,0.7929515418502203,1.2301369863013698,6467.680999999998,High Value
0,30,50.0,1474.9,True,True,False,True,False,False,False,False,False,False,False,False,False,True,False,False,False,False,False,False,False,False,True,False,False,True,47.57741935483871,1500.0,1.6129032258064515,1500.0,0.5882352941176471,1.6129032258064515,1499.7499999999993,Low Value
1,27,86.45,2401.05,False,False,False,True,False,True,True,False,False,False,False,True,False,True,False,False,False,False,False,False,False,False,True,False,False,False,85.75178571428572,2334.15,3.0875,2334.15,0.3087478559176672,3.0875,2334.934999999999,Medium Value
0,14,59.45,780.85,False,True,True,True,False,False,False,False,False,True,False,True,False,False,False,True,False,False,False,False,False,False,False,False,False,False,52.056666666666665,832.3000000000001,3.963333333333334,832.3000000000001,0.2315963606286186,3.963333333333334,831.6279999999996,Low Value
0,1,43.95,43.95,False,False,False,True,False,False,False,False,False,False,False,False,False,False,False,False,False,False,False,False,False,False,False,True,False,False,21.975,43.95,21.975,43.95,0.0222469410456062,21.975,44.00150000000001,Low Value
0,46,79.2,3593.8,False,False,False,True,False,True,False,False,False,True,False,False,False,True,False,False,False,True,False,True,False,True,False,False,False,True,76.46382978723405,3643.2,1.6851063829787234,3643.2,0.57356608478803,1.6851063829787234,3645.801999999998,Medium Value
1,1,74.2,74.2,False,False,False,True,False,True,True,False,False,False,False,False,False,False,False,False,False,False,False,False,False,False,True,False,True,False,37.1,74.2,37.1,74.2,0.0132978723404255,37.1,74.23650000000008,Low Value
0,52,39.1,1982.1,False,False,False,False,True,False,False,False,False,True,False,True,False,False,False,True,False,False,False,False,False,True,False,False,False,True,37.39811320754717,2033.2,0.7377358490566038,2033.2,1.296758104738155,0.7377358490566038,2030.9199999999994,Medium Value
0,1,45.3,45.3,True,False,False,True,False,False,False,False,False,False,False,False,False,False,False,False,False,False,False,False,False,False,False,False,True,False,22.65,45.3,22.65,45.3,0.0215982721382289,22.65,45.292500000000075,Low Value
0,22,94.7,1914.9,True,True,False,True,False,False,True,False,False,False,False,False,False,True,False,False,False,True,False,True,False,False,True,True,False,False,83.25652173913043,2083.4,4.1173913043478265,2083.4,0.2298850574712643,4.1173913043478265,2082.2784999999976,Medium Value
1,63,89.6,5538.8,False,False,False,True,False,True,True,False,False,False,False,False,False,True,False,False,False,False,False,True,False,False,True,False,False,False,86.54375,5644.799999999999,1.4,5644.799999999999,0.695364238410596,1.4,5646.668999999999,High Value
0,1,69.8,69.8,False,True,True,True,False,False,True,False,False,False,False,False,False,False,False,False,False,False,False,False,False,False,True,False,True,False,34.9,69.8,34.9,69.8,0.0141242937853107,34.9,69.81550000000013,Low Value
0,32,72.8,2333.05,True,True,False,True,False,True,False,False,False,True,False,False,False,False,False,True,False,True,False,False,True,False,True,True,False,False,70.69848484848485,2329.6,2.206060606060606,2329.6,0.4336043360433604,2.206060606060606,2334.7190000000005,Medium Value
0,5,50.55,244.75,False,False,False,True,False,False,False,False,False,False,False,True,False,False,False,False,False,False,False,False,False,False,False,False,False,False,40.791666666666664,252.75,8.424999999999999,252.75,0.0969932104752667,8.424999999999999,252.80149999999995,Low Value
0,54,69.9,3883.3,True,False,False,True,False,False,False,False,False,True,False,True,False,False,False,True,False,True,False,False,False,False,True,False,False,True,70.60545454545455,3774.6,1.270909090909091,3774.6,0.7616361071932298,1.270909090909091,3773.9410000000025,Medium Value
0,1,19.5,19.5,False,False,False,True,False,False,False,True,True,False,True,False,True,False,True,False,True,False,True,False,False,False,False,False,False,True,9.75,19.5,9.75,19.5,0.048780487804878,9.75,19.4965,Low Value
0,18,99.85,1776.95,False,False,False,True,False,True,True,False,False,False,False,False,False,False,False,True,False,True,False,True,False,False,True,False,False,False,93.52368421052633,1797.3,5.255263157894737,1797.3,0.1784828953891918,5.255263157894737,1799.1344999999988,Low Value
0,6,60.9,414.1,True,False,False,True,False,False,False,False,False,False,False,False,False,True,False,False,False,True,False,False,False,False,False,False,False,True,59.15714285714286,365.4,8.7,365.4,0.0969305331179321,8.7,365.68099999999964,Low Value
0,6,55.3,324.25,True,True,True,True,False,False,False,False,False,False,False,True,False,True,False,False,False,False,False,False,False,False,True,False,False,True,46.32142857142857,331.79999999999995,7.9,331.79999999999995,0.1065719360568383,7.9,331.43000000000035,Low Value
0,1,19.1,19.1,True,False,False,True,False,False,False,True,True,False,True,False,True,False,True,False,True,False,True,False,False,False,False,False,False,True,9.55,19.1,9.55,19.1,0.0497512437810945,9.55,19.111499999999992,Low Value
0,17,55.5,934.15,True,False,False,True,False,False,False,False,False,True,False,True,False,False,False,False,False,False,False,False,False,False,True,True,False,False,51.89722222222222,943.5,3.0833333333333335,943.5,0.3008849557522124,3.0833333333333335,943.6209999999988,Low Value
1,1,80.3,80.3,True,True,False,True,False,True,True,False,False,True,False,False,False,False,False,False,False,False,False,False,False,False,True,False,True,False,40.15,80.3,40.15,80.3,0.01230012300123,40.15,80.18899999999996,Low Value
0,9,79.75,769.1,False,True,False,True,False,False,True,False,False,False,False,False,False,False,False,False,False,False,False,True,False,False,True,False,True,False,76.91,717.75,7.975,717.75,0.1114551083591331,7.975,717.4034999999993,Low Value
0,72,88.7,6501.35,True,True,True,True,False,True,False,False,False,True,False,True,False,True,False,True,False,True,False,True,False,True,False,True,False,False,89.05958904109589,6386.400000000001,1.215068493150685,6386.400000000001,0.802675585284281,1.215068493150685,6383.549500000006,High Value
0,12,50.25,593.75,True,False,False,True,False,False,False,False,False,False,False,False,False,False,False,True,False,False,False,False,False,False,False,False,False,False,45.67307692307692,603.0,3.8653846153846154,603.0,0.2341463414634146,3.8653846153846154,603.2784999999999,Low Value
0,39,19.85,854.8,False,True,True,True,False,False,False,True,True,False,True,False,True,False,True,False,True,False,True,False,False,True,True,False,False,False,21.369999999999997,774.1500000000001,0.49625,774.1500000000001,1.870503597122302,0.49625,775.7145000000002,Low Value
1,35,94.55,3365.4,True,True,False,True,False,True,True,False,False,True,False,True,False,False,False,False,False,False,False,True,False,False,True,False,True,False,93.48333333333332,3309.25,2.6263888888888887,3309.25,0.3663003663003663,2.6263888888888887,3309.945500000004,Medium Value
0,72,107.5,7853.7,False,False,False,True,False,True,True,False,False,False,False,False,False,True,False,True,False,True,False,True,False,True,True,True,False,False,107.58493150684932,7740.0,1.4726027397260273,7740.0,0.663594470046083,1.4726027397260273,7734.641000000002,High Value
0,17,55.85,937.5,False,False,True,True,False,True,False,False,False,False,False,False,False,True,False,False,False,False,False,False,True,False,True,False,False,True,52.083333333333336,949.45,3.102777777777778,949.45,0.2990325417766051,3.102777777777778,949.3294999999993,Low Value
0,72,69.65,4908.25,True,False,False,True,False,True,False,False,False,True,False,True,False,True,False,True,False,False,False,False,False,True,False,False,False,False,67.23630136986301,5014.8,0.954109589041096,5014.8,1.019108280254777,0.954109589041096,5008.429500000002,High Value
0,59,83.25,4949.1,False,False,False,True,False,True,True,False,False,False,False,True,False,True,False,False,False,False,False,False,False,False,True,False,True,False,82.485,4911.75,1.3875,4911.75,0.7002967359050445,1.3875,4910.455500000002,Medium Value
0,72,99.4,7285.7,True,True,False,True,False,True,True,False,False,False,False,True,False,False,False,False,False,True,False,True,False,True,True,False,True,False,99.80410958904108,7156.8,1.3616438356164384,7156.8,0.7171314741035856,1.3616438356164384,7160.029,High Value
1,60,80.95,4859.1,True,True,True,True,False,True,True,False,False,True,False,False,False,False,False,False,False,False,False,False,False,False,True,False,True,False,79.65737704918034,4857.0,1.327049180327869,4857.0,0.7321537522879804,1.327049180327869,4852.607500000007,Medium Value
1,72,117.35,8436.25,False,False,False,True,False,True,True,False,False,True,False,True,False,True,False,True,False,True,False,True,False,True,True,True,False,False,115.56506849315068,8449.199999999999,1.6075342465753424,8449.199999999999,0.6083650190114068,1.6075342465753424,8435.1,High Value
0,15,29.7,438.25,True,False,False,False,True,False,False,False,False,False,False,False,False,False,False,True,False,False,False,False,False,False,True,False,True,False,27.390625,445.5,1.85625,445.5,0.4885993485342019,1.85625,446.1535,Low Value
0,68,54.1,3794.5,True,True,False,False,True,False,False,False,False,True,False,False,False,True,False,False,False,True,False,True,False,True,True,False,False,False,54.992753623188406,3678.8,0.7840579710144928,3678.8,1.234119782214156,0.7840579710144928,3682.2615,Medium Value
1,71,104.05,7413.55,False,False,False,True,False,True,True,False,False,False,False,False,False,True,False,False,False,True,False,True,False,True,False,False,False,False,102.96597222222222,7387.55,1.4451388888888888,7387.55,0.6758686339838172,1.4451388888888888,7387.480500000001,High Value
0,58,105.05,6004.85,True,True,True,True,False,True,True,False,False,False,False,False,False,True,False,True,False,True,False,True,True,False,True,False,False,False,101.7771186440678,6092.9,1.7805084745762711,6092.9,0.5469118340405469,1.7805084745762711,6094.398000000002,High Value
0,44,100.55,4398.15,True,False,False,True,False,False,True,False,False,False,False,True,False,False,False,True,False,True,False,True,False,False,False,False,True,False,97.73666666666666,4424.2,2.234444444444444,4424.2,0.4332840965041851,2.234444444444444,4428.165499999998,Medium Value
1,72,109.75,8075.35,False,True,False,True,False,True,True,False,False,True,False,False,False,True,False,True,False,True,False,True,False,True,True,False,False,True,110.62123287671233,7902.0,1.5034246575342465,7902.0,0.6501128668171557,1.5034246575342465,7900.903000000004,High Value
0,6,25.4,153.3,True,True,True,True,False,True,False,True,True,False,True,False,True,False,True,False,True,False,True,False,False,True,False,False,False,True,21.9,152.39999999999998,3.628571428571429,152.39999999999998,0.2272727272727273,3.628571428571429,152.7384999999999,Low Value
0,9,20.25,186.15,False,False,False,True,False,False,False,True,True,False,True,False,True,False,True,False,True,False,True,False,False,False,False,False,False,True,18.615,182.25,2.025,182.25,0.4235294117647059,2.025,182.29649999999998,Low Value
0,66,20.0,1374.2,True,True,True,True,False,False,False,True,True,False,True,False,True,False,True,False,True,False,True,False,False,True,False,True,False,False,20.51044776119403,1320.0,0.2985074626865671,1320.0,3.142857142857143,0.2985074626865671,1318.4009999999998,Low Value
0,13,79.25,1111.65,False,False,False,True,False,False,True,False,False,False,False,True,False,True,False,False,False,False,False,False,False,False,True,False,True,False,79.40357142857144,1030.25,5.660714285714286,1030.25,0.1619937694704049,5.660714285714286,1032.2380000000003,Low Value
1,20,84.35,1745.2,True,False,False,True,False,True,True,False,False,False,False,False,False,False,False,False,False,True,False,False,False,False,True,False,True,False,83.1047619047619,1687.0,4.016666666666667,1687.0,0.2343292325717633,4.016666666666667,1687.3850000000014,Low Value
0,1,19.2,19.2,True,False,True,True,False,False,False,True,True,False,True,False,True,False,True,False,True,False,True,False,False,False,True,False,False,True,9.6,19.2,9.6,19.2,0.0495049504950495,9.6,19.202000000000023,Low Value
0,5,24.3,132.25,False,True,True,True,False,True,False,True,True,False,True,False,True,False,True,False,True,False,True,False,False,False,True,False,False,True,22.041666666666668,121.5,4.05,121.5,0.1976284584980237,4.05,121.41850000000005,Low Value
0,51,83.85,4307.1,True,True,False,True,False,False,False,False,False,True,False,True,False,True,False,True,False,True,False,True,False,True,True,True,False,False,82.82884615384616,4276.349999999999,1.6124999999999998,4276.349999999999,0.6010606953447261,1.6124999999999998,4273.867499999998,Medium Value
0,32,80.35,2596.15,True,False,False,True,False,True,True,False,False,False,False,True,False,False,False,False,False,False,False,False,False,False,True,False,False,False,78.67121212121212,2571.2,2.4348484848484846,2571.2,0.3933620159803319,2.4348484848484846,2569.428500000002,Medium Value
0,67,90.6,6056.15,True,True,False,True,False,False,True,False,False,True,False,True,False,False,False,False,False,False,False,True,True,False,True,True,False,False,89.06102941176471,6070.2,1.3323529411764703,6070.2,0.7314410480349346,1.3323529411764703,6068.793499999999,High Value
0,12,25.4,313.0,True,True,True,True,False,True,False,True,True,False,True,False,True,False,True,False,True,False,True,False,False,True,True,False,False,False,24.076923076923077,304.79999999999995,1.9538461538461536,304.79999999999995,0.4545454545454546,1.9538461538461536,304.94849999999985,Low Value
0,27,81.3,2272.8,True,False,False,True,False,True,True,False,False,False,False,False,False,True,False,False,False,False,False,False,False,False,True,False,True,False,81.17142857142858,2195.1,2.9035714285714285,2195.1,0.3280680437424058,2.9035714285714285,2193.771999999997,Medium Value
1,60,97.95,5867.0,True,True,False,True,False,False,True,False,False,False,False,True,False,True,False,False,False,True,False,True,True,False,True,False,True,False,96.18032786885246,5877.0,1.6057377049180328,5877.0,0.6063668519454269,1.6057377049180328,5877.048499999999,High Value
0,18,64.8,1166.7,False,False,True,True,False,True,False,False,False,True,False,False,False,False,False,False,False,False,False,True,False,False,False,False,True,False,61.40526315789474,1166.4,3.4105263157894736,1166.4,0.2735562310030395,3.4105263157894736,1166.7189999999996,Low Value
1,3,70.3,235.5,False,False,False,True,False,False,True,False,False,False,False,False,False,False,False,False,False,False,False,False,False,False,True,False,True,False,58.875,210.9,17.575,210.9,0.0420757363253856,17.575,210.90500000000014,Low Value
0,1,19.3,19.3,False,False,False,True,False,False,False,True,True,False,True,False,True,False,True,False,True,False,True,False,False,False,False,False,True,False,9.65,19.3,9.65,19.3,0.0492610837438423,9.65,19.289499999999975,Low Value
0,2,20.35,45.3,False,False,False,True,False,False,False,True,True,False,True,False,True,False,True,False,True,False,True,False,False,False,False,False,False,True,15.1,40.7,6.783333333333334,40.7,0.0936768149882903,6.783333333333334,40.72899999999995,Low Value
0,30,40.35,1187.05,False,False,False,False,True,False,False,False,False,False,False,False,False,False,False,True,False,False,False,True,True,False,True,True,False,False,38.291935483870965,1210.5,1.3016129032258066,1210.5,0.7255139056831922,1.3016129032258066,1210.0929999999994,Low Value
0,71,109.6,7854.15,True,True,False,True,False,True,True,False,False,True,False,True,False,True,False,False,False,True,False,True,True,False,True,False,True,False,109.08541666666666,7781.599999999999,1.522222222222222,7781.599999999999,0.6419529837251357,1.522222222222222,7783.770999999994,High Value
0,17,92.6,1579.7,False,True,False,True,False,True,True,False,False,False,False,False,False,False,False,False,False,True,False,True,False,False,False,False,True,False,87.76111111111112,1574.1999999999998,5.144444444444444,1574.1999999999998,0.1816239316239316,5.144444444444444,1574.0490000000004,Low Value
0,3,84.3,235.05,True,False,False,True,False,False,True,False,False,False,False,True,False,False,False,False,False,False,False,True,False,False,False,False,True,False,58.7625,252.9,21.075,252.9,0.0351699882766705,21.075,252.75949999999997,Low Value
0,1,45.3,45.3,False,False,False,True,False,False,False,False,False,False,False,False,False,False,False,False,False,False,False,False,False,False,False,False,False,True,22.65,45.3,22.65,45.3,0.0215982721382289,22.65,45.29800000000007,Low Value
1,67,54.9,3725.5,False,False,False,True,False,True,False,False,False,False,False,True,False,False,False,False,False,False,False,False,False,False,False,False,True,False,54.786764705882355,3678.3,0.8073529411764706,3678.3,1.1985688729874775,0.8073529411764706,3682.243499999999,Medium Value
0,31,81.7,2548.65,True,False,False,True,False,True,True,False,False,False,False,False,False,False,False,True,False,False,False,False,True,False,False,True,False,False,79.6453125,2532.7000000000003,2.553125,2532.7000000000003,0.3748488512696493,2.553125,2529.5964999999983,Medium Value
1,29,101.45,2948.6,True,False,False,True,False,False,True,False,False,False,False,True,False,True,False,False,False,True,False,True,False,False,True,False,False,False,98.28666666666666,2942.05,3.381666666666667,2942.05,0.2830649097120546,3.381666666666667,2938.3684999999996,Medium Value
1,41,83.75,3273.55,True,True,False,True,False,True,True,False,False,True,False,False,False,True,False,False,False,False,False,False,False,False,True,False,False,False,77.94166666666668,3433.75,1.994047619047619,3433.75,0.4837758112094395,1.994047619047619,3433.2839999999983,Medium Value
0,11,79.5,795.65,True,False,False,True,False,False,True,False,False,True,False,False,False,True,False,False,False,False,False,False,False,False,True,False,False,False,66.30416666666666,874.5,6.625,874.5,0.1366459627329192,6.625,874.6340000000005,Low Value
0,24,70.3,1706.45,True,True,True,True,False,False,False,False,False,True,False,True,False,False,False,True,False,False,False,True,False,False,True,True,False,False,68.258,1687.1999999999998,2.812,1687.1999999999998,0.3366058906030855,2.812,1686.8060000000014,Low Value
0,18,45.65,747.2,True,False,True,True,False,False,False,False,False,False,False,False,False,False,False,False,False,False,False,False,False,False,True,True,False,False,39.32631578947369,821.6999999999999,2.402631578947368,821.6999999999999,0.3858520900321543,2.402631578947368,821.2284999999995,Low Value
0,25,85.9,2199.05,True,True,True,True,False,False,True,False,False,False,False,False,False,False,False,True,False,True,False,False,False,False,False,False,True,False,84.57884615384616,2147.5,3.303846153846154,2147.5,0.287686996547756,3.303846153846154,2146.172500000001,Medium Value
1,13,45.3,528.45,False,True,False,False,True,False,False,False,False,False,False,False,False,False,False,False,False,True,False,True,False,False,False,False,True,False,37.746428571428574,588.9,3.2357142857142853,588.9,0.2807775377969763,3.2357142857142853,588.82,Low Value
0,4,79.9,324.3,True,False,False,True,False,False,True,False,False,False,False,False,False,False,False,False,False,False,False,True,False,False,True,False,True,False,64.86,319.6,15.98,319.6,0.0494437577255871,15.98,320.12450000000007,Low Value
0,29,31.2,926.2,False,False,False,False,True,False,False,False,False,False,False,False,False,False,False,True,False,False,False,False,False,False,True,False,True,False,30.873333333333335,904.8,1.04,904.8,0.9006211180124223,1.04,904.5489999999995,Low Value
0,72,80.45,5737.6,False,True,False,True,False,True,True,False,False,True,False,False,False,False,False,False,False,False,False,False,False,True,False,False,False,False,78.59726027397261,5792.400000000001,1.102054794520548,5792.400000000001,0.8839779005524862,1.102054794520548,5788.693000000005,High Value
0,70,20.05,1360.25,True,True,True,True,False,False,False,True,True,False,True,False,True,False,True,False,True,False,True,False,False,True,False,True,False,False,19.158450704225352,1403.5,0.2823943661971831,1403.5,3.32541567695962,0.2823943661971831,1403.5929999999987,Low Value
0,67,103.15,6895.5,True,True,True,True,False,False,True,False,False,False,False,True,False,True,False,True,False,True,False,True,False,True,False,False,False,False,101.40441176470588,6911.05,1.5169117647058823,6911.05,0.643302928468555,1.5169117647058823,6911.040000000001,High Value
0,20,81.0,1683.7,False,True,False,True,False,False,True,False,False,False,False,False,False,True,False,True,False,False,False,False,False,False,True,False,False,True,80.17619047619048,1620.0,3.857142857142857,1620.0,0.2439024390243902,3.857142857142857,1622.3799999999994,Low Value
0,64,100.3,6603.8,True,False,False,True,False,False,True,False,False,True,False,True,False,False,False,False,False,True,False,True,True,False,True,True,False,False,101.59692307692308,6419.2,1.543076923076923,6419.2,0.631786771964462,1.543076923076923,6416.044500000005,High Value
0,18,35.0,553.0,False,False,True,False,True,False,False,False,False,False,False,False,False,False,False,False,False,False,False,True,False,False,True,False,True,False,29.105263157894736,630.0,1.8421052631578947,630.0,0.5,1.8421052631578947,631.7704999999996,Low Value
0,1,49.3,49.3,True,False,False,True,False,False,False,False,False,False,False,False,False,False,False,True,False,False,False,False,False,False,True,False,True,False,24.65,49.3,24.65,49.3,0.0198807157057654,24.65,49.268,Low Value
0,72,83.55,6093.3,True,True,True,True,False,True,False,False,False,True,False,False,False,True,False,True,False,True,False,True,False,True,True,True,False,False,83.46986301369863,6015.599999999999,1.1445205479452054,6015.599999999999,0.8515671200473093,1.1445205479452054,6019.290000000001,High Value
0,67,100.9,6733.15,True,True,False,True,False,False,True,False,False,True,False,True,False,False,False,False,False,True,False,True,True,False,True,True,False,False,99.01691176470588,6760.3,1.4838235294117648,6760.3,0.6575073601570166,1.4838235294117648,6761.7639999999965,High Value
0,5,70.0,347.4,True,False,False,True,False,False,False,False,False,False,False,False,False,True,False,False,False,True,False,True,True,False,True,False,False,True,57.9,350.0,11.666666666666666,350.0,0.0704225352112676,11.666666666666666,350.03350000000006,Low Value
0,24,55.65,1400.55,True,False,False,True,False,True,False,False,False,True,False,False,False,False,False,False,False,False,False,False,False,False,True,False,False,False,56.022,1335.6,2.226,1335.6,0.4236540158870256,2.226,1334.5509999999988,Low Value
0,59,20.35,1267.0,False,True,False,True,False,False,False,True,True,False,True,False,True,False,True,False,True,False,True,False,True,False,False,False,False,True,21.116666666666667,1200.65,0.3391666666666666,1200.65,2.7634660421545667,0.3391666666666666,1200.301500000001,Low Value
0,71,111.25,7984.15,False,False,False,True,False,True,True,False,False,False,False,True,False,True,False,True,False,True,False,True,False,True,True,False,True,False,110.89097222222222,7898.75,1.5451388888888888,7898.75,0.6325167037861915,1.5451388888888888,7901.56800000001,High Value
0,1,73.5,73.5,False,False,False,True,False,False,True,False,False,False,False,False,False,True,False,False,False,False,False,False,False,False,False,False,False,False,36.75,73.5,36.75,73.5,0.0134228187919463,36.75,73.5730000000001,Low Value
0,36,19.2,702.9,False,True,True,True,False,False,False,True,True,False,True,False,True,False,True,False,True,False,True,False,False,False,False,False,False,False,18.997297297297298,691.1999999999999,0.518918918918919,691.1999999999999,1.7821782178217822,0.518918918918919,690.9660000000005,Low Value
0,25,18.7,383.65,False,True,True,True,False,False,False,True,True,False,True,False,True,False,True,False,True,False,True,False,False,True,True,False,False,True,14.75576923076923,467.5,0.7192307692307692,467.5,1.269035532994924,0.7192307692307692,467.1030000000001,Low Value
0,6,69.8,377.85,True,True,True,True,False,False,True,False,False,False,False,False,False,False,False,False,False,False,False,False,False,False,True,False,True,False,53.978571428571435,418.7999999999999,9.971428571428572,418.7999999999999,0.0847457627118644,9.971428571428572,418.2115,Low Value
0,50,98.25,4858.7,True,True,False,True,False,True,True,False,False,False,False,True,False,False,False,False,False,True,False,True,True,False,True,False,True,False,95.2686274509804,4912.5,1.9264705882352944,4912.5,0.5037783375314862,1.9264705882352944,4909.604500000003,Medium Value
0,3,19.85,63.75,False,False,False,True,False,False,False,True,True,False,True,False,True,False,True,False,True,False,True,False,False,False,False,False,False,True,15.9375,59.55,4.9625,59.55,0.1438848920863309,4.9625,59.54700000000003,Low Value
0,62,84.95,5150.55,False,True,False,True,False,True,False,False,False,True,False,True,False,False,False,True,False,True,False,True,False,True,True,False,True,False,81.7547619047619,5266.900000000001,1.3484126984126985,5266.900000000001,0.7213496218731821,1.3484126984126985,5265.1444999999985,High Value
0,6,91.1,455.3,False,False,False,True,False,False,True,False,False,False,False,False,False,False,False,False,False,True,False,True,False,False,True,False,True,False,65.04285714285714,546.5999999999999,13.014285714285714,546.5999999999999,0.0651465798045602,13.014285714285714,546.7235000000002,Low Value
0,5,25.45,134.75,False,False,False,True,False,True,False,True,True,False,True,False,True,False,True,False,True,False,True,False,False,False,False,False,False,True,22.458333333333332,127.25,4.241666666666666,127.25,0.1890359168241966,4.241666666666666,127.56549999999994,Low Value
0,68,103.75,7039.45,False,True,True,True,False,True,True,False,False,False,False,True,False,False,False,True,False,True,False,True,False,True,True,True,False,False,102.02101449275362,7055.0,1.5036231884057971,7055.0,0.649164677804296,1.5036231884057971,7058.529500000007,High Value
0,14,76.1,1054.8,True,False,True,True,False,False,False,False,False,True,False,True,False,True,False,True,False,False,False,True,False,True,False,False,False,False,70.32,1065.4,5.073333333333333,1065.4,0.1815823605706874,5.073333333333333,1065.5224999999994,Low Value
1,30,90.05,2627.2,False,True,False,True,False,True,True,False,False,False,False,True,False,False,False,False,False,True,False,False,False,False,True,False,True,False,84.74838709677418,2701.5,2.9048387096774193,2701.5,0.3294892915980231,2.9048387096774193,2701.658999999999,Medium Value
0,37,95.15,3532.85,False,True,True,True,False,True,True,False,False,False,False,True,False,True,False,False,False,False,False,True,False,False,True,False,True,False,92.96973684210526,3520.55,2.503947368421053,3520.55,0.3848153926157046,2.503947368421053,3518.8995000000014,Medium Value
0,69,113.25,7895.15,False,True,True,True,False,True,True,False,False,True,False,True,False,True,False,True,False,True,False,True,False,True,False,True,False,False,112.78785714285712,7814.25,1.6178571428571429,7814.25,0.6039387308533917,1.6178571428571429,7816.792999999994,High Value
0,27,25.85,788.55,True,False,True,True,False,True,False,True,True,False,True,False,True,False,True,False,True,False,True,False,False,True,True,True,False,False,28.1625,697.95,0.9232142857142858,697.95,1.005586592178771,0.9232142857142858,698.2530000000005,Low Value
0,51,110.05,5686.4,True,True,True,True,False,True,True,False,False,True,False,True,False,False,False,True,False,True,False,True,True,False,False,True,False,False,109.35384615384616,5612.55,2.1163461538461537,5612.55,0.4592525889239081,2.1163461538461537,5612.445500000001,High Value
0,7,61.4,438.9,False,False,False,True,False,False,False,False,False,True,False,True,False,True,False,False,False,False,False,False,False,False,False,False,True,False,54.8625,429.8,7.675,429.8,0.1121794871794871,7.675,429.6925,Low Value
0,19,55.0,1046.5,True,False,False,True,False,False,False,False,False,False,False,False,False,True,False,True,False,False,False,False,False,False,True,True,False,False,52.325,1045.0,2.75,1045.0,0.3392857142857143,2.75,1044.5754999999995,Low Value
0,25,19.9,510.8,True,False,False,True,False,False,False,True,True,False,True,False,True,False,True,False,True,False,True,False,True,False,False,True,False,False,19.646153846153847,497.49999999999994,0.7653846153846153,497.49999999999994,1.1961722488038278,0.7653846153846153,497.4824999999999,Low Value
0,56,100.55,5514.95,True,True,False,True,False,True,True,False,False,True,False,False,False,False,False,False,False,True,False,True,True,False,True,False,True,False,96.75350877192982,5630.8,1.7640350877192983,5630.8,0.551452486459872,1.7640350877192983,5632.991000000004,High Value
0,1,19.1,19.1,False,False,False,True,False,False,False,True,True,False,True,False,True,False,True,False,True,False,True,False,False,False,False,False,False,True,9.55,19.1,9.55,19.1,0.0497512437810945,9.55,19.10749999999999,Low Value
1,68,53.0,3656.25,False,True,True,False,True,False,False,False,False,False,False,True,False,True,False,False,False,True,False,True,False,True,True,False,True,False,52.98913043478261,3604.0,0.7681159420289855,3604.0,1.2592592592592593,0.7681159420289855,3606.0620000000035,Medium Value
1,61,82.15,4904.85,True,True,False,True,False,True,True,False,False,False,False,True,False,False,False,False,False,False,False,False,False,False,True,False,True,False,79.11048387096774,5011.150000000001,1.3250000000000002,5011.150000000001,0.7336139506915212,1.3250000000000002,5006.646500000002,High Value
0,68,19.35,1292.65,False,True,True,True,False,False,False,True,True,False,True,False,True,False,True,False,True,False,True,False,False,True,True,False,False,False,18.734057971014497,1315.8000000000002,0.2804347826086957,1315.8000000000002,3.341523341523341,0.2804347826086957,1316.6584999999998,Low Value
0,54,20.4,1090.6,True,True,True,True,False,False,False,True,True,False,True,False,True,False,True,False,True,False,True,False,False,True,False,True,False,False,19.829090909090908,1101.6,0.3709090909090909,1101.6,2.5233644859813085,0.3709090909090909,1100.8000000000002,Low Value
0,1,50.45,50.45,True,False,False,True,False,True,False,False,False,False,False,False,False,False,False,False,False,False,False,False,False,False,True,False,True,False,25.225,50.45,25.225,50.45,0.0194363459669582,25.225,50.49749999999999,Low Value
0,1,19.05,19.05,True,False,False,True,False,False,False,True,True,False,True,False,True,False,True,False,True,False,True,False,False,False,False,False,False,True,9.525,19.05,9.525,19.05,0.0498753117206982,9.525,19.0385,Low Value
0,12,94.55,1173.55,True,False,False,True,False,True,True,False,False,False,False,False,False,False,False,False,False,True,False,True,False,False,False,False,True,False,90.27307692307691,1134.6,7.273076923076923,1134.6,0.1255886970172684,7.273076923076923,1134.2015000000006,Low Value
0,26,56.05,1553.2,False,False,False,True,False,False,False,False,False,False,False,True,False,True,False,False,False,False,False,False,True,False,True,False,False,True,57.525925925925925,1457.3,2.075925925925926,1457.3,0.4557405784399649,2.075925925925926,1457.1329999999994,Low Value
1,35,110.8,3836.3,False,False,False,True,False,True,True,False,False,True,False,True,False,True,False,True,False,True,False,True,True,False,True,False,False,False,106.5638888888889,3878.0,3.0777777777777775,3878.0,0.3130590339892665,3.0777777777777775,3877.3749999999964,Medium Value
0,72,25.1,1857.85,False,True,True,True,False,True,False,True,True,False,True,False,True,False,True,False,True,False,True,False,False,True,False,False,False,False,25.45,1807.2,0.3438356164383562,1807.2,2.758620689655172,0.3438356164383562,1807.0740000000017,Low Value
