SeniorCitizen,tenure,MonthlyCharges,TotalCharges,Churn,gender_Male,Partner_Yes,Dependents_Yes,PhoneService_Yes,MultipleLines_No phone service,MultipleLines_Yes,InternetService_Fiber optic,InternetService_No,OnlineSecurity_No internet service,OnlineSecurity_Yes,OnlineBackup_No internet service,OnlineBackup_Yes,DeviceProtection_No internet service,DeviceProtection_Yes,TechSupport_No internet service,TechSupport_Yes,StreamingTV_No internet service,StreamingTV_Yes,StreamingMovies_No internet service,StreamingMovies_Yes,Contract_One year,Contract_Two year,PaperlessBilling_Yes,PaymentMethod_Credit card (automatic),PaymentMethod_Electronic check,PaymentMethod_Mailed check,RevenuePerMonth,EngagementScore,RiskScore,TenureChargeInteraction,CustomerStability,ServiceDensity,prediction_timestamp,churn_probability,predicted_churn,predicted_ltv
0,9,74.95,614.43,1,True,False,True,True,False,False,False,False,False,False,False,False,False,False,False,False,False,True,False,False,False,False,False,False,True,False,68.27,498.15,5.535,498.15,0.1597160603371783,5.535,2026-06-11T18:08:33.728946902,0.4457,0,6553.39
1,28,140.37,4165.99,0,True,True,False,True,False,True,True,False,False,False,False,True,False,False,False,True,False,True,False,True,False,False,True,False,True,False,148.79,2962.4,3.6482758620689655,2962.4,0.2621722846441948,3.6482758620689655,2026-06-09T08:40:17.889657043,0.2789,0,5545.36
0,68,114.15,7141.23,0,False,True,True,True,False,True,True,False,False,False,False,True,False,True,False,False,False,False,False,False,False,True,True,True,False,False,105.02,5739.200000000001,1.2231884057971016,5739.200000000001,0.7962529274004684,1.2231884057971016,2026-06-14T18:32:41.067229214,0.2851,0,2749.54
0,60,27.62,1508.37,0,True,False,True,True,False,False,False,True,True,False,True,False,True,False,True,False,True,False,True,False,False,True,False,False,False,True,25.14,1197.0,0.3270491803278688,1197.0,2.863961813842482,0.3270491803278688,2026-06-18T06:54:28.922985655,0.277,0,5876.34
0,1,89.17,88.44,1,True,True,True,True,False,False,True,False,False,False,False,False,False,False,False,False,False,False,False,False,False,False,True,False,False,True,88.44,70.65,35.325,70.65,0.0139567341242149,35.325,2026-06-06T08:32:56.302399213,0.3214,0,5122.56
0,70,149.59,9703.97,0,False,True,False,True,False,True,True,False,False,False,False,False,False,True,False,True,False,True,False,True,False,True,True,False,False,False,138.63,7301.0,1.4690140845070423,7301.0,0.6647673314339981,1.4690140845070423,2026-06-15T14:41:40.000559586,0.4196,0,5039.06
0,17,26.48,424.17,0,True,False,False,True,False,False,False,True,True,False,True,False,True,False,True,False,True,False,True,False,True,False,False,False,False,True,24.95,339.15,1.1083333333333334,339.15,0.81145584725537,1.1083333333333334,2026-06-13T22:31:57.604448188,0.2294,0,6782.05
0,68,27.06,1902.19,0,False,False,False,True,False,False,False,True,True,False,True,False,True,False,True,False,True,False,True,False,False,True,False,True,False,False,27.97,1394.0,0.2971014492753623,1394.0,3.1627906976744184,0.2971014492753623,2026-06-15T09:51:00.484297112,0.221,0,1086.88
0,3,38.54,113.5,1,False,True,True,False,True,False,False,False,False,True,False,False,False,False,False,False,False,False,False,False,False,False,False,True,False,False,37.83,89.1,7.425,89.1,0.0977198697068403,7.425,2026-06-16T17:35:00.217466363,0.5465,1,6493.24
0,4,62.22,225.93,1,True,False,False,False,True,False,False,False,False,False,False,False,False,False,False,False,False,True,False,True,False,False,True,False,True,False,56.48,178.2,8.91,178.2,0.0878155872667398,8.91,2026-06-13T20:02:49.199971666,0.1986,0,5780.48
1,20,111.67,2077.27,0,False,False,False,True,False,False,True,False,False,False,False,False,False,False,False,False,False,True,False,False,False,False,False,False,False,False,103.86,1614.0,3.842857142857143,1614.0,0.244798041615667,3.842857142857143,2026-06-14T09:24:28.598897364,0.1939,0,7404.42
0,16,128.23,1776.09,0,True,True,True,True,False,True,True,False,False,False,False,False,False,True,False,False,False,True,False,False,False,False,True,False,False,False,111.01,1452.8,5.341176470588235,1452.8,0.1742919389978213,5.341176470588235,2026-06-03T02:40:29.163353820,0.4084,0,2277.78
0,48,62.76,3008.54,0,False,True,True,False,True,False,False,False,False,True,False,False,False,True,False,False,False,False,False,True,True,False,False,True,False,False,62.68,2160.0,0.9183673469387756,2160.0,1.0434782608695652,0.9183673469387756,2026-06-10T20:57:34.461427300,0.3838,0,5869.86
0,28,81.79,2398.12,0,True,True,True,False,True,False,False,False,False,False,False,True,False,True,False,True,False,True,False,True,True,False,True,True,False,False,85.65,1680.0,2.068965517241379,1680.0,0.4590163934426229,2.068965517241379,2026-06-09T00:22:55.444106223,0.1894,0,6664.29
0,68,120.25,8648.85,0,False,True,True,True,False,True,False,False,False,True,False,True,False,True,False,True,False,True,False,True,False,True,False,True,False,False,127.19,5984.0,1.2753623188405796,5984.0,0.7640449438202247,1.2753623188405796,2026-06-01T19:49:50.595563931,0.213,0,4401.12
1,10,110.69,1003.42,1,True,False,False,True,False,False,True,False,False,False,False,False,False,False,False,False,False,False,False,True,False,False,True,False,True,False,100.34,792.5,7.204545454545454,792.5,0.1246105919003115,7.204545454545454,2026-06-09T12:27:55.216021952,0.513,1,4910.17
0,13,80.72,1030.53,0,True,True,True,True,False,False,False,False,False,False,False,True,False,True,False,True,False,False,False,False,False,False,False,False,False,False,79.27,803.4,4.414285714285714,803.4,0.2070063694267516,4.414285714285714,2026-06-17T00:25:26.993282709,0.2494,0,2517.7
0,1,26.15,23.05,0,False,False,False,True,False,False,False,True,True,False,True,False,True,False,True,False,True,False,True,False,False,False,True,False,False,True,23.05,19.4,9.7,19.4,0.0490196078431372,9.7,2026-06-12T21:15:29.622068481,0.2635,0,6490.97
0,10,139.78,1311.77,1,False,True,True,True,False,True,True,False,False,False,False,True,False,True,False,False,False,True,False,True,False,False,True,True,False,False,131.18,1021.0,9.28181818181818,1021.0,0.0969932104752667,9.28181818181818,2026-06-03T18:59:45.015027761,0.1807,0,4668.88
0,71,119.33,8609.74,0,True,True,True,True,False,True,False,False,False,True,False,True,False,True,False,True,False,True,False,True,False,True,False,True,False,False,121.26,6382.900000000001,1.2486111111111111,6382.900000000001,0.781078107810781,1.2486111111111111,2026-06-13T12:48:43.571708682,0.2267,0,4679.44
0,33,61.75,1832.21,0,True,True,False,True,False,False,False,False,False,False,False,False,False,False,False,False,False,False,False,False,False,False,True,True,False,False,55.52,1470.15,1.3102941176470588,1470.15,0.7244785949506037,1.3102941176470588,2026-06-10T06:23:13.726000405,0.5119,1,2324.02
0,12,60.49,665.19,1,True,False,False,True,False,False,False,False,False,False,False,False,False,False,False,False,False,False,False,False,False,False,True,False,False,False,55.43,544.8,3.4923076923076923,544.8,0.2586206896551724,3.4923076923076923,2026-06-02T02:00:40.526260254,0.3702,0,2921.95
0,56,111.11,6337.11,0,False,True,False,True,False,False,True,False,False,True,False,False,False,True,False,False,False,False,False,False,False,True,False,False,False,False,113.16,4496.8,1.4087719298245611,4496.8,0.6888068880688807,1.4087719298245611,2026-06-01T00:29:32.229346664,0.0863,0,7413.12
1,69,147.1,9431.59,1,True,True,False,True,False,True,True,False,False,False,False,True,False,True,False,True,False,True,False,True,False,True,True,False,False,False,136.69,7479.6,1.5485714285714287,7479.6,0.6307129798903107,1.5485714285714287,2026-06-08T14:51:18.545971263,0.2318,0,7030.96
0,5,96.05,428.66,0,False,True,True,True,False,False,True,False,False,False,False,False,False,False,False,False,False,False,False,False,False,False,False,True,False,False,85.73,349.75,11.658333333333331,349.75,0.0704721634954193,11.658333333333331,2026-06-12T03:45:39.473365650,0.3458,0,3703.35
1,47,121.1,5811.96,1,False,False,False,True,False,True,True,False,False,False,False,True,False,False,False,True,False,True,False,False,False,False,True,False,True,False,123.66,4467.349999999999,1.9802083333333331,4467.349999999999,0.4893284747527329,1.9802083333333331,2026-06-16T15:05:16.067909523,0.1318,0,5542.48
0,50,92.53,4657.14,0,False,False,True,True,False,False,False,False,False,True,False,False,False,True,False,True,False,True,False,False,True,False,True,True,False,False,93.14,3540.0,1.388235294117647,3540.0,0.6963788300835655,1.388235294117647,2026-06-03T07:49:36.485702596,0.4366,0,7246.28
0,1,29.48,28.19,0,True,False,False,True,False,False,False,True,True,False,True,False,True,False,True,False,True,False,True,False,False,False,False,False,False,True,28.19,20.8,10.4,20.8,0.0458715596330275,10.4,2026-06-15T21:18:39.283207412,0.2965,0,4313.18
0,19,79.09,1345.32,0,False,False,False,True,False,False,False,False,False,False,False,True,False,False,False,False,False,True,False,False,True,False,False,False,True,False,70.81,1105.8,2.91,1105.8,0.3209459459459459,2.91,2026-06-04T15:15:22.905870665,0.3854,0,2194.51
0,12,128.54,1394.37,1,False,False,False,True,False,False,True,False,False,False,False,False,False,True,False,False,False,True,False,True,True,False,False,False,False,True,116.2,1146.0,7.346153846153846,1146.0,0.1243523316062176,7.346153846153846,2026-06-07T03:49:27.064006308,0.2085,0,3700.82
0,26,27.68,611.84,0,True,False,False,True,False,False,False,True,True,False,True,False,True,False,True,False,True,False,True,False,True,False,False,True,False,False,23.53,514.8000000000001,0.7333333333333334,514.8000000000001,1.25,0.7333333333333334,2026-06-02T20:36:23.037490380,0.3016,0,8019.63
0,1,103.16,91.41,1,True,False,False,True,False,False,True,False,False,False,False,True,False,False,False,False,False,False,False,False,False,False,True,False,True,False,91.41,74.35,37.175,74.35,0.013271400132714,37.175,2026-06-08T10:50:38.082140430,0.3018,0,3238.97
0,2,108.02,264.85,0,False,True,False,True,False,False,True,False,False,True,False,False,False,False,False,True,False,False,False,False,False,False,True,False,True,False,132.43,160.3,26.71666666666667,160.3,0.0246457178065311,26.71666666666667,2026-06-04T12:52:55.732214634,0.1291,0,730.3
0,1,25.7,25.71,0,False,False,False,True,False,False,False,True,True,False,True,False,True,False,True,False,True,False,True,False,False,False,True,False,False,True,25.71,19.5,9.75,19.5,0.048780487804878,9.75,2026-06-14T02:59:30.226686689,0.3398,0,4316.7
0,40,107.95,4048.24,0,True,True,True,True,False,True,False,False,False,False,False,False,False,True,False,False,False,True,False,True,False,False,True,False,True,False,101.21,2982.0,1.818292682926829,2982.0,0.5294506949040371,1.818292682926829,2026-06-15T00:53:09.889838349,0.1299,0,5298.74
0,52,82.31,3672.16,0,False,False,False,True,False,False,False,False,False,False,False,False,False,True,False,False,False,False,False,True,False,False,True,False,True,False,70.62,3091.4,1.1216981132075472,3091.4,0.8602150537634409,1.1216981132075472,2026-06-11T16:54:38.955364114,0.5602,1,5874.6
0,24,105.72,2824.9,0,False,True,True,True,False,True,True,False,False,False,False,True,False,True,False,False,False,False,False,False,True,False,False,False,False,False,117.7,1995.6,3.326,1995.6,0.285204991087344,3.326,2026-06-11T02:19:12.996377407,0.2458,0,6216.57
0,39,113.45,3957.74,0,False,True,True,True,False,False,True,False,False,False,False,False,False,True,False,True,False,False,False,False,False,False,True,False,False,False,101.48,3178.5,2.0375,3178.5,0.4727272727272727,2.0375,2026-06-03T21:08:23.997807146,0.2121,0,3706.18
0,20,105.52,2026.27,0,False,True,True,True,False,True,False,False,False,True,False,False,False,False,False,False,False,True,False,True,True,False,False,False,False,False,101.31,1520.0,3.619047619047619,1520.0,0.2597402597402597,3.619047619047619,2026-06-17T15:46:12.145987425,0.0917,0,4066.3
0,5,128.64,540.14,1,True,False,False,True,False,True,True,False,False,False,False,False,False,True,False,False,False,True,False,False,False,False,True,False,True,False,108.03,462.5,15.416666666666666,462.5,0.053475935828877,15.416666666666666,2026-06-18T21:41:26.052056598,0.2884,0,5485.59
0,67,26.33,1670.63,0,True,False,False,True,False,False,False,True,True,False,True,False,True,False,True,False,True,False,True,False,False,True,True,False,False,True,24.93,1326.6,0.2911764705882353,1326.6,3.2211538461538463,0.2911764705882353,2026-06-09T16:44:40.187611081,0.2193,0,5126.53
0,5,65.48,274.69,1,False,False,True,True,False,False,False,False,False,False,False,False,False,False,False,False,False,False,False,False,False,False,False,False,False,True,54.94,230.0,7.666666666666667,230.0,0.1063829787234042,7.666666666666667,2026-06-18T08:44:50.783028417,0.1119,0,633.73
0,39,25.92,1030.97,0,False,True,True,True,False,False,False,True,True,False,True,False,True,False,True,False,True,False,True,False,False,True,False,False,False,True,26.44,770.25,0.49375,770.25,1.879518072289157,0.49375,2026-06-05T02:58:13.342603791,0.1285,0,4172.76
0,51,123.21,5726.58,0,True,False,False,True,False,True,True,False,False,False,False,True,False,True,False,True,False,False,False,False,False,False,True,False,True,False,112.29,4454.849999999999,1.679807692307692,4454.849999999999,0.5772495755517827,1.679807692307692,2026-06-01T13:30:24.186462129,0.2519,0,5502.07
0,16,128.62,1866.84,1,True,False,False,True,False,False,True,False,False,True,False,False,False,False,False,False,False,True,False,True,False,False,True,False,True,False,116.68,1508.0,5.544117647058823,1508.0,0.1679790026246719,5.544117647058823,2026-06-17T20:36:46.184545384,0.3215,0,3915.1
0,72,34.51,2342.68,0,False,True,True,True,False,True,False,True,True,False,True,False,True,False,True,False,True,False,True,False,False,True,True,False,False,False,32.54,1731.6,0.3294520547945205,1731.6,2.874251497005988,0.3294520547945205,2026-06-01T23:43:13.006556432,0.1534,0,7119.23
0,8,94.67,684.08,1,False,False,False,True,False,True,False,False,False,True,False,False,False,False,False,True,False,False,False,True,False,False,False,False,True,False,85.51,569.2,7.905555555555556,569.2,0.1108801108801108,7.905555555555556,2026-06-04T00:52:16.128351244,0.4674,0,3351.56
0,5,118.75,578.43,1,False,True,True,True,False,False,True,False,False,False,False,False,False,False,False,True,False,True,False,False,False,False,True,False,True,False,115.69,428.75,14.291666666666666,428.75,0.0576368876080691,14.291666666666666,2026-06-01T06:29:50.875990002,0.3478,0,6082.45
0,64,34.81,1993.2,0,False,True,False,True,False,True,False,True,True,False,True,False,True,False,True,False,True,False,True,False,False,True,False,True,False,False,31.14,1600.0,0.3846153846153846,1600.0,2.4615384615384617,0.3846153846153846,2026-06-14T14:46:20.246067115,0.2995,0,3972.81
0,46,25.68,1180.55,0,False,True,True,True,False,False,False,True,True,False,True,False,True,False,True,False,True,False,True,False,False,True,True,False,False,True,25.66,885.5,0.4095744680851064,885.5,2.271604938271605,0.4095744680851064,2026-06-05T05:19:17.963738076,0.1228,0,5045.24
1,71,26.74,1743.47,0,True,True,True,True,False,False,False,True,True,False,True,False,True,False,True,False,True,False,True,False,False,True,False,True,False,False,24.56,1405.8,0.275,1405.8,3.4134615384615383,0.275,2026-06-05T12:20:36.781483402,0.1457,0,3582.83
0,34,106.28,3533.02,0,False,False,False,True,False,False,False,False,False,True,False,False,False,True,False,True,False,True,False,True,True,False,True,False,False,False,103.91,2718.3,2.2842857142857143,2718.3,0.4200123533045089,2.2842857142857143,2026-06-04T06:21:50.398780899,0.4416,0,5545.47
0,3,102.97,267.81,0,False,False,False,True,False,True,True,False,False,False,False,False,False,False,False,False,False,False,False,False,False,False,True,False,True,False,89.27,224.85,18.7375,224.85,0.0394996708360763,18.7375,2026-06-01T19:21:33.869932626,0.2667,0,5571.68
0,2,27.76,52.51,0,True,False,False,True,False,False,False,True,True,False,True,False,True,False,True,False,True,False,True,False,False,False,False,False,False,True,26.26,40.1,6.683333333333334,40.1,0.0950118764845605,6.683333333333334,2026-06-16T23:25:02.368099804,0.69,1,5742.24
0,49,27.31,1312.71,0,False,False,True,True,False,False,False,True,True,False,True,False,True,False,True,False,True,False,True,False,False,True,False,True,False,False,26.79,1002.05,0.409,1002.05,2.2843822843822843,0.409,2026-06-11T12:21:46.437094931,0.2133,0,3775.33
0,48,89.76,4054.68,0,False,True,False,True,False,False,False,False,False,False,False,True,False,True,False,False,False,False,False,True,True,False,True,False,True,False,84.47,3151.2000000000003,1.3397959183673471,3151.2000000000003,0.7201800450112528,1.3397959183673471,2026-06-10T11:01:43.371221345,0.2292,0,5697.78
0,20,25.76,502.24,0,False,False,False,True,False,False,False,True,True,False,True,False,True,False,True,False,True,False,True,False,False,False,True,False,False,False,25.11,390.0,0.9285714285714286,390.0,0.975609756097561,0.9285714285714286,2026-06-09T05:02:06.219542696,0.1479,0,2980.71
1,67,33.23,2169.86,0,True,False,False,True,False,True,False,True,True,False,True,False,True,False,True,False,True,False,True,False,False,True,False,True,False,False,32.39,1681.7,0.3691176470588235,1681.7,2.5670498084291187,0.3691176470588235,2026-06-18T13:56:05.820762634,0.3805,0,5627.0
0,70,94.48,6291.66,0,False,True,True,True,False,False,False,False,False,True,False,False,False,False,False,True,False,True,False,True,False,True,False,True,False,False,89.88,5274.5,1.0612676056338028,5274.5,0.91683038637852,1.0612676056338028,2026-06-04T10:19:27.093243606,0.2759,0,4214.29
0,64,111.76,6971.17,0,True,False,False,True,False,True,False,False,False,False,False,True,False,True,False,True,False,True,False,True,False,True,False,True,False,False,108.92,5539.2,1.3315384615384616,5539.2,0.7310108509423187,1.3315384615384616,2026-06-03T09:48:55.485144469,0.3314,0,6171.1
0,1,25.34,25.96,1,True,False,True,True,False,False,False,True,True,False,True,False,True,False,True,False,True,False,True,False,False,False,False,False,False,True,25.96,19.25,9.625,19.25,0.0493827160493827,9.625,2026-06-12T20:43:34.580804368,0.2893,0,4247.4
0,13,109.58,1294.57,1,True,False,False,True,False,False,True,False,False,False,False,False,False,False,False,False,False,False,False,True,False,False,True,False,True,False,99.58,1051.05,5.7749999999999995,1051.05,0.1588271227855834,5.7749999999999995,2026-06-03T10:45:54.817828987,0.5355,1,3593.3
0,18,125.35,2003.55,0,True,True,True,True,False,False,True,False,False,True,False,False,False,True,False,False,False,True,False,False,False,False,True,False,False,True,111.31,1582.2,4.626315789473685,1582.2,0.202474690663667,4.626315789473685,2026-06-05T10:08:17.154633526,0.2341,0,6897.66
0,66,85.22,5641.43,0,False,False,False,False,True,False,False,False,False,True,False,True,False,True,False,True,False,True,False,True,False,True,True,False,False,False,85.48,4125.0,0.9328358208955224,4125.0,1.0393700787401574,0.9328358208955224,2026-06-10T14:44:44.457426736,0.4054,0,7414.88
0,60,53.64,3241.55,0,True,False,False,False,True,False,False,False,False,True,False,True,False,True,False,False,False,False,False,False,False,True,False,False,False,False,54.03,2376.0,0.6491803278688525,2376.0,1.477832512315271,0.6491803278688525,2026-06-08T02:47:48.948596932,0.2815,0,7206.59
0,71,128.12,8681.36,1,False,True,False,True,False,True,True,False,False,False,False,False,False,False,False,False,False,True,False,True,False,True,True,False,False,False,122.27,6652.7,1.301388888888889,6652.7,0.7497360084477297,1.301388888888889,2026-06-11T02:04:49.522512444,0.4176,0,4613.0
0,28,115.77,3361.51,0,False,True,True,True,False,True,True,False,False,False,False,False,False,False,False,True,False,False,False,True,True,False,True,False,True,False,120.05,2532.6,3.1189655172413793,2532.6,0.306178239475123,3.1189655172413793,2026-06-07T15:37:26.161418068,0.13,0,6088.52
0,30,110.97,3355.8,0,True,True,True,True,False,False,True,False,False,False,False,True,False,True,False,False,False,False,False,False,False,False,False,False,False,False,111.86,2461.5,2.646774193548387,2461.5,0.3612281757977122,2.646774193548387,2026-06-08T20:51:17.664227031,0.4954,0,5501.69
0,2,81.07,151.11,1,True,False,False,True,False,True,False,False,False,False,False,False,False,False,False,False,False,False,False,True,False,False,False,False,False,False,75.56,124.1,20.683333333333337,124.1,0.0317208564631245,20.683333333333337,2026-06-10T11:24:50.172520310,0.3939,0,6287.74
0,56,59.26,3441.92,0,False,False,False,False,True,False,False,False,False,False,False,False,False,False,False,False,False,True,False,True,False,False,True,True,False,False,61.46,2511.6,0.7868421052631579,2511.6,1.2213740458015268,0.7868421052631579,2026-06-08T23:02:07.603940476,0.3746,0,4894.78
0,3,142.13,417.56,1,False,False,False,True,False,False,True,False,False,False,False,True,False,False,False,True,False,True,False,True,False,False,True,False,True,False,139.19,293.70000000000005,24.475,293.70000000000005,0.0303336703741152,24.475,2026-06-09T23:26:52.389766539,0.4011,0,6481.31
0,57,27.12,1433.07,0,True,False,False,True,False,False,False,True,True,False,True,False,True,False,True,False,True,False,True,False,False,True,False,True,False,False,25.14,1071.6,0.3241379310344828,1071.6,2.878787878787879,0.3241379310344828,2026-06-06T22:58:49.778236105,0.5178,1,5371.17
0,43,47.56,2093.69,0,False,True,False,False,True,False,False,False,False,True,False,False,False,False,False,True,False,False,False,False,False,False,False,False,False,False,48.69,1462.0,0.7727272727272727,1462.0,1.2285714285714286,0.7727272727272727,2026-06-05T12:54:27.002681283,0.2566,0,2913.06
0,37,89.03,3099.27,0,False,False,False,True,False,True,False,False,False,True,False,False,False,False,False,False,False,True,False,False,True,False,False,False,False,False,83.76,2392.05,1.7013157894736843,2392.05,0.5635948210205636,1.7013157894736843,2026-06-10T18:17:23.975538586,0.5247,1,6984.1
1,24,128.1,3214.67,1,True,True,False,True,False,False,True,False,False,False,False,False,False,True,False,False,False,True,False,True,False,False,True,False,True,False,133.94,2235.6000000000004,3.726,2235.6000000000004,0.2549123738714817,3.726,2026-06-01T07:12:39.698840011,0.3503,0,4450.72
0,48,137.01,6110.12,0,False,True,True,True,False,True,True,False,False,True,False,True,False,False,False,False,False,True,False,True,False,False,True,True,False,False,127.29,5052.0,2.1479591836734695,5052.0,0.4517647058823529,2.1479591836734695,2026-06-03T15:35:49.389494716,0.2057,0,6125.93
0,23,26.26,651.54,0,False,True,True,True,False,False,False,True,True,False,True,False,True,False,True,False,True,False,True,False,False,True,False,False,False,False,28.33,469.2,0.85,469.2,1.074766355140187,0.85,2026-06-13T10:22:16.244456194,0.2981,0,5742.74
0,71,162.16,11053.37,0,False,False,False,True,False,True,True,False,False,True,False,True,False,True,False,True,False,True,False,True,False,True,True,False,True,False,155.68,8424.15,1.6479166666666667,8424.15,0.5933974091099039,1.6479166666666667,2026-06-01T23:21:39.929369675,0.1201,0,5452.29
0,66,139.4,9697.31,1,True,True,False,True,False,True,True,False,False,False,False,True,False,True,False,False,False,True,False,True,False,False,True,True,False,False,146.93,6930.0,1.5671641791044777,6930.0,0.6226415094339622,1.5671641791044777,2026-06-13T02:06:16.037742490,0.2125,0,7212.26
0,26,27.08,760.88,0,True,False,False,True,False,False,False,True,True,False,True,False,True,False,True,False,True,False,True,False,True,False,True,True,False,False,29.26,536.9,0.7648148148148147,536.9,1.2009237875288683,0.7648148148148147,2026-06-18T04:49:48.142022851,0.488,0,5047.58
0,12,103.1,1237.23,0,False,False,True,True,False,True,True,False,False,False,False,False,False,False,False,False,False,False,False,False,False,False,True,False,True,False,103.1,919.2,5.892307692307692,919.2,0.1546391752577319,5.892307692307692,2026-06-04T17:44:35.571318492,0.1487,0,4251.76
0,20,120.37,2574.87,0,False,False,False,True,False,False,True,False,False,True,False,False,False,True,False,False,False,True,False,False,False,False,True,False,False,False,128.74,1788.0,4.257142857142857,1788.0,0.2212389380530973,4.257142857142857,2026-06-07T08:24:31.632171475,0.3785,0,1527.8
1,17,121.2,1995.34,1,False,False,False,True,False,False,True,False,False,False,False,True,False,True,False,False,False,True,False,False,False,False,True,False,True,False,117.37,1515.5500000000002,4.952777777777778,1515.5500000000002,0.1885745978924015,4.952777777777778,2026-06-12T13:35:14.875705641,0.3644,0,6417.3
0,45,127.03,5616.49,0,False,False,False,True,False,True,True,False,False,True,False,True,False,False,False,False,False,False,False,True,True,False,False,False,False,False,124.81,4353.75,2.1032608695652173,4353.75,0.4603580562659846,2.1032608695652173,2026-06-11T16:43:08.992152515,0.5171,1,1994.48
1,32,123.4,3775.29,0,False,True,True,True,False,True,True,False,False,False,False,False,False,True,False,False,False,True,False,False,False,False,True,False,False,True,117.98,2923.2,2.768181818181818,2923.2,0.3465078505684895,2.768181818181818,2026-06-04T14:30:39.479769993,0.3834,0,2291.21
0,29,86.88,2267.79,0,False,False,False,True,False,True,False,False,False,True,False,True,False,False,False,True,False,False,False,False,False,False,False,False,False,True,78.2,1956.05,2.2483333333333335,1956.05,0.4236669101533966,2.2483333333333335,2026-06-11T06:17:36.477013782,0.5317,1,3478.03
0,64,96.39,5710.91,0,False,True,False,True,False,False,False,False,False,False,False,True,False,True,False,True,False,False,False,True,False,True,True,False,False,True,89.23,4371.2,1.050769230769231,4371.2,0.9235209235209236,1.050769230769231,2026-06-06T17:49:43.308333060,0.2259,0,4795.29
0,1,78.78,66.75,0,True,False,False,True,False,False,False,False,False,False,False,False,False,False,False,False,False,False,False,True,False,False,True,False,True,False,66.75,55.25,27.625,55.25,0.0177777777777777,27.625,2026-06-08T06:50:00.936073980,0.1235,0,5086.84
0,63,129.09,7800.39,0,True,True,False,True,False,False,True,False,False,True,False,False,False,True,False,False,False,True,False,True,False,True,False,True,False,False,123.82,6281.1,1.5578125,6281.1,0.6256206554121152,1.5578125,2026-06-12T12:33:39.238325031,0.1127,0,3767.37
1,72,106.08,6570.86,0,True,True,False,True,False,True,False,False,False,False,False,True,False,True,False,True,False,True,False,False,False,True,False,True,False,False,91.26,5569.2,1.0595890410958904,5569.2,0.9189534141671986,1.0595890410958904,2026-06-01T21:00:51.482012353,0.3733,0,5897.53
0,4,107.92,433.25,1,True,True,False,True,False,False,True,False,False,False,False,False,False,True,False,True,False,False,False,False,False,False,True,False,False,True,108.31,322.4,16.119999999999997,322.4,0.0490196078431372,16.119999999999997,2026-06-12T10:37:16.017254939,0.0801,0,4081.57
0,22,107.57,2276.24,1,True,False,False,True,False,True,True,False,False,False,False,True,False,False,False,False,False,False,False,False,False,False,True,False,True,False,103.47,1745.6999999999998,3.4499999999999997,1745.6999999999998,0.2738021157436217,3.4499999999999997,2026-06-18T10:34:16.588409234,0.5258,1,4462.4
0,72,151.01,9712.3,0,False,False,False,True,False,True,True,False,False,False,False,True,False,True,False,True,False,True,False,True,False,True,True,False,False,False,134.89,8035.2,1.5287671232876712,8035.2,0.6394316163410302,1.5287671232876712,2026-06-01T07:43:11.873256437,0.0773,0,3900.45
0,20,90.43,1638.88,0,True,True,False,True,False,False,False,False,False,True,False,False,False,False,False,True,False,False,False,True,True,False,True,False,False,True,81.94,1283.0,3.054761904761905,1283.0,0.3069838833461243,3.054761904761905,2026-06-04T01:46:42.725133093,0.4079,0,4626.68
0,9,111.8,1081.15,0,True,False,False,True,False,True,True,False,False,True,False,False,False,False,False,False,False,False,False,False,False,False,True,False,True,False,120.13,730.35,8.115,730.35,0.1095556908094948,8.115,2026-06-13T10:11:11.059906428,0.3421,0,3119.22
0,4,50.37,201.54,0,True,True,True,False,True,False,False,False,False,True,False,False,False,False,False,False,False,True,False,False,False,False,False,True,False,False,50.38,154.2,7.709999999999999,154.2,0.1011378002528445,7.709999999999999,2026-06-02T18:17:52.498508918,0.4697,0,7111.44
0,71,90.52,5824.46,0,True,True,True,True,False,True,False,False,False,True,False,True,False,False,False,True,False,False,False,False,True,False,True,True,False,False,82.03,4746.349999999999,0.928472222222222,4746.349999999999,1.0464259395725868,0.928472222222222,2026-06-10T15:11:08.106029823,0.4154,0,5392.19
0,52,26.44,1276.82,0,False,True,True,True,False,False,False,True,True,False,True,False,True,False,True,False,True,False,True,False,True,False,False,True,False,False,24.55,1019.2,0.369811320754717,1019.2,2.524271844660194,0.369811320754717,2026-06-09T16:49:22.024327668,0.0853,0,6696.8
1,72,110.18,8038.9,0,False,True,False,True,False,True,False,False,False,True,False,True,False,True,False,False,False,True,False,True,False,True,True,True,False,False,111.65,6055.2,1.152054794520548,6055.2,0.8460634547591069,1.152054794520548,2026-06-10T14:10:39.981185127,0.3126,0,4900.23
0,13,134.66,1782.52,1,True,False,False,True,False,True,True,False,False,False,False,False,False,False,False,True,False,True,False,True,False,False,True,False,False,True,137.12,1287.0,7.071428571428571,1287.0,0.13,7.071428571428571,2026-06-18T04:34:24.578396315,0.1157,0,3762.82
0,70,77.96,5074.63,0,False,True,False,False,True,False,False,False,False,False,False,True,False,True,False,True,False,True,False,True,False,True,False,False,False,False,72.49,4046.0,0.8140845070422534,4046.0,1.1904761904761905,0.8140845070422534,2026-06-11T17:39:41.637237871,0.4419,0,7162.93
0,67,85.65,4664.57,0,True,True,True,True,False,False,False,False,False,True,False,False,False,True,False,True,False,False,False,False,False,True,True,False,False,False,69.62,4046.8,0.888235294117647,4046.8,1.0912052117263844,0.888235294117647,2026-06-05T10:23:18.335181943,0.2563,0,2130.52
0,2,121.19,222.07,1,False,False,False,True,False,False,True,False,False,False,False,False,False,False,False,False,False,True,False,True,False,False,True,False,True,False,111.04,180.8,30.133333333333336,180.8,0.0218818380743982,30.133333333333336,2026-06-01T16:48:18.373859240,0.2379,0,5123.76
0,50,129.52,6311.97,0,True,True,False,True,False,True,True,False,False,True,False,True,False,False,False,False,False,False,False,True,False,False,True,True,False,False,126.24,4720.0,1.8509803921568628,4720.0,0.5241090146750523,1.8509803921568628,2026-06-03T14:26:45.014914660,0.3199,0,4078.8
0,21,24.69,501.41,0,True,False,False,True,False,False,False,True,True,False,True,False,True,False,True,False,True,False,True,False,False,False,True,False,False,True,23.88,418.95,0.9068181818181816,418.95,1.002386634844869,0.9068181818181816,2026-06-12T22:40:45.784631997,0.5971,1,7259.39
1,1,100.28,95.9,1,False,False,False,True,False,False,True,False,False,False,False,False,False,False,False,False,False,True,False,False,False,False,True,False,True,False,95.9,79.2,39.6,79.2,0.0124688279301745,39.6,2026-06-08T12:29:17.294303702,0.1554,0,6343.93
0,71,155.29,10376.75,0,False,True,True,True,False,True,True,False,False,True,False,True,False,True,False,True,False,True,False,True,False,True,False,True,False,False,146.15,8069.150000000001,1.5784722222222225,8069.150000000001,0.6192760575665067,1.5784722222222225,2026-06-12T18:44:00.797839749,0.2593,0,3836.09
0,1,48.7,43.26,0,False,False,False,False,True,False,False,False,False,False,False,False,False,True,False,True,False,False,False,False,False,False,False,False,False,True,43.26,35.9,17.95,35.9,0.02710027100271,17.95,2026-06-14T00:36:00.792519657,0.3804,0,4024.77
0,1,103.61,90.77,1,True,False,False,True,False,True,True,False,False,False,False,False,False,False,False,False,False,False,False,False,False,False,True,False,False,True,90.77,74.25,37.125,74.25,0.0132890365448504,37.125,2026-06-17T04:48:35.235931815,0.3549,0,4473.83
1,20,117.61,2466.42,0,False,True,False,True,False,False,True,False,False,False,False,False,False,False,False,False,False,True,False,True,True,False,True,False,False,False,123.32,1820.0,4.333333333333333,1820.0,0.217391304347826,4.333333333333333,2026-06-12T23:26:58.852940822,0.4716,0,6347.42
0,72,117.61,8825.79,0,False,True,False,True,False,True,False,False,False,True,False,True,False,True,False,True,False,True,False,True,False,True,False,False,False,False,122.58,6339.599999999999,1.2061643835616438,6339.599999999999,0.8085345311622684,1.2061643835616438,2026-06-07T10:49:07.851838317,0.4586,0,5323.37
0,6,96.74,656.03,0,True,False,False,True,False,False,True,False,False,True,False,True,False,False,False,False,False,False,False,False,False,False,True,False,True,False,109.34,473.7000000000001,11.278571428571428,473.7000000000001,0.0750469043151969,11.278571428571428,2026-06-08T23:32:14.271499993,0.0816,0,3037.19
0,49,142.85,6601.41,0,True,False,True,True,False,True,True,False,False,True,False,True,False,True,False,False,False,True,False,True,True,False,True,True,False,False,134.72,5350.8,2.184,5350.8,0.4446460980036297,2.184,2026-06-14T05:01:04.567880237,0.2321,0,4490.97
1,69,26.97,1790.56,0,True,False,False,True,False,False,False,True,True,False,True,False,True,False,True,False,True,False,True,False,False,True,False,True,False,False,25.95,1400.7,0.29,1400.7,3.2394366197183095,0.29,2026-06-02T05:37:25.451097422,0.2131,0,5302.73
1,72,154.22,10164.99,0,False,True,False,True,False,True,True,False,False,True,False,True,False,True,False,True,False,True,False,True,False,True,True,False,False,False,141.18,8254.800000000001,1.5705479452054796,8254.800000000001,0.622568093385214,1.5705479452054796,2026-06-16T07:06:27.626597860,0.4014,0,4289.01
0,13,26.97,337.13,0,True,False,False,True,False,False,False,True,True,False,True,False,True,False,True,False,True,False,True,False,False,False,True,False,True,False,25.93,265.2,1.457142857142857,265.2,0.6074766355140188,1.457142857142857,2026-06-08T09:20:22.112098581,0.1378,0,6314.36
0,35,79.46,2367.92,0,False,True,False,True,False,False,False,False,False,False,False,True,False,False,False,True,False,False,False,False,False,False,False,False,True,False,67.65,1989.75,1.5791666666666666,1989.75,0.6050129645635264,1.5791666666666666,2026-06-12T10:04:23.532591935,0.2887,0,4760.67
1,43,42.74,2151.34,0,False,False,False,False,True,False,False,False,False,True,False,True,False,False,False,False,False,False,False,False,False,False,True,True,False,False,50.03,1438.35,0.7602272727272728,1438.35,1.2481857764876632,0.7602272727272728,2026-06-09T15:05:53.136396903,0.2652,0,3515.66
0,55,65.0,3819.56,0,False,False,False,True,False,False,False,False,False,True,False,False,False,False,False,False,False,False,False,False,False,False,True,True,False,False,69.45,2780.25,0.9026785714285712,2780.25,1.066925315227934,0.9026785714285712,2026-06-12T16:03:55.851265693,0.1546,0,6175.0
0,34,35.15,1233.31,0,False,True,True,True,False,True,False,True,True,False,True,False,True,False,True,False,True,False,True,False,True,False,True,True,False,False,36.27,870.4000000000001,0.7314285714285714,870.4000000000001,1.2781954887218046,0.7314285714285714,2026-06-01T11:23:41.199821209,0.2536,0,4774.25
0,50,59.16,2892.21,0,True,True,False,False,True,False,False,False,False,True,False,False,False,False,False,True,False,True,False,False,True,False,True,False,False,False,57.84,2222.5,0.8715686274509804,2222.5,1.1001100110011,0.8715686274509804,2026-06-09T17:06:36.194743325,0.1826,0,6092.88
0,51,128.01,6402.39,0,True,True,False,True,False,True,True,False,False,False,False,True,False,False,False,False,False,False,False,True,True,False,True,True,False,False,125.54,4607.849999999999,1.7374999999999998,4607.849999999999,0.5582922824302134,1.7374999999999998,2026-06-18T10:14:18.294659142,0.6868,1,5725.15
0,25,47.07,1081.34,1,False,True,False,False,True,False,False,False,False,False,False,False,False,False,False,False,False,True,False,False,False,False,True,False,False,False,43.25,850.0,1.3076923076923077,850.0,0.7142857142857143,1.3076923076923077,2026-06-02T14:23:48.462819206,0.1908,0,4365.58
0,14,42.5,534.11,0,True,False,False,False,True,False,False,False,False,False,False,True,False,False,False,False,False,False,False,False,False,False,True,False,False,True,38.15,435.4,2.0733333333333333,435.4,0.4361370716510903,2.0733333333333333,2026-06-17T04:21:56.331847787,0.414,0,5986.75
0,35,108.67,3881.9,1,False,False,False,True,False,True,False,False,False,True,False,False,False,True,False,True,False,True,False,True,True,False,True,True,False,False,110.91,3008.25,2.3875,3008.25,0.4025301897642323,2.3875,2026-06-15T10:30:48.157563763,0.3255,0,5664.69
0,8,87.13,765.34,0,False,False,False,True,False,False,False,False,False,True,False,False,False,False,False,True,False,False,False,True,False,False,False,False,False,False,95.67,528.4,7.338888888888889,528.4,0.1193139448173005,7.338888888888889,2026-06-01T12:26:20.061678763,0.1936,0,1528.75
1,17,116.37,1836.54,1,False,True,False,True,False,True,True,False,False,True,False,False,False,True,False,False,False,False,False,False,False,False,True,False,False,False,108.03,1450.9499999999998,4.741666666666666,1450.9499999999998,0.1968731905037637,4.741666666666666,2026-06-12T20:37:28.448730126,0.4098,0,6328.6
0,2,105.69,190.88,1,False,False,False,True,False,False,True,False,False,False,False,False,False,False,False,False,False,True,False,False,False,False,True,False,True,False,95.44,160.4,26.733333333333334,160.4,0.0246305418719211,26.733333333333334,2026-06-11T01:07:43.977049024,0.1058,0,5733.28
1,26,107.49,2656.23,0,False,False,False,True,False,False,True,False,False,False,False,False,False,False,False,False,False,False,False,True,False,False,True,False,True,False,102.16,2048.7999999999997,2.9185185185185185,2048.7999999999997,0.3258145363408521,2.9185185185185185,2026-06-15T04:23:09.787503749,0.4323,0,3801.73
0,12,73.98,955.98,0,False,True,False,True,False,False,False,False,False,True,False,False,False,False,False,True,False,False,False,False,False,False,False,False,False,False,79.67,650.4000000000001,4.1692307692307695,650.4000000000001,0.217391304347826,4.1692307692307695,2026-06-09T22:57:16.471776750,0.1011,0,4022.75
0,33,26.63,812.89,0,True,False,False,True,False,False,False,True,True,False,True,False,True,False,True,False,True,False,True,False,False,True,False,False,False,True,24.63,671.5500000000001,0.598529411764706,671.5500000000001,1.5456674473067915,0.598529411764706,2026-06-02T12:34:43.772290576,0.3379,0,4263.12
0,39,26.47,967.9,0,True,True,False,True,False,False,False,True,True,False,True,False,True,False,True,False,True,False,True,False,False,True,True,False,False,False,24.82,797.55,0.51125,797.55,1.8181818181818183,0.51125,2026-06-02T22:46:54.378828658,0.1316,0,3911.23
0,52,49.57,2669.72,0,False,True,False,False,True,False,False,False,False,True,False,False,False,True,False,False,False,False,False,False,True,False,False,False,False,True,51.34,1843.4,0.6688679245283019,1843.4,1.4266117969821672,0.6688679245283019,2026-06-08T22:10:17.503150633,0.1597,0,5758.46
0,60,89.06,5587.15,0,True,True,True,True,False,False,False,False,False,True,False,True,False,True,False,True,False,False,False,False,True,False,True,False,False,False,93.12,3950.999999999999,1.0795081967213114,3950.999999999999,0.8975317875841436,1.0795081967213114,2026-06-07T00:03:12.958810953,0.6037,1,5474.89
0,8,28.48,184.46,0,False,True,True,True,False,False,False,True,True,False,True,False,True,False,True,False,True,False,True,False,False,False,False,True,False,False,23.06,168.4,2.338888888888889,168.4,0.3628117913832199,2.338888888888889,2026-06-16T04:05:35.630386744,0.4667,0,4507.04
0,68,118.42,7446.76,0,False,True,False,True,False,True,True,False,False,True,False,True,False,False,False,False,False,False,False,False,False,True,True,False,False,False,109.51,5759.6,1.227536231884058,5759.6,0.793465577596266,1.227536231884058,2026-06-10T17:42:41.814412045,0.1583,0,5037.17
0,72,165.29,10777.89,0,False,False,False,True,False,True,True,False,False,True,False,True,False,True,False,True,False,True,False,True,False,True,False,True,False,False,149.69,8283.6,1.576027397260274,8283.6,0.6204222317966394,1.576027397260274,2026-06-13T14:21:05.808112558,0.1146,0,2499.82
0,23,102.08,2633.36,0,False,True,True,True,False,False,True,False,False,True,False,True,False,False,False,True,False,False,False,False,False,False,False,False,False,True,114.49,1941.2,3.516666666666667,1941.2,0.2693208430913348,3.516666666666667,2026-06-02T19:59:52.347484853,0.5012,1,5335.81
0,4,70.28,239.56,1,True,False,True,True,False,False,False,False,False,True,False,False,False,False,False,False,False,False,False,False,False,False,True,False,True,False,59.89,197.6,9.88,197.6,0.0793650793650793,9.88,2026-06-10T06:12:05.587063758,0.3754,0,4124.12
0,66,35.42,2076.86,0,True,True,True,True,False,True,False,True,True,False,True,False,True,False,True,False,True,False,True,False,False,True,True,True,False,False,31.47,1669.8,0.3776119402985075,1669.8,2.509505703422054,0.3776119402985075,2026-06-11T10:06:05.222483178,0.3544,0,1577.46
1,38,136.99,5479.93,0,True,True,False,True,False,True,True,False,False,False,False,True,False,True,False,False,False,True,False,True,False,False,True,False,True,False,144.21,3898.8,2.6307692307692307,3898.8,0.3667953667953668,2.6307692307692307,2026-06-12T16:08:13.772306995,0.2208,0,4531.41
1,1,35.3,31.11,1,True,True,False,False,True,False,False,False,False,False,False,False,False,False,False,False,False,False,False,False,False,False,False,False,True,False,31.11,25.05,12.525,25.05,0.0383877159309021,12.525,2026-06-01T07:07:58.208883654,0.1868,0,4536.52
0,1,61.64,60.21,1,False,False,False,True,False,False,False,False,False,False,False,False,False,False,False,False,False,False,False,False,False,False,False,False,True,False,60.21,45.8,22.9,45.8,0.0213675213675213,22.9,2026-06-02T01:11:33.376331573,0.1229,0,5533.95
1,14,107.17,1344.01,1,True,False,False,True,False,True,True,False,False,False,False,False,False,False,False,False,False,False,False,False,False,False,True,False,True,False,96.0,1049.3,4.996666666666667,1049.3,0.184331797235023,4.996666666666667,2026-06-14T18:12:36.176779171,0.3351,0,2978.61
0,22,110.94,1979.22,0,True,False,False,True,False,True,True,False,False,False,False,True,False,False,False,False,False,False,False,False,False,False,True,False,False,True,89.96,1734.6999999999998,3.428260869565217,1734.6999999999998,0.2755165936130244,3.428260869565217,2026-06-02T19:22:30.540819647,0.6463,1,2737.22
0,72,155.77,10654.08,0,False,True,False,True,False,True,True,False,False,True,False,True,False,True,False,True,False,True,False,True,False,True,True,False,False,False,147.97,8182.8,1.5568493150684932,8182.8,0.6279982555604012,1.5568493150684932,2026-06-11T23:32:09.936961824,0.386,0,6471.2
1,70,99.77,6888.19,0,False,True,False,True,False,True,True,False,False,False,False,False,False,False,False,False,False,False,False,False,False,True,True,True,False,False,98.4,5295.5,1.065492957746479,5295.5,0.91324200913242,1.065492957746479,2026-06-16T13:59:53.633916216,0.2696,0,2974.47
0,11,93.93,962.85,0,True,False,False,True,False,False,False,False,False,False,False,False,False,True,False,False,False,True,False,True,False,False,True,False,True,False,87.53,762.8499999999999,5.779166666666666,762.8499999999999,0.1563610518834399,5.779166666666666,2026-06-18T20:48:39.016109160,0.4775,0,5559.91
0,11,101.89,1168.86,0,True,False,True,True,False,True,True,False,False,False,False,False,False,True,False,False,False,False,False,False,False,False,True,False,False,True,106.26,858.0,6.5,858.0,0.1392405063291139,6.5,2026-06-14T05:30:57.692615745,0.2489,0,4661.24
0,1,66.34,67.2,1,True,False,False,True,False,True,False,False,False,False,False,False,False,False,False,False,False,False,False,False,False,False,True,False,True,False,67.2,50.45,25.225,50.45,0.0194363459669582,25.225,2026-06-08T20:03:23.354051713,0.2076,0,7182.04
0,35,121.83,4263.55,0,True,True,True,True,False,True,True,False,False,False,False,True,False,False,False,False,False,True,False,False,False,False,True,False,False,False,121.82,3137.75,2.490277777777778,3137.75,0.386100386100386,2.490277777777778,2026-06-07T00:50:16.783098417,0.3616,0,4062.85
0,69,146.12,9940.79,0,False,True,True,True,False,True,True,False,False,False,False,True,False,True,False,True,False,True,False,True,True,False,True,False,False,False,144.07,7503.75,1.5535714285714286,7503.75,0.6287015945330297,1.5535714285714286,2026-06-09T23:37:31.496532351,0.2038,0,6750.78
1,37,48.25,1559.96,0,True,False,False,False,True,False,False,False,False,False,False,True,False,True,False,False,False,False,False,False,False,False,False,False,True,False,42.16,1356.05,0.9644736842105264,1356.05,0.9827357237715804,0.9644736842105264,2026-06-02T18:22:58.053619018,0.3779,0,4988.84
1,6,120.61,648.55,1,True,True,False,True,False,False,True,False,False,False,False,True,False,False,False,False,False,False,False,True,False,False,True,False,True,False,108.09,505.2000000000001,12.028571428571428,505.2000000000001,0.0704225352112676,12.028571428571428,2026-06-16T09:21:17.636787500,0.2442,0,4992.29
0,63,84.03,5227.27,0,False,True,True,True,False,False,False,False,False,True,False,True,False,True,False,True,False,False,False,False,False,True,False,False,False,True,82.97,4003.65,0.99296875,4003.65,0.975987606506584,0.99296875,2026-06-18T02:31:12.735182054,0.2892,0,4947.54
0,26,113.68,2934.42,0,True,False,False,True,False,True,True,False,False,False,False,False,False,True,False,True,False,False,False,False,False,False,True,False,False,True,112.86,2191.7999999999997,3.1222222222222222,2191.7999999999997,0.3048065650644783,3.1222222222222222,2026-06-09T11:45:59.028763335,0.3217,0,4147.27
0,48,33.81,1574.25,0,False,False,False,True,False,True,False,True,True,False,True,False,True,False,True,False,True,False,True,False,True,False,False,True,False,False,32.8,1202.4,0.5112244897959184,1202.4,1.8426103646833012,0.5112244897959184,2026-06-12T17:12:56.614385339,0.6585,1,6094.61
0,62,129.38,8336.92,0,False,True,False,True,False,False,True,False,False,True,False,False,False,True,False,True,False,True,False,True,True,False,True,False,True,False,134.47,6466.599999999999,1.6555555555555554,6466.599999999999,0.5887939221272555,1.6555555555555554,2026-06-08T15:50:13.616946402,0.0585,0,3965.93
0,40,119.58,4422.83,0,False,False,False,True,False,True,False,False,False,False,False,False,False,True,False,True,False,True,False,True,True,False,True,False,False,True,110.57,3230.0,1.9695121951219512,3230.0,0.4892966360856269,1.9695121951219512,2026-06-03T09:10:22.300894581,0.3651,0,6913.69
0,72,137.6,9227.68,0,False,True,True,True,False,True,True,False,False,True,False,True,False,False,False,False,False,True,False,True,True,False,True,False,True,False,128.16,7498.8,1.4267123287671233,7498.8,0.6847360912981455,1.4267123287671233,2026-06-13T05:54:02.919660994,0.0605,0,5772.19
0,72,156.17,9855.67,0,True,True,True,True,False,True,True,False,False,True,False,True,False,True,False,True,False,True,False,True,False,True,True,True,False,False,136.88,8107.2,1.5424657534246575,8107.2,0.6338028169014085,1.5424657534246575,2026-06-18T20:36:41.642978167,0.1346,0,4829.94
0,70,125.49,9363.51,0,True,True,False,True,False,False,True,False,False,True,False,True,False,True,False,True,False,False,False,True,False,True,False,True,False,False,133.76,7070.0,1.4225352112676055,7070.0,0.6862745098039216,1.4225352112676055,2026-06-03T21:41:52.122156365,0.3018,0,6395.3
0,39,66.81,2494.28,0,True,False,False,True,False,False,False,False,False,False,False,False,False,False,False,True,False,False,False,False,False,True,True,False,False,False,63.96,1942.2,1.245,1942.2,0.767716535433071,1.245,2026-06-14T16:41:19.490251799,0.3577,0,5946.6
1,54,100.81,5617.72,1,False,False,False,True,False,True,True,False,False,False,False,True,False,False,False,False,False,False,False,False,False,False,True,False,True,False,104.03,4293.0,1.4454545454545455,4293.0,0.6708074534161491,1.4454545454545455,2026-06-08T00:33:13.648024675,0.2089,0,3009.91
0,44,120.08,5532.16,0,True,True,False,True,False,False,True,False,False,False,False,False,False,False,False,False,False,True,False,True,True,False,True,False,False,False,125.73,3988.6,2.0144444444444445,3988.6,0.4800872885979269,2.0144444444444445,2026-06-05T11:10:41.098140443,0.1535,0,5103.93
0,5,48.4,216.53,0,False,True,True,False,True,False,False,False,False,False,False,True,False,False,False,True,False,False,False,False,False,False,False,False,True,False,43.31,171.25,5.708333333333333,171.25,0.1418439716312056,5.708333333333333,2026-06-04T23:08:29.726458596,0.2001,0,3578.01
0,60,160.09,8955.75,0,False,True,True,True,False,True,True,False,False,True,False,True,False,True,False,True,False,True,False,True,False,True,False,True,False,False,149.26,6915.0,1.889344262295082,6915.0,0.5161290322580645,1.889344262295082,2026-06-09T05:59:26.581850501,0.3207,0,6914.94
0,5,59.73,291.05,1,True,False,False,False,True,False,False,False,False,True,False,True,False,True,False,True,False,False,False,False,False,False,True,False,False,True,58.21,216.25,7.208333333333333,216.25,0.1129943502824858,7.208333333333333,2026-06-12T12:03:18.084075434,0.0971,0,5123.7
0,6,95.02,529.73,0,True,False,False,True,False,False,True,False,False,False,False,False,False,False,False,False,False,False,False,False,False,False,True,False,True,False,88.29,414.6,9.87142857142857,414.6,0.0855920114122682,9.87142857142857,2026-06-17T16:37:58.690183668,0.158,0,6286.31
0,23,24.74,539.13,0,True,True,True,True,False,False,False,True,True,False,True,False,True,False,True,False,True,False,True,False,False,True,False,True,False,False,23.44,450.8,0.8166666666666668,450.8,1.116504854368932,0.8166666666666668,2026-06-17T03:47:06.425083600,0.3216,0,3694.15
0,16,25.47,431.61,1,True,False,False,True,False,False,False,True,True,False,True,False,True,False,True,False,True,False,True,False,False,False,True,False,False,True,26.98,315.2,1.1588235294117646,315.2,0.7729468599033816,1.1588235294117646,2026-06-13T17:28:27.361527357,0.3338,0,3014.42
1,65,146.34,9422.73,1,False,True,False,True,False,True,True,False,False,False,False,True,False,True,False,False,False,True,False,True,True,False,True,False,True,False,144.97,6906.25,1.6098484848484849,6906.25,0.6060606060606061,1.6098484848484849,2026-06-06T10:36:43.621880584,0.6637,1,5052.75
0,1,35.17,31.99,1,True,False,False,False,True,False,False,False,False,False,False,False,False,False,False,False,False,False,False,False,False,False,False,False,False,False,31.99,24.8,12.4,24.8,0.0387596899224806,12.4,2026-06-02T13:44:11.655225936,0.1021,0,2053.0
0,12,60.13,713.92,0,False,False,False,True,False,False,False,False,False,False,False,False,False,False,False,False,False,False,False,False,False,False,False,False,False,False,59.49,525.5999999999999,3.369230769230769,525.5999999999999,0.2678571428571428,3.369230769230769,2026-06-16T13:10:48.666628604,0.2771,0,4877.55
1,64,60.45,3595.49,0,False,False,False,False,True,False,False,False,False,False,False,True,False,False,False,True,False,True,False,False,False,False,True,False,True,False,56.18,2806.4,0.6746153846153846,2806.4,1.426978818283166,0.6746153846153846,2026-06-01T16:14:47.975097391,0.0762,0,6135.44
0,72,125.26,8401.02,0,False,True,True,True,False,True,False,False,False,True,False,True,False,True,False,True,False,True,False,True,False,True,False,True,False,False,116.68,6548.400000000001,1.2458904109589042,6548.400000000001,0.7830342577487764,1.2458904109589042,2026-06-05T01:45:24.600258319,0.3059,0,6688.71
0,22,123.4,2703.74,0,True,False,True,True,False,True,True,False,False,False,False,True,False,False,False,False,False,True,False,False,False,False,True,True,False,False,122.9,1960.2,3.873913043478261,1960.2,0.244173140954495,3.873913043478261,2026-06-12T20:08:42.411165800,0.262,0,5367.3
0,51,115.69,5990.73,0,True,True,True,True,False,True,True,False,False,False,False,True,False,False,False,True,False,False,False,False,True,False,False,False,False,False,117.47,4294.2,1.6192307692307693,4294.2,0.5985915492957746,1.6192307692307693,2026-06-04T22:10:52.566700209,0.5236,1,5921.26
1,71,123.65,9203.9,0,True,True,False,True,False,False,True,False,False,False,False,True,False,True,False,True,False,False,False,True,False,True,True,True,False,False,129.63,6780.5,1.3263888888888888,6780.5,0.7357512953367875,1.3263888888888888,2026-06-18T01:18:22.009232316,0.0992,0,2912.3
0,59,132.52,7785.27,0,False,True,False,True,False,True,True,False,False,True,False,True,False,False,False,False,False,True,False,False,False,False,True,False,True,False,131.95,5590.25,1.5791666666666666,5590.25,0.6161879895561357,1.5791666666666666,2026-06-08T13:13:49.201272427,0.6283,1,5439.49
0,71,129.19,8933.4,0,False,True,True,True,False,True,True,False,False,True,False,True,False,True,False,False,False,True,False,False,False,True,True,True,False,False,125.82,7029.0,1.375,7029.0,0.71,1.375,2026-06-11T19:18:09.242296232,0.3022,0,9423.08
0,56,25.59,1457.81,0,False,True,True,True,False,False,False,True,True,False,True,False,True,False,True,False,True,False,True,False,False,True,False,False,False,True,26.03,1122.8,0.3517543859649123,1122.8,2.660332541567696,0.3517543859649123,2026-06-04T01:40:24.506847060,0.184,0,3693.64
0,37,83.35,3152.75,0,True,False,True,True,False,False,False,False,False,True,False,True,False,False,False,True,False,False,False,False,False,True,False,True,False,False,85.21,2273.65,1.6171052631578948,2273.65,0.5924739791833467,1.6171052631578948,2026-06-15T19:13:04.536198436,0.2786,0,2413.02
1,66,138.72,9932.37,0,False,True,False,True,False,True,True,False,False,False,False,True,False,True,False,True,False,True,False,True,True,False,True,True,False,False,150.49,7134.599999999999,1.6134328358208954,7134.599999999999,0.6049495875343721,1.6134328358208954,2026-06-15T09:19:49.917245876,0.2501,0,8045.44
0,64,105.36,6231.05,0,False,True,False,True,False,True,False,False,False,True,False,True,False,True,False,True,False,False,False,True,False,True,True,False,False,True,97.36,5203.2,1.2507692307692306,5203.2,0.7776427703523694,1.2507692307692306,2026-06-13T02:49:07.687066522,0.1295,0,7055.87
1,55,103.33,5144.43,0,False,True,True,True,False,True,False,False,False,True,False,False,False,True,False,True,False,True,False,False,True,False,False,False,True,False,93.54,4193.75,1.3616071428571428,4193.75,0.7119741100323624,1.3616071428571428,2026-06-11T06:52:39.887352699,0.0495,0,6441.74
1,6,104.32,677.15,0,True,False,False,True,False,False,True,False,False,False,False,False,False,False,False,False,False,True,False,False,False,False,True,False,True,False,112.86,478.2000000000001,11.385714285714286,478.2000000000001,0.0743494423791821,11.385714285714286,2026-06-03T17:41:37.351132378,0.6083,1,5896.12
0,51,108.68,5100.07,0,True,True,False,True,False,False,False,False,False,True,False,True,False,True,False,True,False,True,False,True,False,True,True,True,False,False,100.0,4245.75,1.6009615384615383,4245.75,0.6053412462908012,1.6009615384615383,2026-06-13T23:42:39.788535001,0.3183,0,4040.49
0,5,90.06,423.49,0,True,False,False,True,False,False,False,False,False,False,False,True,False,False,False,True,False,False,False,True,False,False,True,False,False,False,84.7,328.0,10.933333333333332,328.0,0.075075075075075,10.933333333333332,2026-06-15T18:52:17.009827669,0.4998,0,4000.25
0,2,62.69,101.72,1,False,True,False,True,False,False,False,False,False,False,False,False,False,False,False,False,False,False,False,False,False,False,True,True,False,False,50.86,89.2,14.866666666666667,89.2,0.043859649122807,14.866666666666667,2026-06-05T23:39:35.430637444,0.3355,0,4415.78
0,22,28.15,636.5,0,True,False,False,True,False,False,False,True,True,False,True,False,True,False,True,False,True,False,True,False,True,False,False,True,False,False,28.93,446.6,0.8826086956521739,446.6,1.0328638497652582,0.8826086956521739,2026-06-12T06:18:33.373489285,0.5662,1,5373.59
1,6,103.36,597.64,0,False,False,False,True,False,False,True,False,False,True,False,False,False,False,False,False,False,False,False,False,False,False,True,False,True,False,99.61,444.6,10.585714285714284,444.6,0.0798934753661784,10.585714285714284,2026-06-04T05:00:25.000672933,0.3665,0,5746.09
0,17,25.58,430.38,0,False,False,False,True,False,False,False,True,True,False,True,False,True,False,True,False,True,False,True,False,True,False,False,True,False,False,25.32,340.85,1.113888888888889,340.85,0.8076009501187649,1.113888888888889,2026-06-01T10:32:06.451863788,0.2283,0,5770.44
0,2,68.03,134.32,0,False,False,False,True,False,False,False,False,False,False,False,True,False,False,False,False,False,False,False,False,False,False,False,False,False,True,67.16,98.4,16.400000000000002,98.4,0.0398406374501992,16.400000000000002,2026-06-09T09:20:37.620758820,0.3812,0,5333.36
0,2,69.56,144.58,0,False,False,True,True,False,False,False,False,False,False,False,True,False,False,False,False,False,False,False,False,False,False,False,False,False,True,72.29,103.1,17.183333333333334,103.1,0.0380589914367269,17.183333333333334,2026-06-16T08:45:24.284686340,0.2574,0,3163.65
0,3,91.93,273.94,0,False,False,False,True,False,False,False,False,False,False,False,False,False,True,False,False,False,True,False,True,True,False,True,False,True,False,91.31,209.85,17.4875,209.85,0.0422832980972515,17.4875,2026-06-01T22:56:41.309212592,0.5003,1,2852.87
0,54,93.31,4950.7,0,True,False,False,True,False,False,False,False,False,True,False,True,False,False,False,True,False,True,False,False,False,False,True,False,False,True,91.68,3774.6,1.270909090909091,3774.6,0.7616361071932298,1.270909090909091,2026-06-17T01:58:07.866312700,0.3372,0,4425.36
0,52,106.14,4992.64,0,True,False,False,True,False,True,False,False,False,True,False,False,False,False,False,True,False,True,False,True,False,True,True,True,False,False,96.01,4147.0,1.5047169811320755,4147.0,0.6439628482972136,1.5047169811320755,2026-06-04T05:04:23.222511337,0.4395,0,5661.02
0,29,91.8,2643.27,1,True,True,True,True,False,False,True,False,False,False,False,False,False,False,False,False,False,False,False,False,False,False,True,False,True,False,91.15,2051.75,2.3583333333333334,2051.75,0.4041811846689895,2.3583333333333334,2026-06-18T09:30:23.752712749,0.6863,1,5961.89
0,24,24.49,621.75,0,False,False,False,True,False,False,False,True,True,False,True,False,True,False,True,False,True,False,True,False,False,True,True,False,False,False,25.91,469.2000000000001,0.782,469.2000000000001,1.167883211678832,0.782,2026-06-05T02:01:34.734733657,0.1973,0,2686.52
0,10,109.41,1013.14,1,True,True,False,True,False,False,True,False,False,False,False,False,False,False,False,False,False,True,False,False,False,False,True,False,True,False,101.31,799.5,7.268181818181819,799.5,0.1235330450895614,7.268181818181819,2026-06-07T14:58:30.895306144,0.0755,0,7108.4
0,26,27.66,654.83,0,True,False,False,True,False,False,False,True,True,False,True,False,True,False,True,False,True,False,True,False,False,False,True,False,True,False,25.19,527.8000000000001,0.7518518518518519,527.8000000000001,1.220657276995305,0.7518518518518519,2026-06-05T05:56:10.187209576,0.5733,1,6918.51
0,6,128.9,605.02,1,True,True,False,True,False,False,True,False,False,False,False,True,False,True,False,False,False,False,False,True,False,False,True,False,True,False,100.84,546.0,13.0,546.0,0.0652173913043478,13.0,2026-06-14T05:45:11.167216600,0.1923,0,8848.71
0,67,29.34,1677.85,0,False,True,False,True,False,False,False,True,True,False,True,False,True,False,True,False,True,False,True,False,True,False,True,False,False,False,25.04,1396.95,0.3066176470588235,1396.95,3.066361556064073,0.3066176470588235,2026-06-03T22:17:50.093243165,0.2861,0,3401.69
0,14,115.26,1595.13,0,False,True,True,True,False,True,True,False,False,False,False,False,False,False,False,False,False,True,False,False,False,False,True,False,True,False,113.94,1187.2,5.653333333333333,1187.2,0.1631701631701631,5.653333333333333,2026-06-17T17:09:42.425628481,0.2556,0,4046.79
1,16,137.51,1891.99,1,True,True,False,True,False,True,True,False,False,False,False,False,False,True,False,False,False,True,False,True,False,False,True,False,True,False,118.25,1580.0,5.8088235294117645,1580.0,0.1604010025062656,5.8088235294117645,2026-06-04T01:31:06.998643589,0.0609,0,4287.25
0,11,28.61,286.74,0,False,False,False,True,False,False,False,True,True,False,True,False,True,False,True,False,True,False,True,False,True,False,False,True,False,False,26.07,220.55,1.6708333333333334,220.55,0.5225653206650831,1.6708333333333334,2026-06-01T07:10:20.870348103,0.7414,1,6570.64
0,46,131.26,5801.44,0,False,False,True,True,False,False,True,False,False,False,False,True,False,True,False,False,False,True,False,True,False,False,True,False,True,False,126.12,4590.8,2.123404255319149,4590.8,0.4563492063492063,2.123404255319149,2026-06-17T21:14:21.091144886,0.1913,0,4160.24
0,67,90.71,5733.92,0,True,True,True,True,False,False,False,False,False,True,False,False,False,True,False,True,False,False,False,True,False,True,False,False,False,True,85.58,4545.95,0.9977941176470588,4545.95,0.973129992737836,0.9977941176470588,2026-06-14T04:22:54.909272114,0.4863,0,6924.14
0,40,114.33,4508.97,0,False,False,False,True,False,True,True,False,False,False,False,False,False,False,False,False,False,False,False,True,False,False,False,False,False,False,112.72,3354.0,2.045121951219512,3354.0,0.4714201532115498,2.045121951219512,2026-06-06T13:18:22.615737170,0.3349,0,3257.31
0,59,69.43,4154.67,0,True,False,False,True,False,True,False,False,False,False,False,False,False,True,False,False,False,False,False,False,False,True,False,True,False,False,70.42,3194.85,0.9025,3194.85,1.0698096101541252,0.9025,2026-06-09T06:00:31.196067079,0.1476,0,4063.07
0,60,77.55,5007.29,0,False,True,True,False,True,False,False,False,False,True,False,False,False,True,False,True,False,True,False,True,False,True,False,True,False,False,83.45,3591.0,0.9811475409836066,3591.0,0.9860312243221035,0.9811475409836066,2026-06-09T07:59:40.311616864,0.4355,0,5427.4
0,1,60.58,55.33,0,False,False,False,True,False,False,False,False,False,False,False,False,False,False,False,False,False,False,False,False,False,False,False,False,True,False,55.33,43.8,21.9,43.8,0.0223214285714285,21.9,2026-06-17T05:06:06.450014772,0.1965,0,3698.13
0,11,26.9,278.43,0,True,False,False,True,False,False,False,True,True,False,True,False,True,False,True,False,True,False,True,False,False,False,False,False,False,True,25.31,222.75,1.6875,222.75,0.5176470588235295,1.6875,2026-06-11T02:05:42.698756478,0.8048,1,5620.67
0,1,97.25,101.01,1,False,False,False,True,False,False,True,False,False,False,False,False,False,False,False,False,False,False,False,False,False,False,True,False,True,False,101.01,70.85,35.425,70.85,0.0139178844815588,35.425,2026-06-03T09:03:38.660168102,0.2748,0,3103.99
0,14,26.82,354.43,0,True,False,True,True,False,False,False,True,True,False,True,False,True,False,True,False,True,False,True,False,False,False,False,False,False,True,25.32,279.3,1.3299999999999998,279.3,0.6682577565632458,1.3299999999999998,2026-06-13T05:30:11.729662367,0.715,1,5100.4
1,6,135.17,743.82,1,True,True,False,True,False,False,True,False,False,False,False,False,False,True,False,False,False,True,False,True,False,False,True,False,True,False,123.97,574.5,13.678571428571429,574.5,0.0620155038759689,13.678571428571429,2026-06-07T02:22:17.123827057,0.5735,1,6751.61
1,18,27.75,460.36,0,False,False,False,True,False,False,False,True,True,False,True,False,True,False,True,False,True,False,True,False,True,False,False,False,False,False,25.58,366.3,1.0710526315789477,366.3,0.8430913348946135,1.0710526315789477,2026-06-13T10:08:19.852640788,0.4621,0,5999.88
0,46,141.64,6640.83,0,False,False,False,True,False,False,True,False,False,False,False,True,False,True,False,True,False,True,False,True,False,True,True,False,False,False,144.37,4802.400000000001,2.221276595744681,4802.400000000001,0.4364326375711574,2.221276595744681,2026-06-07T02:11:27.612958604,0.2175,0,2356.96
1,28,47.97,1253.72,0,False,True,True,False,True,False,False,False,False,False,False,False,False,False,False,False,False,True,False,False,False,False,True,False,True,False,44.78,1005.2,1.2379310344827583,1005.2,0.7588075880758808,1.2379310344827583,2026-06-09T12:04:31.466403267,0.5509,1,7362.34
0,50,45.46,2423.04,0,True,False,False,False,True,False,False,False,False,True,False,True,False,False,False,False,False,False,False,False,False,False,True,False,False,True,48.46,1750.0,0.6862745098039216,1750.0,1.3888888888888888,0.6862745098039216,2026-06-04T12:56:17.646158095,0.4355,0,5575.59
0,41,144.57,6408.37,1,False,True,False,True,False,True,True,False,False,True,False,True,False,True,False,True,False,True,False,True,False,False,True,False,False,False,156.3,4657.599999999999,2.7047619047619045,4657.599999999999,0.3577661431064572,2.7047619047619045,2026-06-02T21:58:34.462940804,0.3571,0,5055.91
0,1,112.44,96.19,1,False,False,False,True,False,False,True,False,False,False,False,True,False,False,False,False,False,False,False,False,False,False,False,False,True,False,96.19,75.8,37.9,75.8,0.0130208333333333,37.9,2026-06-07T06:51:45.103331696,0.4037,0,3835.35
0,3,47.53,149.0,0,False,False,False,False,True,False,False,False,False,False,False,False,False,False,False,False,False,True,False,False,False,False,True,True,False,False,49.67,104.4,8.7,104.4,0.0837988826815642,8.7,2026-06-12T04:38:35.561049709,0.4458,0,4119.52
0,1,28.38,26.57,0,True,False,True,True,False,False,False,True,True,False,True,False,True,False,True,False,True,False,True,False,False,False,True,False,False,True,26.57,20.25,10.125,20.25,0.0470588235294117,10.125,2026-06-06T17:36:00.246318399,0.3462,0,2862.01
0,1,25.79,26.35,0,False,False,False,True,False,False,False,True,True,False,True,False,True,False,True,False,True,False,True,False,False,False,False,False,True,False,26.35,19.75,9.875,19.75,0.0481927710843373,9.875,2026-06-05T10:54:02.969411052,0.2889,0,6647.09
0,1,27.74,26.46,0,True,False,False,True,False,False,False,True,True,False,True,False,True,False,True,False,True,False,True,False,False,False,False,False,False,True,26.46,20.2,10.1,20.2,0.0471698113207547,10.1,2026-06-15T08:38:48.846147214,0.5902,1,5269.36
0,6,95.56,462.0,0,True,True,True,True,False,False,True,False,False,False,False,False,False,False,False,False,False,False,False,False,False,False,True,False,True,False,77.0,418.7999999999999,9.971428571428572,418.7999999999999,0.0847457627118644,9.971428571428572,2026-06-05T12:27:06.788619522,0.2259,0,6973.39
0,7,70.11,522.43,0,False,False,False,True,False,True,False,False,False,True,False,False,False,False,False,False,False,False,False,False,False,False,True,False,True,False,74.63,375.55,6.70625,375.55,0.1280878316559927,6.70625,2026-06-18T10:18:27.910745535,0.1226,0,6987.29
0,2,132.69,223.31,0,True,True,False,True,False,True,True,False,False,False,False,False,False,True,False,False,False,True,False,False,False,False,True,False,True,False,111.66,182.9,30.483333333333334,182.9,0.0216333153055705,30.483333333333334,2026-06-11T06:57:08.785052562,0.2289,0,5280.23
0,67,134.41,8242.04,1,False,True,True,True,False,True,True,False,False,True,False,False,False,False,False,True,False,False,False,True,True,False,True,True,False,False,123.02,6321.45,1.3875,6321.45,0.702674357629785,1.3875,2026-06-13T19:32:53.319909152,0.1233,0,4946.79
0,9,27.17,214.3,0,False,True,True,True,False,False,False,True,True,False,True,False,True,False,True,False,True,False,True,False,True,False,False,False,False,True,23.81,182.25,2.025,182.25,0.4235294117647059,2.025,2026-06-16T00:44:01.808240143,0.2062,0,2408.56
0,72,37.19,2392.24,0,False,True,False,True,False,True,False,True,True,False,True,False,True,False,True,False,True,False,True,False,False,True,False,True,False,False,33.23,1904.4,0.3623287671232876,1904.4,2.6229508196721314,0.3623287671232876,2026-06-08T23:10:00.597807368,0.1747,0,6200.34
0,66,149.46,9340.95,1,True,True,False,True,False,True,True,False,False,True,False,False,False,True,False,False,False,True,False,True,False,True,True,True,False,False,141.53,6999.3,1.5828358208955224,6999.3,0.6165343297524521,1.5828358208955224,2026-06-14T15:25:34.959322112,0.4881,0,4685.39
0,72,84.43,5119.9,0,True,False,False,False,True,False,False,False,False,True,False,False,False,True,False,True,False,True,False,True,False,True,True,True,False,False,71.11,4406.400000000001,0.8383561643835616,4406.400000000001,1.157556270096463,0.8383561643835616,2026-06-07T22:56:46.860956677,0.6391,1,5379.13
0,22,130.41,2548.91,1,True,True,False,True,False,False,True,False,False,False,False,False,False,True,False,False,False,True,False,True,False,False,True,True,False,False,115.86,2083.4,4.1173913043478265,2083.4,0.2298850574712643,4.1173913043478265,2026-06-17T02:17:28.902227233,0.3153,0,3186.36
0,27,62.23,1603.76,0,True,True,True,False,True,False,False,False,False,False,False,True,False,True,False,False,False,False,False,True,True,False,True,True,False,False,59.4,1237.95,1.6375,1237.95,0.576307363927428,1.6375,2026-06-18T20:48:26.408553427,0.3681,0,4749.07
0,1,100.75,96.71,1,True,True,False,True,False,True,True,False,False,False,False,False,False,False,False,False,False,False,False,False,False,False,True,False,False,False,96.71,74.6,37.3,74.6,0.0132275132275132,37.3,2026-06-11T12:19:52.449026336,0.544,1,3262.54
0,4,108.4,449.24,1,True,True,True,True,False,True,True,False,False,False,False,True,False,True,False,False,False,False,False,False,False,False,True,False,False,False,112.31,339.2,16.96,339.2,0.0466200466200466,16.96,2026-06-03T01:28:07.877676756,0.0975,0,6030.31
0,69,127.23,8369.34,0,True,True,True,True,False,True,True,False,False,False,False,True,False,True,False,False,False,True,False,False,True,False,False,True,False,False,121.29,6606.75,1.3678571428571429,6606.75,0.7131782945736435,1.3678571428571429,2026-06-14T18:02:36.720712396,0.1691,0,5131.42
0,11,129.36,1271.48,0,False,False,False,True,False,False,True,False,False,False,False,True,False,True,False,True,False,False,False,True,False,False,True,False,True,False,115.59,1036.2,7.85,1036.2,0.1155462184873949,7.85,2026-06-14T00:59:17.123379779,0.4423,0,6810.6
0,38,25.82,1040.98,0,False,False,False,True,False,False,False,True,True,False,True,False,True,False,True,False,True,False,True,False,True,False,False,False,False,True,27.39,733.4,0.4948717948717949,733.4,1.8719211822660096,0.4948717948717949,2026-06-06T15:57:32.194672514,0.4433,0,5235.36
1,1,64.43,65.27,0,True,False,False,True,False,False,False,False,False,False,False,False,False,False,False,False,False,False,False,False,False,False,True,False,False,True,65.27,45.85,22.925,45.85,0.0213447171824973,22.925,2026-06-06T04:09:15.624730728,0.2373,0,4935.51
0,21,27.78,524.42,0,True,False,False,True,False,False,False,True,True,False,True,False,True,False,True,False,True,False,True,False,False,False,False,True,False,False,24.97,430.5,0.9318181818181818,430.5,0.9767441860465116,0.9318181818181818,2026-06-16T19:31:10.941888835,0.3252,0,5507.65
1,3,106.43,335.77,1,True,False,False,True,False,True,True,False,False,False,False,True,False,False,False,False,False,False,False,False,False,False,True,False,True,False,111.92,244.05,20.3375,244.05,0.0364298724954462,20.3375,2026-06-03T09:01:37.254672239,0.1637,0,5035.74
0,35,25.56,998.15,0,False,True,True,True,False,False,False,True,True,False,True,False,True,False,True,False,True,False,True,False,False,True,True,False,False,True,28.52,694.75,0.5513888888888889,694.75,1.6786570743405274,0.5513888888888889,2026-06-18T09:42:20.950395300,0.3872,0,2850.22
1,66,141.39,9191.72,0,True,True,True,True,False,True,True,False,False,False,False,True,False,True,False,True,False,True,False,True,True,False,True,False,True,False,139.27,7157.7,1.6186567164179104,7157.7,0.6030150753768844,1.6186567164179104,2026-06-17T14:26:59.722072401,0.2423,0,6556.61
0,50,126.06,6423.49,0,True,False,False,True,False,False,True,False,False,True,False,True,False,False,False,True,False,False,False,True,False,False,True,True,False,False,128.47,4675.0,1.8333333333333333,4675.0,0.5291005291005291,1.8333333333333333,2026-06-10T22:42:56.457958771,0.4369,0,5019.8
0,69,130.79,8819.65,0,True,False,False,True,False,True,True,False,False,False,False,True,False,True,False,True,False,True,False,False,False,True,True,True,False,False,127.82,6737.85,1.395,6737.85,0.6994424733907755,1.395,2026-06-01T18:10:11.224643831,0.4105,0,5743.88
0,1,24.77,27.47,0,True,False,False,True,False,False,False,True,True,False,True,False,True,False,True,False,True,False,True,False,False,False,False,False,False,True,27.47,20.4,10.2,20.4,0.0467289719626168,10.2,2026-06-01T15:14:43.505701510,0.2982,0,2110.07
1,23,124.56,2921.09,0,True,True,False,True,False,False,True,False,False,False,False,False,False,False,False,False,False,True,False,True,False,False,True,False,True,False,127.0,2080.35,3.76875,2080.35,0.2515035538545653,3.76875,2026-06-05T22:09:11.288492899,0.3461,0,4916.06
0,2,43.25,80.68,0,False,True,True,False,True,False,False,False,False,False,False,True,False,False,False,False,False,False,False,False,False,False,True,False,False,True,40.34,60.5,10.083333333333334,60.5,0.064,10.083333333333334,2026-06-06T20:25:38.162607031,0.2276,0,4742.48
0,4,75.24,285.41,0,False,False,True,False,True,False,False,False,False,True,False,True,False,True,False,False,False,True,False,True,False,False,True,False,False,True,71.35,228.8,11.44,228.8,0.0687285223367697,11.44,2026-06-14T20:08:32.923938848,0.412,0,3955.55
0,25,52.32,1331.7,0,True,True,False,False,True,False,False,False,False,False,False,False,False,True,False,False,False,True,False,False,True,False,True,True,False,False,53.27,952.5,1.4653846153846155,952.5,0.639386189258312,1.4653846153846155,2026-06-18T11:17:34.736253731,0.1295,0,4630.43
0,26,58.55,1452.73,0,True,False,False,False,True,False,False,False,False,True,False,True,False,False,False,False,False,False,False,True,False,False,True,False,False,False,55.87,1160.9,1.6537037037037037,1160.9,0.5695509309967142,1.6537037037037037,2026-06-12T08:21:34.256787250,0.3207,0,5630.28
0,3,27.03,63.28,0,False,True,True,True,False,False,False,True,True,False,True,False,True,False,True,False,True,False,True,False,False,True,False,False,False,True,21.09,57.3,4.775,57.3,0.1492537313432835,4.775,2026-06-13T23:26:42.215951077,0.3808,0,4271.15
0,4,24.7,106.16,0,True,True,True,True,False,False,False,True,True,False,True,False,True,False,True,False,True,False,True,False,False,False,False,False,False,True,26.54,75.4,3.770000000000001,75.4,0.2015113350125944,3.770000000000001,2026-06-17T19:03:38.048175044,0.285,0,3067.78
0,34,66.78,2255.47,0,True,False,False,True,False,False,False,False,False,False,False,True,False,False,False,False,False,False,False,False,False,False,True,False,True,False,66.34,1693.1999999999998,1.4228571428571428,1693.1999999999998,0.6692913385826772,1.4228571428571428,2026-06-09T13:40:46.537085311,0.5142,1,5822.96
0,27,142.91,3530.72,0,True,False,False,True,False,True,True,False,False,False,False,False,False,True,False,False,False,True,False,True,True,False,True,False,False,False,130.77,2713.5,3.5892857142857144,2713.5,0.2660098522167488,3.5892857142857144,2026-06-14T15:42:57.702356668,0.4704,0,5996.43
0,68,78.08,5177.39,0,False,True,False,True,False,False,False,False,False,True,False,False,False,False,False,True,False,False,False,False,True,False,False,False,False,False,76.14,3801.2,0.8101449275362319,3801.2,1.195079086115993,0.8101449275362319,2026-06-05T13:04:06.850421339,0.4437,0,5286.12
0,21,34.76,764.61,0,True,True,True,False,True,False,False,False,False,False,False,False,False,False,False,False,False,False,False,False,False,False,True,False,True,False,36.41,547.0500000000001,1.184090909090909,547.0500000000001,0.7763401109057301,1.184090909090909,2026-06-04T13:31:51.161026392,0.2815,0,3619.6
0,27,143.86,3516.34,0,False,True,False,True,False,False,True,False,False,True,False,False,False,False,False,True,False,True,False,True,True,False,True,True,False,False,130.23,2751.3,3.6392857142857142,2751.3,0.2623906705539358,3.6392857142857142,2026-06-10T18:56:50.394370869,0.0775,0,4588.53
0,67,144.56,9435.46,0,True,True,True,True,False,True,True,False,False,True,False,False,False,False,False,True,False,True,False,True,False,True,False,False,False,False,140.83,7008.2,1.538235294117647,7008.2,0.634469696969697,1.538235294117647,2026-06-13T15:40:13.914138450,0.0886,0,6108.09
0,49,131.69,5595.34,0,True,True,False,True,False,True,True,False,False,True,False,True,False,False,False,False,False,True,False,False,False,False,True,False,False,False,114.19,4598.65,1.877,4598.65,0.5166051660516605,1.877,2026-06-16T19:30:27.126263675,0.173,0,7041.59
0,70,133.98,8557.51,1,False,True,True,True,False,True,True,False,False,True,False,True,False,True,False,True,False,False,False,False,False,True,False,False,False,False,122.25,6573.0,1.3225352112676056,6573.0,0.7376185458377239,1.3225352112676056,2026-06-14T08:56:28.886115936,0.0604,0,7250.81
0,61,134.79,7142.63,0,True,True,False,True,False,False,True,False,False,False,False,True,False,True,False,True,False,False,False,True,False,False,False,True,False,False,117.09,5743.150000000001,1.5185483870967742,5743.150000000001,0.6410930110352075,1.5185483870967742,2026-06-13T03:45:54.836760672,0.2106,0,7997.74
0,3,72.98,202.54,0,True,False,True,True,False,False,False,False,False,True,False,False,False,True,False,False,False,False,False,False,False,False,False,False,False,True,67.51,167.7,13.975,167.7,0.0527240773286467,13.975,2026-06-03T23:58:14.862752885,0.4281,0,2241.95
1,52,139.34,7705.85,0,False,True,False,True,False,True,True,False,False,False,False,True,False,True,False,False,False,True,False,True,True,False,True,False,True,False,148.19,5538.0,2.009433962264151,5538.0,0.4837209302325581,2.009433962264151,2026-06-02T18:31:50.959996671,0.225,0,6508.29
0,28,130.08,3314.37,1,True,False,False,True,False,True,True,False,False,True,False,True,False,False,False,False,False,False,False,True,False,False,True,True,False,False,118.37,2646.0,3.2586206896551726,2646.0,0.2931937172774869,3.2586206896551726,2026-06-02T18:36:57.440928942,0.3382,0,6128.35
0,40,34.98,1449.52,0,False,True,True,True,False,True,False,True,True,False,True,False,True,False,True,False,True,False,True,False,False,False,True,False,True,False,36.24,1048.0,0.6390243902439025,1048.0,1.4705882352941178,0.6390243902439025,2026-06-14T07:27:24.587022904,0.5739,1,5581.41
0,10,78.11,772.97,0,False,True,True,True,False,False,False,False,False,False,False,True,False,False,False,True,False,False,False,True,False,False,True,False,True,False,77.3,655.0,5.954545454545454,655.0,0.150375939849624,5.954545454545454,2026-06-10T08:39:40.212318228,0.4709,0,4880.22
0,3,90.22,234.24,0,False,False,True,True,False,False,False,False,False,True,False,False,False,False,False,True,False,False,False,True,False,False,True,False,False,False,78.08,193.5,16.125,193.5,0.0458015267175572,16.125,2026-06-11T05:22:34.453226513,0.3455,0,6766.13
0,33,96.19,3033.96,0,True,True,True,True,False,False,False,False,False,True,False,False,False,True,False,False,False,True,False,True,True,False,False,True,False,False,91.94,2466.75,2.198529411764706,2466.75,0.4356435643564356,2.198529411764706,2026-06-18T06:12:55.152491243,0.5372,1,4073.18
1,66,133.59,9136.81,1,True,True,False,True,False,True,True,False,False,False,False,False,False,False,False,True,False,True,False,True,False,False,True,True,False,False,138.44,6603.3,1.4932835820895525,6603.3,0.653142008906482,1.4932835820895525,2026-06-03T03:42:59.949811856,0.1889,0,3734.0
0,1,79.15,84.97,1,False,False,False,True,False,True,False,False,False,False,False,False,False,False,False,False,False,False,False,True,False,False,True,False,True,False,84.97,60.15,30.075,60.15,0.0163532297628781,30.075,2026-06-01T15:39:01.916173576,0.3698,0,4011.55
0,3,135.32,398.1,1,True,False,False,True,False,True,True,False,False,False,False,False,False,True,False,False,False,True,False,True,False,False,True,False,False,False,132.7,304.65,25.3875,304.65,0.0292540224280838,25.3875,2026-06-13T03:43:06.523057687,0.1754,0,4461.79
1,55,124.93,6343.81,0,False,True,False,True,False,True,True,False,False,False,False,True,False,True,False,True,False,False,False,False,False,False,False,False,True,False,115.34,4974.75,1.6151785714285716,4974.75,0.6014215418261345,1.6151785714285716,2026-06-18T03:29:36.201857122,0.3857,0,2659.5
0,35,25.32,831.59,0,False,False,True,True,False,False,False,True,True,False,True,False,True,False,True,False,True,False,True,False,True,False,True,True,False,False,23.76,703.5,0.5583333333333333,703.5,1.658767772511848,0.5583333333333333,2026-06-07T21:09:05.030165665,0.0659,0,6085.48
0,58,122.15,7266.5,0,False,True,True,True,False,False,True,False,False,False,False,True,False,True,False,False,False,True,False,False,False,False,True,False,True,False,125.28,5309.9,1.5516949152542372,5309.9,0.6266882766072394,1.5516949152542372,2026-06-14T15:56:03.360322176,0.1686,0,1493.67
1,40,100.84,4273.33,1,False,False,False,True,False,False,True,False,False,True,False,True,False,False,False,False,False,False,False,False,False,False,True,True,False,False,106.83,3168.0,1.931707317073171,3168.0,0.4987531172069825,1.931707317073171,2026-06-17T05:02:02.313399806,0.1063,0,5917.3
0,15,65.13,830.14,0,False,False,False,True,False,True,False,False,False,False,False,False,False,False,False,False,False,False,False,False,False,False,False,False,False,True,55.34,732.75,3.053125,732.75,0.3009027081243731,3.053125,2026-06-07T17:02:12.731874806,0.3725,0,5137.89
1,43,140.41,5519.51,1,True,True,False,True,False,True,True,False,False,False,False,True,False,True,False,False,False,True,False,True,False,False,True,False,True,False,128.36,4429.0,2.340909090909091,4429.0,0.4134615384615384,2.340909090909091,2026-06-01T07:12:22.254620658,0.4565,0,4343.84
1,29,81.88,2323.45,0,False,False,False,True,False,True,False,False,False,True,False,True,False,False,False,False,False,False,False,False,False,False,True,False,False,False,80.12,1697.9499999999998,1.9516666666666669,1697.9499999999998,0.4869857262804366,1.9516666666666669,2026-06-09T03:39:23.928098453,0.2269,0,3369.87
0,1,119.54,107.76,0,False,False,True,True,False,False,True,False,False,False,False,False,False,False,False,False,False,True,False,True,False,False,True,False,True,False,107.76,89.35,44.675,89.35,0.0110680686220254,44.675,2026-06-04T09:31:16.295386977,0.1911,0,5181.98
1,9,124.41,938.46,1,True,False,False,True,False,True,True,False,False,False,False,False,False,False,False,False,False,False,False,True,False,False,True,True,False,False,104.27,759.6,8.440000000000001,759.6,0.1053864168618266,8.440000000000001,2026-06-06T07:53:31.875553456,0.3626,0,7130.66
0,36,71.29,2374.46,0,False,True,True,True,False,False,False,False,False,True,False,False,False,False,False,False,False,False,False,False,False,False,False,True,False,False,65.96,1837.8,1.3797297297297295,1837.8,0.69164265129683,1.3797297297297295,2026-06-16T20:58:30.285480377,0.6999,1,5092.72
0,30,27.25,809.55,0,False,True,True,True,False,False,False,True,True,False,True,False,True,False,True,False,True,False,True,False,False,True,False,False,False,True,26.98,579.0,0.6225806451612903,579.0,1.477832512315271,0.6225806451612903,2026-06-13T13:18:38.082161402,0.3926,0,4308.38
0,63,133.15,7628.12,0,False,True,False,True,False,False,True,False,False,False,False,True,False,False,False,False,False,True,False,True,True,False,True,False,True,False,121.08,6048.0,1.5,6048.0,0.6494845360824743,1.5,2026-06-02T02:58:13.830236530,0.6916,1,5952.92
0,51,102.16,5293.62,0,True,True,True,True,False,False,False,False,False,True,False,False,False,False,False,True,False,True,False,True,True,False,True,False,False,False,103.8,3896.4,1.4692307692307691,3896.4,0.6589147286821705,1.4692307692307691,2026-06-06T06:19:41.988005585,0.3644,0,6242.71
0,52,112.92,6262.32,0,True,False,True,True,False,True,False,False,False,True,False,True,False,False,False,True,False,True,False,True,False,True,True,False,False,True,120.43,4427.8,1.6066037735849057,4427.8,0.603598374927452,1.6066037735849057,2026-06-04T00:53:32.002009599,0.4845,0,4885.47
0,18,79.04,1456.56,0,False,False,False,True,False,True,False,False,False,True,False,False,False,True,False,False,False,False,False,False,False,False,True,False,False,True,80.92,1090.8,3.1894736842105265,1090.8,0.2922077922077922,3.1894736842105265,2026-06-13T03:13:47.822170217,0.3086,0,4830.82
0,7,128.87,885.18,1,False,False,False,True,False,False,True,False,False,False,False,False,False,True,False,False,False,True,False,True,False,False,True,False,True,False,126.45,667.4499999999999,11.91875,667.4499999999999,0.0726517903476907,11.91875,2026-06-09T20:49:27.946862467,0.2349,0,7056.62
1,3,96.31,288.77,1,False,True,False,True,False,False,True,False,False,False,False,False,False,False,False,False,False,True,False,False,False,False,True,False,True,False,96.26,241.2,20.1,241.2,0.0368550368550368,20.1,2026-06-10T19:16:05.387139504,0.1077,0,3947.79
0,25,27.57,636.55,0,True,False,True,True,False,False,False,True,True,False,True,False,True,False,True,False,True,False,True,False,False,False,False,False,False,True,25.46,520.0,0.8,520.0,1.146788990825688,0.8,2026-06-05T08:33:34.990518761,0.203,0,7884.3
0,41,119.33,4392.35,0,False,False,True,True,False,True,True,False,False,False,False,True,False,False,False,False,False,True,False,False,False,False,True,False,False,False,107.13,3628.5,2.107142857142857,3628.5,0.4581005586592179,2.107142857142857,2026-06-07T12:38:25.386279376,0.1423,0,4965.18
1,51,107.79,5253.07,1,True,True,True,True,False,True,True,False,False,False,False,True,False,True,False,False,False,False,False,False,False,False,True,False,True,False,103.0,4294.2,1.6192307692307693,4294.2,0.5985915492957746,1.6192307692307693,2026-06-03T04:42:59.300953848,0.4235,0,5710.24
0,7,92.11,578.97,0,False,False,True,True,False,False,True,False,False,False,False,False,False,False,False,False,False,False,False,False,False,False,True,False,True,False,82.71,497.35,8.88125,497.35,0.0971547536433032,8.88125,2026-06-05T17:12:06.043018888,0.368,0,5045.49
0,64,132.77,7564.84,0,False,True,False,True,False,False,True,False,False,True,False,False,False,False,False,True,False,True,False,True,True,False,True,False,False,True,118.2,6201.6,1.4907692307692308,6201.6,0.6537282941777324,1.4907692307692308,2026-06-07T13:58:06.464917385,0.2521,0,6229.21
0,32,27.26,856.26,0,False,False,False,True,False,False,False,True,True,False,True,False,True,False,True,False,True,False,True,False,True,False,False,False,False,False,26.76,632.0,0.5984848484848485,632.0,1.5421686746987953,0.5984848484848485,2026-06-02T13:37:15.583643617,0.3614,0,2259.48
1,70,125.9,8528.94,0,False,True,False,True,False,True,False,False,False,True,False,True,False,True,False,True,False,True,False,True,False,True,True,False,False,False,121.84,6454.0,1.2985915492957747,6454.0,0.7510729613733905,1.2985915492957747,2026-06-14T18:55:13.882142100,0.3665,0,5217.56
0,49,25.59,1360.77,0,False,True,False,True,False,False,False,True,True,False,True,False,True,False,True,False,True,False,True,False,True,False,False,True,False,False,27.77,1014.3,0.414,1014.3,2.2580645161290325,0.414,2026-06-14T13:02:41.773435359,0.2145,0,5133.98
0,14,27.92,436.29,0,True,False,False,True,False,False,False,True,True,False,True,False,True,False,True,False,True,False,True,False,True,False,False,False,False,True,31.16,270.90000000000003,1.29,270.90000000000003,0.6879606879606879,1.29,2026-06-09T06:44:01.539421428,0.1445,0,4575.05
0,42,66.31,2492.2,0,False,False,False,True,False,False,False,False,False,False,False,True,False,False,False,False,False,False,False,False,False,False,True,False,True,False,59.34,2081.1,1.1523255813953488,2081.1,0.8308605341246291,1.1523255813953488,2026-06-17T03:56:44.217139780,0.1584,0,4721.74
0,51,38.27,1694.28,0,False,True,False,True,False,True,False,True,True,False,True,False,True,False,True,False,True,False,True,False,False,True,False,False,False,True,33.22,1300.5,0.4903846153846153,1300.5,1.9245283018867925,0.4903846153846153,2026-06-17T13:23:32.900834680,0.292,0,5867.27
1,1,28.1,26.07,1,False,True,False,True,False,False,False,True,True,False,True,False,True,False,True,False,True,False,True,False,False,False,True,False,False,True,26.07,20.85,10.425,20.85,0.045766590389016,10.425,2026-06-10T04:37:47.881741216,0.2559,0,5092.57
0,15,139.55,1909.53,1,True,False,False,True,False,False,True,False,False,False,False,False,False,True,False,True,False,True,False,True,False,False,True,False,True,False,127.3,1520.25,6.334375,1520.25,0.1465559355153883,6.334375,2026-06-01T09:49:36.251109423,0.3864,0,7468.83
0,46,60.47,2489.65,0,False,True,False,False,True,False,False,False,False,True,False,True,False,False,False,False,False,True,False,False,False,False,False,False,True,False,54.12,2095.2999999999997,0.9691489361702128,2095.2999999999997,0.988184747583244,0.9691489361702128,2026-06-16T06:15:11.632721884,0.5967,1,5938.82
0,27,130.64,3390.03,1,False,False,False,True,False,True,True,False,False,False,False,False,False,False,False,False,False,True,False,True,False,False,True,False,False,True,125.56,2552.85,3.376785714285714,2552.85,0.282574568288854,3.376785714285714,2026-06-10T14:02:39.100205662,0.1864,0,7857.06
0,70,129.44,7412.04,0,True,True,True,True,False,True,False,False,False,True,False,True,False,True,False,True,False,True,False,True,False,True,True,True,False,False,105.89,6310.5,1.269718309859155,6310.5,0.7679648930334613,1.269718309859155,2026-06-07T17:10:27.444127535,0.4402,0,2170.72
1,5,125.62,568.61,1,True,False,False,True,False,False,True,False,False,False,False,False,False,False,False,False,False,True,False,True,False,False,True,False,True,False,113.72,457.0,15.233333333333334,457.0,0.0541125541125541,15.233333333333334,2026-06-03T01:22:29.658693635,0.4788,0,7375.39
0,19,141.39,2332.77,1,True,True,True,True,False,True,True,False,False,False,False,False,False,False,False,True,False,True,False,True,True,False,True,False,True,False,122.78,1918.05,5.0475,1918.05,0.1863658656204021,5.0475,2026-06-15T08:28:29.289247101,0.4567,0,6716.38
0,5,68.34,310.59,0,False,True,True,True,False,False,False,False,False,True,False,False,False,False,False,False,False,False,False,False,False,False,True,False,False,True,62.12,247.0,8.233333333333333,247.0,0.0992063492063492,8.233333333333333,2026-06-10T13:35:20.914891679,0.5819,1,2823.98
0,66,108.84,8015.36,0,True,True,False,True,False,False,False,False,False,True,False,True,False,True,False,True,False,True,False,True,False,True,True,False,False,False,121.44,5669.400000000001,1.282089552238806,5669.400000000001,0.7594936708860759,1.282089552238806,2026-06-17T18:10:32.328451448,0.4475,0,4642.57
0,71,27.5,1662.65,0,True,False,False,True,False,False,False,True,True,False,True,False,True,False,True,False,True,False,True,False,False,True,True,True,False,False,23.42,1412.9,0.2763888888888888,1412.9,3.397129186602871,0.2763888888888888,2026-06-06T12:04:01.301783206,0.0748,0,4636.06
1,38,133.08,5050.75,0,True,True,True,True,False,True,True,False,False,False,False,True,False,False,False,False,False,True,False,True,False,False,False,False,True,False,132.91,3843.7,2.5935897435897437,3843.7,0.3720019579050416,2.5935897435897437,2026-06-07T16:56:51.494622373,0.2795,0,2900.08
0,6,77.33,488.83,1,False,False,False,True,False,False,False,False,False,True,False,True,False,False,False,False,False,False,False,False,False,False,False,False,True,False,81.47,337.5,8.035714285714286,337.5,0.1048034934497816,8.035714285714286,2026-06-11T16:24:32.056521497,0.114,0,6076.64
0,68,119.93,8155.34,0,True,True,True,True,False,True,False,False,False,True,False,True,False,True,False,True,False,True,False,True,False,True,True,True,False,False,119.93,6269.6,1.336231884057971,6269.6,0.7296137339055794,1.336231884057971,2026-06-05T15:39:47.485315474,0.2891,0,4607.7
0,69,28.63,1810.15,0,False,True,True,True,False,False,False,True,True,False,True,False,True,False,True,False,True,False,True,False,False,True,False,False,False,False,26.23,1393.8,0.2885714285714285,1393.8,3.2547169811320757,0.2885714285714285,2026-06-03T09:54:36.055316606,0.5247,1,7828.62
0,9,25.79,194.26,0,False,False,False,True,False,False,False,True,True,False,True,False,True,False,True,False,True,False,True,False,False,False,False,False,False,False,21.58,175.5,1.95,175.5,0.4390243902439024,1.95,2026-06-15T06:03:05.429007631,0.1625,0,3226.83
0,71,146.23,9342.53,0,False,True,True,True,False,True,True,False,False,True,False,True,False,True,False,False,False,True,False,False,False,True,False,False,False,False,131.58,7135.5,1.3958333333333333,7135.5,0.6995073891625616,1.3958333333333333,2026-06-11T22:54:13.952371322,0.5156,1,5325.64
0,5,104.93,520.83,0,True,False,False,True,False,False,True,False,False,False,False,False,False,False,False,False,False,False,False,True,False,False,False,False,False,True,104.17,393.75,13.125,393.75,0.0626959247648902,13.125,2026-06-09T21:21:51.175980960,0.4834,0,5739.81
0,12,84.52,1018.42,0,False,False,False,False,True,False,False,False,False,False,False,True,False,True,False,True,False,True,False,True,True,False,False,False,True,False,84.87,727.8,4.665384615384616,727.8,0.194647201946472,4.665384615384616,2026-06-01T19:41:58.554688003,0.3927,0,7959.92
0,11,32.37,391.65,0,False,False,True,False,True,False,False,False,False,False,False,False,False,False,False,False,False,False,False,False,False,False,False,False,True,False,35.6,277.2,2.1,277.2,0.4198473282442748,2.1,2026-06-07T19:32:53.336052215,0.3055,0,2691.02
0,18,34.12,572.58,0,False,True,True,True,False,True,False,True,True,False,True,False,True,False,True,False,True,False,True,False,False,True,False,False,False,True,31.81,451.8,1.3210526315789477,451.8,0.689655172413793,1.3210526315789477,2026-06-17T15:53:38.557354468,0.2185,0,5929.86
0,1,78.91,73.73,1,True,False,False,True,False,True,False,False,False,False,False,True,False,False,False,True,False,False,False,False,False,False,False,False,False,True,73.73,60.1,30.05,60.1,0.0163666121112929,30.05,2026-06-18T03:37:43.666404365,0.2918,0,7605.05
1,65,143.36,9188.55,0,False,True,True,True,False,True,True,False,False,False,False,False,False,True,False,True,False,True,False,True,True,False,True,False,False,False,141.36,6753.5,1.5742424242424242,6753.5,0.6196377502383221,1.5742424242424242,2026-06-04T02:01:19.853595516,0.4327,0,5542.41
0,39,143.13,5067.55,0,True,False,True,True,False,True,True,False,False,False,False,False,False,False,False,True,False,True,False,True,False,True,False,False,False,True,129.94,3921.45,2.51375,3921.45,0.3840472673559822,2.51375,2026-06-02T15:06:04.563757553,0.4887,0,5402.03
0,6,29.46,140.08,0,False,False,False,True,False,False,False,True,True,False,True,False,True,False,True,False,True,False,True,False,False,False,True,False,False,True,23.35,125.7,2.992857142857143,125.7,0.2733485193621868,2.992857142857143,2026-06-14T18:12:28.141509735,0.6494,1,6151.01
1,58,129.05,7815.03,0,False,True,False,True,False,True,True,False,False,False,False,True,False,False,False,False,False,True,False,True,True,False,True,False,False,False,134.74,5672.4,1.6576271186440676,5672.4,0.5870445344129555,1.6576271186440676,2026-06-16T19:18:37.301795694,0.1989,0,3728.22
1,56,130.42,7199.93,0,True,False,False,True,False,True,True,False,False,False,False,False,False,True,False,False,False,True,False,True,False,False,True,False,True,False,128.57,5658.8,1.7728070175438595,5658.8,0.54875061244488,1.7728070175438595,2026-06-09T17:12:11.785313146,0.3773,0,4877.1
0,32,27.37,827.93,0,False,False,False,True,False,False,False,True,True,False,True,False,True,False,True,False,True,False,True,False,True,False,False,False,False,False,25.87,657.6,0.6227272727272728,657.6,1.4849187935034802,0.6227272727272728,2026-06-06T05:25:05.439207627,0.302,0,5612.78
0,61,43.59,2778.18,0,True,True,True,False,True,False,False,False,False,True,False,False,False,True,False,False,False,False,False,False,False,False,False,False,False,False,45.54,2049.6,0.5419354838709678,2049.6,1.7630057803468209,0.5419354838709678,2026-06-09T07:34:50.703177602,0.2179,0,4467.63
0,57,27.48,1519.07,0,False,True,False,True,False,False,False,True,True,False,True,False,True,False,True,False,True,False,True,False,False,True,True,False,False,False,26.65,1117.2,0.3379310344827586,1117.2,2.7669902912621356,0.3379310344827586,2026-06-02T19:28:16.029128712,0.4532,0,5491.3
0,63,144.11,8925.15,0,True,False,False,True,False,True,True,False,False,False,False,True,False,False,False,True,False,True,False,True,False,False,False,False,True,False,141.67,6640.200000000001,1.646875,6640.200000000001,0.5921052631578947,1.646875,2026-06-13T07:49:34.080522073,0.03,0,4173.87
0,37,110.42,4110.74,0,False,False,False,True,False,False,True,False,False,False,False,True,False,True,False,False,False,False,False,False,True,False,False,False,True,False,111.1,2961.85,2.106578947368421,2961.85,0.4565083281924738,2.106578947368421,2026-06-01T01:46:23.988955681,0.472,0,3007.85
0,10,79.53,821.6,0,True,False,False,True,False,False,False,False,False,True,False,False,False,False,False,True,False,True,False,False,False,False,False,False,False,False,82.16,622.5,5.659090909090909,622.5,0.1581027667984189,5.659090909090909,2026-06-15T07:17:05.689868096,0.3984,0,4591.48
0,53,25.44,1236.19,0,False,True,True,True,False,False,False,True,True,False,True,False,True,False,True,False,True,False,True,False,True,False,False,False,False,False,23.32,1036.15,0.362037037037037,1036.15,2.579075425790754,0.362037037037037,2026-06-18T16:01:31.567193624,0.413,0,4667.93
0,47,76.66,3587.81,0,False,False,False,True,False,False,False,False,False,True,False,True,False,False,False,True,False,False,False,False,True,False,True,False,False,True,76.34,2768.2999999999997,1.2270833333333333,2768.2999999999997,0.7846410684474123,1.2270833333333333,2026-06-01T08:12:26.944460226,0.201,0,7439.14
0,3,135.25,372.06,1,False,False,False,True,False,False,True,False,False,True,False,False,False,True,False,False,False,True,False,True,False,False,True,True,False,False,124.02,297.0,24.75,297.0,0.03,24.75,2026-06-05T00:55:58.459700699,0.183,0,5794.14
0,69,142.19,10093.49,1,False,True,True,True,False,True,True,False,False,False,False,True,False,True,False,False,False,True,False,True,False,False,True,False,True,False,146.28,7172.55,1.485,7172.55,0.6574559313959027,1.485,2026-06-02T07:31:11.158402187,0.4611,0,4008.53
0,1,62.59,61.84,1,True,False,False,True,False,False,False,False,False,False,False,False,False,True,False,False,False,False,False,False,False,False,True,False,True,False,61.84,50.5,25.25,50.5,0.0194174757281553,25.25,2026-06-06T01:32:49.744525201,0.2597,0,2981.39
0,63,105.29,6085.82,0,True,True,True,True,False,False,False,False,False,True,False,True,False,True,False,True,False,True,False,False,False,True,False,True,False,False,96.6,4693.5,1.1640625,4693.5,0.8344370860927153,1.1640625,2026-06-16T06:42:25.599795623,0.1867,0,5293.91
0,17,99.86,1526.53,1,True,True,True,True,False,False,True,False,False,False,False,False,False,False,False,False,False,False,False,False,False,False,True,False,True,False,89.8,1173.0,3.8333333333333335,1173.0,0.2428571428571428,3.8333333333333335,2026-06-03T05:07:21.871541257,0.5448,1,4999.07
0,52,107.51,5258.52,1,True,False,False,True,False,False,True,False,False,False,False,True,False,False,False,False,False,False,False,True,False,False,True,False,True,False,101.13,4438.2,1.6103773584905658,4438.2,0.6022003474232774,1.6103773584905658,2026-06-11T17:51:04.848724060,0.3015,0,3821.52
0,3,71.41,219.96,1,True,False,True,True,False,False,False,False,False,False,False,False,False,False,False,False,False,True,False,False,False,False,True,True,False,False,73.32,164.10000000000002,13.675,164.10000000000002,0.0538599640933572,13.675,2026-06-15T09:07:37.415003676,0.1735,0,6799.06
1,66,111.77,6875.08,1,False,True,False,True,False,True,False,False,False,False,False,True,False,True,False,False,False,True,False,True,False,True,True,False,False,False,104.17,5316.3,1.2022388059701492,5316.3,0.809319435928878,1.2022388059701492,2026-06-06T01:41:01.672004818,0.1649,0,4420.12
0,41,134.55,5389.43,1,True,True,True,True,False,True,True,False,False,False,False,False,False,True,False,True,False,True,False,True,True,False,True,False,True,False,131.45,4206.599999999999,2.4428571428571426,4206.599999999999,0.3957528957528958,2.4428571428571426,2026-06-02T01:08:13.084400315,0.3218,0,2484.87
0,71,150.65,10302.19,0,False,False,False,True,False,True,True,False,False,True,False,True,False,True,False,True,False,True,False,True,False,True,True,True,False,False,145.1,8033.650000000001,1.571527777777778,8033.650000000001,0.6219886114761278,1.571527777777778,2026-06-15T05:41:32.612211970,0.27,0,5590.06
0,56,129.86,6849.62,0,True,True,True,True,False,True,True,False,False,False,False,True,False,False,False,True,False,True,False,False,False,False,True,True,False,False,122.31,5429.2,1.7008771929824562,5429.2,0.5717202654415517,1.7008771929824562,2026-06-12T06:23:55.348433189,0.3007,0,6663.0
0,6,61.61,335.22,0,False,True,True,True,False,True,False,False,False,False,False,False,False,False,False,False,False,False,False,False,False,False,True,True,False,False,55.87,293.70000000000005,6.992857142857143,293.70000000000005,0.1201201201201201,6.992857142857143,2026-06-02T22:34:54.869184121,0.3021,0,4205.28
0,41,130.55,5119.91,0,False,False,False,True,False,False,True,False,False,False,False,True,False,False,False,True,False,True,False,True,False,True,True,False,False,False,124.88,4050.8,2.3523809523809525,4050.8,0.4108216432865731,2.3523809523809525,2026-06-07T01:41:17.493724956,0.5132,1,5576.63
0,27,70.51,1973.5,0,True,True,True,True,False,False,False,False,False,True,False,True,False,False,False,False,False,False,False,False,False,False,True,True,False,False,73.09,1478.25,1.9553571428571428,1478.25,0.484304932735426,1.9553571428571428,2026-06-14T07:23:20.229255993,0.0704,0,2819.0
0,34,80.92,2528.13,0,False,True,True,True,False,False,False,False,False,True,False,True,False,True,False,False,False,False,False,False,True,False,True,False,False,True,74.36,2067.2,1.737142857142857,2067.2,0.5501618122977346,1.737142857142857,2026-06-11T17:12:16.756822675,0.2861,0,5052.19
0,31,136.89,4096.55,0,True,False,False,True,False,False,True,False,False,False,False,True,False,True,False,False,False,True,False,True,False,False,True,False,True,False,132.15,3143.4,3.16875,3143.4,0.302734375,3.16875,2026-06-17T19:50:20.658113214,0.1982,0,3196.42
0,72,137.53,9282.65,0,True,False,False,True,False,True,True,False,False,False,False,True,False,True,False,False,False,True,False,True,False,True,True,False,False,False,128.93,7264.8,1.382191780821918,7264.8,0.7065750736015701,1.382191780821918,2026-06-04T10:24:56.762348491,0.3249,0,5749.72
1,22,100.73,2322.52,1,False,False,False,True,False,True,True,False,False,False,False,False,False,False,False,False,False,False,False,False,False,False,True,False,False,False,105.57,1636.8000000000002,3.2347826086956526,1636.8000000000002,0.2917771883289124,3.2347826086956526,2026-06-04T23:39:38.753622591,0.255,0,5240.09
0,55,73.11,4617.92,0,False,True,True,True,False,False,False,False,False,True,False,True,False,False,False,False,False,False,False,False,False,False,False,False,True,False,83.96,3063.5,0.9946428571428572,3063.5,0.9700176366843032,0.9946428571428572,2026-06-02T15:32:47.733882471,0.2561,0,5027.17
0,48,139.4,6244.26,0,False,False,False,True,False,False,True,False,False,True,False,False,False,True,False,True,False,True,False,True,False,True,True,True,False,False,130.09,4920.0,2.0918367346938775,4920.0,0.463768115942029,2.0918367346938775,2026-06-12T17:36:17.503161205,0.3277,0,4493.83
1,10,43.03,408.32,1,False,False,False,False,True,False,False,False,False,False,False,False,False,False,False,True,False,False,False,False,False,False,True,False,True,False,40.83,296.5,2.6954545454545453,296.5,0.3262642740619902,2.6954545454545453,2026-06-13T18:41:47.424345991,0.5038,1,7108.05
0,38,104.9,3792.0,1,False,True,True,True,False,False,False,False,False,True,False,True,False,False,False,True,False,True,False,True,True,False,False,True,False,False,99.79,3051.4,2.0589743589743588,3051.4,0.4674046740467404,2.0589743589743588,2026-06-07T19:11:00.751986116,0.3074,0,3484.13
0,21,84.69,1953.57,0,False,False,False,True,False,False,False,False,False,True,False,True,False,False,False,True,False,True,False,False,False,True,False,True,False,False,93.03,1492.05,3.2295454545454545,1492.05,0.2914642609299098,3.2295454545454545,2026-06-16T19:30:36.400854139,0.3788,0,7388.24
1,33,108.58,3032.73,1,True,False,False,True,False,True,True,False,False,False,False,True,False,True,False,False,False,False,False,False,False,False,True,True,False,False,91.9,2767.0499999999997,2.466176470588235,2767.0499999999997,0.3889216263995286,2.466176470588235,2026-06-14T15:20:44.947755207,0.3496,0,3619.0
1,48,38.51,1751.02,0,False,True,True,False,True,False,False,False,False,False,False,True,False,False,False,False,False,False,False,False,True,False,False,False,False,False,36.48,1435.1999999999998,0.610204081632653,1435.1999999999998,1.5533980582524272,0.610204081632653,2026-06-10T03:18:16.386749338,0.227,0,5036.41
0,31,75.25,2437.39,0,True,True,True,True,False,True,False,False,False,False,False,False,False,False,False,False,False,False,False,True,False,False,False,False,False,False,78.63,1850.7,1.865625,1850.7,0.5107084019769357,1.865625,2026-06-12T21:37:27.895545272,0.2677,0,2375.29
0,68,112.63,6917.82,0,False,True,True,True,False,True,False,False,False,False,False,True,False,True,False,True,False,True,False,True,False,True,False,False,False,False,101.73,5800.4,1.236231884057971,5800.4,0.7879490150637312,1.236231884057971,2026-06-07T02:42:12.229817264,0.2125,0,5213.59
0,1,25.66,26.28,0,True,False,False,True,False,False,False,True,True,False,True,False,True,False,True,False,True,False,True,False,False,False,True,False,False,False,26.28,19.65,9.825,19.65,0.0484261501210653,9.825,2026-06-15T04:55:31.676276261,0.1379,0,6442.93
0,43,47.36,1932.36,0,True,False,False,False,True,False,False,False,False,True,False,False,False,True,False,False,False,False,False,False,True,False,True,True,False,False,44.94,1513.6,0.8,1513.6,1.1878453038674033,0.8,2026-06-03T08:06:17.500542424,0.078,0,6070.61
0,69,34.27,2283.52,0,False,True,False,True,False,True,False,True,True,False,True,False,True,False,True,False,True,False,True,False,False,True,True,True,False,False,33.09,1721.55,0.3564285714285714,1721.55,2.6589595375722546,0.3564285714285714,2026-06-04T20:37:04.062227372,0.2671,0,5466.77
0,29,145.34,3676.29,0,True,False,False,True,False,False,True,False,False,False,False,False,False,True,False,True,False,True,False,True,False,False,True,True,False,False,126.77,2865.2,3.2933333333333334,2865.2,0.2905811623246493,3.2933333333333334,2026-06-16T16:14:37.553734818,0.5013,1,6283.62
0,26,35.92,870.04,0,False,True,False,True,False,True,False,True,True,False,True,False,True,False,True,False,True,False,True,False,True,False,False,False,False,True,33.46,676.0,0.9629629629629628,676.0,0.9629629629629628,0.9629629629629628,2026-06-16T10:58:35.580169187,0.2379,0,4259.07
0,45,129.11,5952.6,0,True,True,True,True,False,True,True,False,False,False,False,True,False,True,False,False,False,False,False,True,False,False,True,False,False,False,132.28,4317.75,2.0858695652173913,4317.75,0.4641567818463125,2.0858695652173913,2026-06-02T00:28:50.571463921,0.2828,0,4088.62
0,41,118.49,5168.87,0,False,True,True,True,False,False,True,False,False,False,False,False,False,True,False,False,False,True,False,True,False,False,True,False,False,False,126.07,3890.9,2.2595238095238095,3890.9,0.4275286757038581,2.2595238095238095,2026-06-10T15:17:44.687820132,0.1295,0,7787.35
0,1,99.32,94.68,1,False,False,False,True,False,False,True,False,False,False,False,False,False,False,False,False,False,True,False,False,False,False,False,False,True,False,94.68,78.05,39.025,78.05,0.0126502213788741,39.025,2026-06-12T08:06:10.515560166,0.3023,0,1721.83
0,46,25.0,1270.64,0,False,True,True,True,False,False,False,True,True,False,True,False,True,False,True,False,True,False,True,False,False,True,False,True,False,False,27.62,892.4,0.4127659574468085,892.4,2.2549019607843137,0.4127659574468085,2026-06-07T08:26:49.306684470,0.2588,0,5594.94
0,61,107.77,5921.19,0,True,True,False,True,False,True,False,False,False,False,False,True,False,True,False,False,False,True,False,True,False,True,False,False,False,False,97.07,4934.900000000001,1.3048387096774194,4934.900000000001,0.7448107448107447,1.3048387096774194,2026-06-11T18:36:06.048728545,0.5514,1,5218.09
0,18,24.42,535.66,0,False,False,False,True,False,False,False,True,True,False,True,False,True,False,True,False,True,False,True,False,False,False,True,False,False,True,29.76,351.90000000000003,1.0289473684210526,351.90000000000003,0.875912408759124,1.0289473684210526,2026-06-15T20:30:22.984469050,0.3025,0,7549.82
1,1,34.23,30.73,1,False,False,False,False,True,False,False,False,False,False,False,False,False,False,False,False,False,False,False,False,False,False,True,False,True,False,30.73,25.2,12.6,25.2,0.0381679389312977,12.6,2026-06-15T07:48:32.938870043,0.6083,1,6087.79
0,55,137.06,6723.21,1,True,True,False,True,False,True,True,False,False,True,False,True,False,False,False,False,False,True,False,False,False,False,True,False,True,False,122.24,5321.25,1.7276785714285714,5321.25,0.5626598465473146,1.7276785714285714,2026-06-13T08:23:03.112584916,0.3853,0,4036.69
0,13,125.24,1501.83,1,True,False,False,True,False,False,True,False,False,False,False,False,False,False,False,False,False,True,False,True,False,False,True,False,True,False,115.53,1184.3,6.507142857142857,1184.3,0.1411509229098805,6.507142857142857,2026-06-18T05:41:58.601420386,0.658,1,5070.25
1,72,151.35,9771.99,0,False,True,False,True,False,True,True,False,False,True,False,True,False,False,False,False,False,True,False,True,True,False,True,False,False,False,135.72,7693.2,1.4636986301369863,7693.2,0.6675938803894298,1.4636986301369863,2026-06-03T20:14:48.410637560,0.364,0,5001.27
0,3,100.33,365.35,1,False,False,False,True,False,True,True,False,False,False,False,False,False,False,False,False,False,False,False,False,False,False,True,True,False,False,121.78,225.3,18.775,225.3,0.0394218134034165,18.775,2026-06-13T05:12:52.752093936,0.5991,1,6208.25
0,71,112.77,7658.5,0,False,True,True,True,False,False,False,False,False,True,False,False,False,True,False,True,False,True,False,True,False,True,True,True,False,False,107.87,5822.0,1.1388888888888888,5822.0,0.8554216867469879,1.1388888888888888,2026-06-02T20:43:11.643425181,0.2502,0,6385.21
0,15,66.33,936.44,0,True,False,False,True,False,True,False,False,False,False,False,False,False,False,False,False,False,False,False,False,False,False,True,False,True,False,62.43,735.0,3.0625,735.0,0.3,3.0625,2026-06-04T01:49:01.297784358,0.2517,0,2436.84
0,17,90.99,1464.84,0,True,False,False,True,False,True,False,False,False,True,False,False,False,False,False,False,False,False,False,True,False,False,False,False,False,False,86.17,1117.75,3.6527777777777777,1117.75,0.2546816479400749,3.6527777777777777,2026-06-06T23:19:15.369114263,0.193,0,4161.61
0,1,76.79,70.97,1,False,False,False,True,False,False,False,False,False,False,False,False,False,False,False,False,False,True,False,False,False,False,True,True,False,False,70.97,55.0,27.5,55.0,0.0178571428571428,27.5,2026-06-05T18:38:07.605743369,0.4707,0,4866.62
0,1,64.35,64.59,0,False,False,False,True,False,False,False,False,False,False,False,False,False,False,False,True,False,False,False,False,False,False,True,False,True,False,64.59,49.9,24.95,49.9,0.0196463654223968,24.95,2026-06-11T00:08:19.256771751,0.4052,0,5470.62
1,41,106.87,4464.62,1,True,True,False,True,False,True,True,False,False,True,False,False,False,True,False,False,False,False,False,False,False,False,True,False,False,False,108.89,3433.75,1.994047619047619,3433.75,0.4837758112094395,1.994047619047619,2026-06-10T01:22:31.580999194,0.3793,0,4933.92
1,50,141.0,6593.82,0,False,True,False,True,False,True,True,False,False,True,False,True,False,True,False,False,False,True,False,True,False,False,False,False,False,False,131.88,5437.5,2.1323529411764706,5437.5,0.4555808656036446,2.1323529411764706,2026-06-10T14:24:04.824651295,0.1632,0,7383.69
0,60,155.27,8738.91,0,False,True,False,True,False,True,True,False,False,False,False,True,False,True,False,True,False,True,False,True,False,True,True,True,False,False,145.65,6648.0,1.8163934426229509,6648.0,0.5366726296958855,1.8163934426229509,2026-06-15T09:01:10.860539049,0.3907,0,3761.93
1,66,87.85,5383.02,0,False,False,False,True,False,True,False,False,False,True,False,True,False,False,False,True,False,False,False,False,True,False,True,True,False,False,81.56,4214.1,0.9529850746268655,4214.1,1.017733230531997,0.9529850746268655,2026-06-05T12:29:15.524782649,0.2222,0,3592.43
0,24,27.6,630.34,0,False,True,True,True,False,False,False,True,True,False,True,False,True,False,True,False,True,False,True,False,False,True,False,False,False,True,26.26,472.7999999999999,0.7879999999999999,472.7999999999999,1.1594202898550725,0.7879999999999999,2026-06-07T19:50:00.496777443,0.8429,1,3597.06
0,20,115.8,2328.31,1,True,False,False,True,False,True,True,False,False,False,False,False,False,True,False,False,False,True,False,False,False,False,True,False,True,False,116.42,1774.0,4.223809523809524,1774.0,0.2229654403567447,4.223809523809524,2026-06-12T09:38:22.850707551,0.1908,0,5468.28
0,32,106.87,3067.5,1,True,True,False,True,False,True,True,False,False,False,False,False,False,True,False,False,False,False,False,False,False,False,True,False,True,False,95.86,2524.8,2.390909090909091,2524.8,0.4005006257822278,2.390909090909091,2026-06-10T12:25:17.314093851,0.1599,0,6760.12
0,61,142.02,8526.58,0,False,True,False,True,False,True,True,False,False,False,False,False,False,True,False,True,False,True,False,True,True,False,True,False,False,False,139.78,6301.3,1.6661290322580644,6301.3,0.5848513902205178,1.6661290322580644,2026-06-01T00:35:43.080640392,0.145,0,4077.87
0,70,133.03,10014.43,0,True,True,True,True,False,True,True,False,False,True,False,True,False,False,False,False,False,True,False,True,False,False,True,False,True,False,143.06,7423.5,1.4936619718309858,7423.5,0.6539000467071462,1.4936619718309858,2026-06-11T20:29:57.523718008,0.1967,0,6857.11
0,70,105.22,7374.23,0,True,True,False,True,False,True,False,False,False,True,False,True,False,True,False,True,False,True,False,False,False,True,False,False,False,True,105.35,5540.5,1.1147887323943664,5540.5,0.8733624454148471,1.1147887323943664,2026-06-16T10:44:18.682526930,0.4487,0,1855.0
0,37,54.93,1847.31,1,True,True,True,False,True,False,False,False,False,True,False,True,False,True,False,False,False,False,False,False,False,False,False,False,False,False,49.93,1487.4,1.0578947368421054,1487.4,0.8980582524271844,1.0578947368421054,2026-06-16T13:02:32.608653421,0.306,0,4318.1
0,38,116.3,4250.88,0,True,True,True,True,False,True,False,False,False,True,False,False,False,True,False,True,False,True,False,True,False,True,True,False,False,False,111.87,3245.2000000000003,2.18974358974359,3245.2000000000003,0.4398148148148147,2.18974358974359,2026-06-17T23:08:30.062602147,0.4429,0,3238.2
0,71,143.38,9646.31,0,True,True,True,True,False,False,True,False,False,True,False,True,False,True,False,True,False,True,False,True,False,True,False,True,False,False,135.86,7760.3,1.5180555555555555,7760.3,0.6436990027198549,1.5180555555555555,2026-06-07T16:20:44.161684214,0.5234,1,5036.33
0,12,26.06,325.66,0,False,False,False,True,False,False,False,True,True,False,True,False,True,False,True,False,True,False,True,False,False,False,False,False,False,True,27.14,233.4,1.4961538461538462,233.4,0.58679706601467,1.4961538461538462,2026-06-17T22:03:31.947236866,0.4069,0,6799.76
0,65,150.52,8784.88,1,True,True,True,True,False,True,True,False,False,True,False,False,False,True,False,True,False,True,False,True,False,True,False,False,False,False,135.15,7062.25,1.6462121212121212,7062.25,0.5927952576379388,1.6462121212121212,2026-06-08T11:48:24.245830150,0.5495,1,5144.22
0,69,111.0,6855.0,0,True,True,True,True,False,False,False,False,False,True,False,True,False,False,False,True,False,True,False,True,False,True,False,False,False,False,99.35,5564.85,1.1521428571428571,5564.85,0.8450704225352113,1.1521428571428571,2026-06-02T18:35:23.326163221,0.3545,0,6399.19
0,7,96.69,674.04,0,True,True,True,True,False,False,False,False,False,True,False,False,False,False,False,False,False,True,False,True,False,False,False,True,False,False,96.29,487.9,8.7125,487.9,0.099009900990099,8.7125,2026-06-14T23:58:47.853255635,0.2018,0,5578.89
0,63,34.61,2073.55,0,True,False,False,True,False,True,False,True,True,False,True,False,True,False,True,False,True,False,True,False,False,True,False,False,False,True,32.91,1590.75,0.39453125,1590.75,2.4,0.39453125,2026-06-17T01:56:00.535397024,0.3508,0,5189.34
0,37,122.71,4179.46,0,True,True,True,True,False,False,True,False,False,False,False,False,False,False,False,False,False,True,False,True,True,False,False,True,False,False,112.96,3374.4,2.4,3374.4,0.4013015184381778,2.4,2026-06-11T18:58:30.455084637,0.2144,0,5071.73
0,42,138.05,5669.22,0,True,False,False,True,False,True,True,False,False,False,False,False,False,False,False,True,False,True,False,True,False,False,True,False,True,False,134.98,4212.599999999999,2.332558139534884,4212.599999999999,0.4146100691016782,2.332558139534884,2026-06-01T17:42:28.378556622,0.3692,0,3735.31
0,38,127.5,4637.62,0,True,False,False,True,False,True,True,False,False,False,False,True,False,True,False,False,False,False,False,True,False,False,True,True,False,False,122.04,3613.8,2.4384615384615382,3613.8,0.3954214360041623,2.4384615384615382,2026-06-01T18:37:58.063122366,0.6152,1,6397.3
1,2,56.72,108.53,1,True,False,False,True,False,False,False,False,False,False,False,False,False,False,False,False,False,False,False,False,False,False,False,False,False,True,54.26,89.9,14.983333333333334,89.9,0.0435255712731229,14.983333333333334,2026-06-07T05:12:06.882745987,0.5807,1,3806.73
0,17,96.0,1647.32,1,True,True,False,True,False,False,True,False,False,False,False,False,False,False,False,False,False,False,False,False,False,False,True,False,False,False,96.9,1196.8000000000002,3.911111111111111,1196.8000000000002,0.238095238095238,3.911111111111111,2026-06-10T04:04:42.290156137,0.3318,0,2335.92
0,1,87.81,86.38,1,False,False,False,True,False,False,True,False,False,False,False,False,False,False,False,False,False,False,False,False,False,False,False,False,True,False,86.38,68.65,34.325,68.65,0.0143575017946877,34.325,2026-06-11T10:32:35.461442574,0.127,0,2839.05
0,61,26.35,1673.2,0,True,True,True,True,False,False,False,True,True,False,True,False,True,False,True,False,True,False,True,False,True,False,False,False,False,True,27.43,1244.4,0.3290322580645161,1244.4,2.850467289719626,0.3290322580645161,2026-06-16T17:44:05.276872172,0.0979,0,4736.59
0,63,118.42,7826.63,0,True,True,True,True,False,True,False,False,False,True,False,True,False,True,False,True,False,True,False,True,False,True,True,True,False,False,124.23,5632.200000000001,1.396875,5632.200000000001,0.6969026548672566,1.396875,2026-06-02T03:59:47.654784440,0.3834,0,3525.36
0,35,77.25,2699.2,0,False,False,True,True,False,False,False,False,False,True,False,True,False,False,False,False,False,False,False,False,True,False,False,True,False,False,77.12,1946.0,1.5444444444444445,1946.0,0.6183745583038869,1.5444444444444445,2026-06-14T14:26:02.238166642,0.0913,0,3468.3
0,72,125.07,8810.81,0,False,True,True,True,False,True,False,False,False,True,False,True,False,True,False,True,False,True,False,True,False,True,True,False,False,False,122.37,6714.0,1.2773972602739727,6714.0,0.7639257294429708,1.2773972602739727,2026-06-09T11:16:31.988519512,0.2379,0,4438.62
0,30,118.02,3028.19,0,False,True,True,True,False,False,False,False,False,False,False,True,False,True,False,True,False,True,False,True,False,True,False,False,False,False,100.94,2424.0,2.606451612903226,2424.0,0.3667481662591687,2.606451612903226,2026-06-10T21:59:13.422295799,0.2083,0,4042.04
0,21,85.62,1904.23,0,True,False,False,True,False,False,False,False,False,False,False,False,False,True,False,False,False,False,False,True,False,False,False,False,False,True,90.68,1294.65,2.8022727272727272,1294.65,0.335195530726257,2.8022727272727272,2026-06-05T04:28:44.134166987,0.5615,1,4909.25
0,72,120.72,8369.43,0,True,True,False,True,False,True,False,False,False,True,False,True,False,True,False,True,False,True,False,True,False,True,True,False,False,False,116.24,6411.599999999999,1.21986301369863,6411.599999999999,0.7995558023320378,1.21986301369863,2026-06-04T15:27:22.797132327,0.2601,0,3601.75
0,11,83.0,925.12,1,False,True,True,True,False,True,False,False,False,False,False,False,False,False,False,True,False,False,False,True,False,False,True,False,True,False,84.1,729.8499999999999,5.529166666666666,729.8499999999999,0.1633259094283593,5.529166666666666,2026-06-08T10:05:14.824028357,0.5982,1,5456.77
0,72,28.78,1881.06,0,True,True,False,True,False,False,False,True,True,False,True,False,True,False,True,False,True,False,True,False,False,True,False,False,False,False,26.13,1490.4,0.2835616438356164,1490.4,3.317972350230415,0.2835616438356164,2026-06-18T06:45:21.893913364,0.1284,0,3009.06
0,32,96.08,3169.78,1,True,True,True,True,False,False,True,False,False,False,False,False,False,False,False,False,False,False,False,False,False,False,True,False,False,False,99.06,2232.0,2.113636363636364,2232.0,0.4522968197879858,2.113636363636364,2026-06-12T16:01:44.137406922,0.2593,0,4724.93
0,41,94.32,3737.69,0,False,False,False,True,False,True,False,False,False,False,False,False,False,True,False,True,False,False,False,True,True,False,True,False,True,False,91.16,2812.6,1.6333333333333333,2812.6,0.589080459770115,1.6333333333333333,2026-06-13T15:38:17.922368740,0.1563,0,3079.9
0,59,126.77,7672.01,0,False,True,False,True,False,True,True,False,False,False,False,False,False,True,False,True,False,True,False,False,False,False,False,False,True,False,130.03,5507.65,1.5558333333333332,5507.65,0.6253312135665077,1.5558333333333332,2026-06-11T10:05:59.356295241,0.3855,0,6152.77
0,1,26.57,26.11,0,False,False,False,True,False,False,False,True,True,False,True,False,True,False,True,False,True,False,True,False,False,False,False,False,False,True,26.11,19.9,9.95,19.9,0.0478468899521531,9.95,2026-06-02T18:50:49.461725315,0.4167,0,3790.77
1,60,159.54,8806.43,0,False,True,False,True,False,True,True,False,False,True,False,True,False,True,False,True,False,True,False,True,False,True,True,False,False,False,146.77,6963.0,1.9024590163934425,6963.0,0.5126014523707817,1.9024590163934425,2026-06-09T14:07:25.185589025,0.2794,0,4534.39
0,15,122.71,2098.73,0,False,False,False,True,False,False,True,False,False,False,False,False,False,True,False,False,False,True,False,True,False,False,True,True,False,False,139.92,1410.0,5.875,1410.0,0.1578947368421052,5.875,2026-06-08T02:14:33.865727974,0.1718,0,4469.9
0,30,25.37,881.03,1,False,True,False,True,False,False,False,True,True,False,True,False,True,False,True,False,True,False,True,False,False,False,False,False,False,False,29.37,589.5,0.6338709677419354,589.5,1.452784503631961,0.6338709677419354,2026-06-16T04:35:38.358663165,0.5633,1,3296.07
0,2,69.39,138.59,1,False,False,False,True,False,True,False,False,False,False,False,False,False,False,False,False,False,False,False,False,False,False,True,False,True,False,69.3,98.8,16.466666666666665,98.8,0.0396825396825396,16.466666666666665,2026-06-13T16:43:38.397894619,0.3806,0,6094.68
1,43,119.23,5027.78,0,False,False,False,True,False,True,True,False,False,False,False,True,False,False,False,False,False,True,False,False,False,False,True,False,True,False,116.93,3880.75,2.051136363636364,3880.75,0.4712328767123288,2.051136363636364,2026-06-11T10:18:28.782110222,0.4129,0,3197.0
1,72,151.66,10721.27,0,True,True,False,True,False,True,True,False,False,True,False,True,False,True,False,True,False,True,False,True,False,True,True,False,False,True,148.91,8244.0,1.5684931506849316,8244.0,0.6233766233766234,1.5684931506849316,2026-06-12T14:55:10.722694832,0.3431,0,5197.88
0,63,103.43,6088.32,0,False,True,True,True,False,False,False,False,False,True,False,True,False,True,False,True,False,True,False,False,False,True,False,True,False,False,96.64,4759.65,1.18046875,4759.65,0.8229915088177662,1.18046875,2026-06-03T22:45:08.801181865,0.3436,0,4995.99
0,13,119.7,1368.61,1,True,False,False,True,False,False,True,False,False,False,False,False,False,True,False,False,False,True,False,False,False,False,True,False,True,False,105.28,1081.6,5.942857142857143,1081.6,0.1543942992874109,5.942857142857143,2026-06-08T16:29:12.704904451,0.3639,0,2975.79
0,58,149.24,8280.63,1,True,False,False,True,False,True,True,False,False,False,False,True,False,True,False,False,False,True,False,True,True,False,True,False,False,False,142.77,5988.5,1.75,5988.5,0.5563549160671463,1.75,2026-06-01T19:27:00.230762261,0.1448,0,4659.97
0,4,70.45,297.9,0,False,False,False,True,False,False,False,False,False,True,False,False,False,False,False,False,False,False,False,False,False,False,True,False,False,False,74.47,202.2,10.11,202.2,0.0775945683802133,10.11,2026-06-17T03:07:27.498839404,0.6235,1,6083.33
0,46,25.44,1201.94,0,True,True,True,True,False,False,False,True,True,False,True,False,True,False,True,False,True,False,True,False,False,True,True,False,False,True,26.13,929.2,0.4297872340425532,929.2,2.169811320754717,0.4297872340425532,2026-06-04T07:39:37.173839853,0.153,0,5527.95
0,37,37.47,1127.41,0,False,True,True,True,False,True,False,True,True,False,True,False,True,False,True,False,True,False,True,False,False,False,False,False,False,True,30.47,978.65,0.6960526315789474,978.65,1.347905282331512,0.6960526315789474,2026-06-12T06:58:07.884662936,0.3166,0,4518.21
0,64,77.3,4835.31,0,False,True,True,True,False,True,False,False,False,False,False,True,False,False,False,False,False,False,False,False,True,False,True,False,False,False,75.55,3446.4,0.8284615384615385,3446.4,1.1668185961713764,0.8284615384615385,2026-06-12T22:10:26.775023217,0.4048,0,3795.93
0,3,87.62,230.22,0,False,False,False,True,False,True,False,False,False,False,False,False,False,False,False,True,False,True,False,False,False,False,False,False,True,False,76.74,193.8,16.15,193.8,0.0457317073170731,16.15,2026-06-04T04:39:49.658307794,0.428,0,5016.28
0,5,70.71,274.56,0,False,False,False,False,True,False,False,False,False,False,False,True,False,False,False,False,False,True,False,True,False,False,True,True,False,False,54.91,254.75,8.491666666666667,254.75,0.0962463907603464,8.491666666666667,2026-06-11T07:11:56.701202800,0.2807,0,2853.47
0,1,90.47,82.92,1,False,False,True,True,False,False,True,False,False,False,False,False,False,False,False,False,False,False,False,False,False,False,True,False,True,False,82.92,69.65,34.825,69.65,0.0141542816702052,34.825,2026-06-15T04:46:19.659352551,0.6857,1,3886.74
0,4,26.26,103.68,0,False,True,True,True,False,False,False,True,True,False,True,False,True,False,True,False,True,False,True,False,False,False,True,False,True,False,25.92,79.8,3.99,79.8,0.1909307875894988,3.99,2026-06-17T01:41:25.692145504,0.6122,1,7949.57
1,27,112.8,3267.56,0,False,True,False,True,False,True,False,False,False,False,False,True,False,True,False,True,False,True,False,True,False,False,False,False,True,False,121.02,2263.95,2.994642857142857,2263.95,0.3182086034177961,2.994642857142857,2026-06-14T11:32:29.216140897,0.3018,0,4334.02
1,5,121.14,658.67,1,True,False,False,True,False,True,True,False,False,False,False,True,False,False,False,False,False,False,False,True,False,False,True,False,True,False,131.73,449.0,14.966666666666669,449.0,0.0550660792951541,14.966666666666669,2026-06-16T14:03:43.024797590,0.3638,0,5927.72
0,50,113.68,5226.51,1,False,True,True,True,False,True,True,False,False,False,False,False,False,False,False,False,False,True,False,False,False,False,True,False,False,False,104.53,4220.0,1.6549019607843138,4220.0,0.585480093676815,1.6549019607843138,2026-06-16T12:41:09.738396344,0.3062,0,6160.11
0,56,150.34,8353.84,0,False,True,False,True,False,True,True,False,False,True,False,True,False,True,False,False,False,True,False,True,True,False,False,False,False,False,149.18,6148.8,1.926315789473684,6148.8,0.5054151624548736,1.926315789473684,2026-06-10T02:55:26.611724823,0.6709,1,6804.23
0,62,58.66,3543.63,0,True,False,False,False,True,False,False,False,False,True,False,True,False,True,False,True,False,False,False,False,False,True,True,False,False,False,57.16,2709.4,0.6936507936507937,2709.4,1.3870246085011184,0.6936507936507937,2026-06-07T03:51:48.271329015,0.4382,0,3244.27
0,63,27.96,1628.0,0,True,True,True,True,False,False,False,True,True,False,True,False,True,False,True,False,True,False,True,False,False,True,False,False,False,True,25.84,1241.1,0.3078125,1241.1,3.0434782608695654,0.3078125,2026-06-14T23:32:24.912127902,0.3577,0,4953.28
1,43,119.62,5182.44,0,True,True,False,True,False,True,True,False,False,False,False,True,False,False,False,True,False,True,False,False,False,False,True,False,True,False,120.52,4054.9,2.143181818181818,4054.9,0.4512067156348374,2.143181818181818,2026-06-12T15:25:29.177586432,0.4813,0,3339.63
0,20,28.36,518.6,0,False,True,False,True,False,False,False,True,True,False,True,False,True,False,True,False,True,False,True,False,True,False,True,False,False,True,25.93,400.0,0.9523809523809524,400.0,0.9523809523809524,0.9523809523809524,2026-06-14T02:09:10.510150565,0.392,0,4855.76
0,72,34.62,2228.04,0,False,True,False,True,False,True,False,True,True,False,True,False,True,False,True,False,True,False,True,False,False,True,False,False,False,False,30.94,1774.8,0.3376712328767123,1774.8,2.8070175438596494,0.3376712328767123,2026-06-13T23:11:40.893067514,0.108,0,5045.36
0,17,27.7,454.5,0,True,False,False,True,False,False,False,True,True,False,True,False,True,False,True,False,True,False,True,False,True,False,True,False,False,True,26.74,348.5,1.1388888888888888,348.5,0.7906976744186046,1.1388888888888888,2026-06-14T20:43:06.874831901,0.2805,0,3595.61
0,21,86.72,1857.51,0,False,False,True,True,False,False,False,False,False,True,False,False,False,True,False,False,False,False,False,True,True,False,False,False,False,True,88.45,1361.85,2.9477272727272723,1361.85,0.3189066059225512,2.9477272727272723,2026-06-14T01:46:57.715535426,0.4644,0,4781.2
0,30,89.36,2395.24,0,True,False,True,True,False,False,False,False,False,False,False,True,False,True,False,False,False,True,False,False,True,False,False,True,False,False,79.84,1935.0,2.0806451612903225,1935.0,0.4580152671755725,2.0806451612903225,2026-06-08T16:00:00.541634631,0.3353,0,5182.73
0,13,69.1,923.28,0,True,False,True,True,False,False,False,False,False,True,False,False,False,False,False,False,False,False,False,False,False,False,True,True,False,False,71.02,677.3000000000001,3.721428571428571,677.3000000000001,0.2448210922787194,3.721428571428571,2026-06-15T08:44:31.139448023,0.4238,0,4025.9
0,62,89.92,4526.68,0,False,False,False,True,False,False,False,False,False,True,False,False,False,False,False,True,False,False,False,True,False,True,True,False,False,True,73.01,4036.2,1.0333333333333332,4036.2,0.9379727685325264,1.0333333333333332,2026-06-07T10:21:32.741056521,0.2278,0,3816.97
0,11,88.7,866.65,0,True,True,True,True,False,True,False,False,False,True,False,False,False,False,False,False,False,True,False,False,False,False,True,False,False,False,78.79,716.6500000000001,5.429166666666667,716.6500000000001,0.1662887377173091,5.429166666666667,2026-06-17T22:52:23.186920730,0.3521,0,3187.34
0,69,137.57,10138.24,0,True,False,False,True,False,True,True,False,False,False,False,True,False,False,False,True,False,True,False,True,True,False,True,False,False,False,146.93,7258.8,1.502857142857143,7258.8,0.6497175141242938,1.502857142857143,2026-06-14T08:32:09.485016446,0.1941,0,4768.36
0,69,120.77,7540.04,0,True,True,False,True,False,False,False,False,False,True,False,True,False,True,False,True,False,True,False,True,False,True,True,False,False,True,109.28,5844.3,1.21,5844.3,0.8051341890315052,1.21,2026-06-03T03:17:10.291254868,0.0982,0,3259.89
0,1,110.7,101.65,1,True,False,False,True,False,False,True,False,False,False,False,False,False,False,False,False,False,True,False,False,False,False,True,False,True,False,101.65,79.55,39.775,79.55,0.0124146492861576,39.775,2026-06-10T16:50:15.901680268,0.2281,0,5659.19
0,14,26.63,384.37,0,False,True,True,True,False,False,False,True,True,False,True,False,True,False,True,False,True,False,True,False,True,False,True,False,False,True,27.46,273.0,1.3,273.0,0.6829268292682927,1.3,2026-06-02T18:15:21.154296196,0.1499,0,5270.92
0,35,36.58,1268.33,0,False,True,True,True,False,True,False,True,True,False,True,False,True,False,True,False,True,False,True,False,False,True,True,True,False,False,36.24,889.0,0.7055555555555555,889.0,1.325757575757576,0.7055555555555555,2026-06-14T04:54:02.449481487,0.436,0,6671.99
0,64,70.93,4172.6,0,False,True,True,False,True,False,False,False,False,False,False,True,False,True,False,True,False,False,False,True,False,True,False,False,True,False,65.2,3190.4,0.7669230769230769,3190.4,1.2586037364798426,0.7669230769230769,2026-06-07T22:35:53.891783770,0.3596,0,2924.33
0,72,112.15,8003.14,0,False,True,True,True,False,True,False,False,False,True,False,True,False,True,False,False,False,True,False,True,False,True,True,True,False,False,111.15,6019.2,1.1452054794520548,6019.2,0.851063829787234,1.1452054794520548,2026-06-17T07:38:47.556640899,0.227,0,3548.85
0,7,60.79,410.87,0,True,True,True,True,False,False,False,False,False,False,False,False,False,False,False,False,False,False,False,False,False,False,False,False,True,False,58.7,313.25,5.59375,313.25,0.1530054644808743,5.59375,2026-06-03T23:27:48.913263020,0.4296,0,5672.77
0,48,96.05,4342.47,0,True,True,False,True,False,True,False,False,False,False,False,True,False,True,False,False,False,False,False,True,True,False,True,True,False,False,90.47,3386.3999999999996,1.4397959183673468,3386.3999999999996,0.6708595387840671,1.4397959183673468,2026-06-01T18:11:35.702644938,0.3112,0,4876.34
0,21,124.23,2445.3,0,False,False,False,True,False,False,True,False,False,False,False,True,False,True,False,False,False,False,False,True,False,False,True,False,True,False,116.44,1891.05,4.093181818181818,1891.05,0.2306425041186161,4.093181818181818,2026-06-08T01:07:41.032950802,0.2915,0,4945.43
0,45,26.3,1097.7,0,True,False,False,True,False,False,False,True,True,False,True,False,True,False,True,False,True,False,True,False,True,False,False,False,False,False,24.39,848.2500000000001,0.4097826086956522,848.2500000000001,2.2670025188916876,0.4097826086956522,2026-06-05T20:54:19.615534101,0.0583,0,5209.97
0,27,67.15,1720.73,0,True,False,False,True,False,True,False,False,False,False,False,False,False,False,False,False,False,False,False,False,False,False,False,False,False,True,63.73,1323.0,1.75,1323.0,0.54,1.75,2026-06-13T14:12:02.394710033,0.5296,1,4059.91
0,31,106.6,2926.45,1,True,False,False,True,False,False,True,False,False,False,False,True,False,False,False,True,False,False,False,False,False,False,True,False,True,False,94.4,2431.9500000000003,2.4515625,2431.9500000000003,0.3901825047199496,2.4515625,2026-06-18T03:41:52.650099435,0.357,0,3903.57
0,38,26.06,1052.21,0,False,False,False,True,False,False,False,True,True,False,True,False,True,False,True,False,True,False,True,False,False,True,False,False,False,True,27.69,771.4,0.5205128205128206,771.4,1.784037558685446,0.5205128205128206,2026-06-14T04:48:30.549707981,0.3285,0,2714.97
0,55,25.92,1354.79,0,False,True,True,True,False,False,False,True,True,False,True,False,True,False,True,False,True,False,True,False,False,True,False,True,False,False,24.63,1067.0,0.3464285714285714,1067.0,2.696078431372549,0.3464285714285714,2026-06-11T09:46:25.905381554,0.402,0,3700.42
1,60,133.73,7448.2,0,False,True,False,True,False,True,True,False,False,False,False,False,False,True,False,False,False,True,False,True,True,False,True,True,False,False,124.14,6030.0,1.647540983606557,6030.0,0.5911330049261084,1.647540983606557,2026-06-03T07:06:53.848264524,0.464,0,5017.69
0,52,122.56,6199.32,0,True,False,False,True,False,False,True,False,False,True,False,False,False,True,False,False,False,True,False,False,True,False,False,False,True,False,119.22,4745.0,1.721698113207547,4745.0,0.5636856368563685,1.721698113207547,2026-06-18T13:01:10.161386752,0.3708,0,7362.7
0,64,120.72,7979.88,0,True,True,True,True,False,True,True,False,False,True,False,True,False,True,False,False,False,False,False,False,False,False,True,False,True,False,124.69,5875.2,1.4123076923076925,5875.2,0.6896551724137931,1.4123076923076925,2026-06-08T21:21:00.718795551,0.3684,0,2661.0
1,4,61.25,226.2,1,False,True,True,True,False,False,False,False,False,False,False,False,False,False,False,False,False,False,False,False,False,False,False,False,True,False,56.55,184.0,9.2,184.0,0.0851063829787234,9.2,2026-06-15T13:34:31.311852549,0.3181,0,3683.23
0,30,122.17,3446.69,0,True,False,False,True,False,True,True,False,False,True,False,True,False,False,False,False,False,False,False,True,False,False,True,True,False,False,114.89,2829.0,3.041935483870968,2829.0,0.3147953830010493,3.041935483870968,2026-06-03T22:31:42.173049262,0.0767,0,5958.94
1,20,81.12,1596.63,0,False,True,False,True,False,False,False,False,False,False,False,True,False,False,False,False,False,False,False,True,False,False,True,False,True,False,79.83,1200.0,2.857142857142857,1200.0,0.3278688524590163,2.857142857142857,2026-06-14T03:41:14.025937924,0.2901,0,5314.01
0,39,115.58,4186.34,1,False,True,True,True,False,True,True,False,False,False,False,True,False,True,False,True,False,False,False,False,True,False,True,False,True,False,107.34,3492.45,2.23875,3492.45,0.4307012700165654,2.23875,2026-06-18T15:41:20.401114125,0.1265,0,4735.08
1,12,104.92,1064.12,0,True,False,False,True,False,True,True,False,False,False,False,False,False,False,False,False,False,False,False,False,False,False,True,True,False,False,88.68,879.5999999999999,5.638461538461538,879.5999999999999,0.161507402422611,5.638461538461538,2026-06-13T09:43:40.147524490,0.017,0,4019.74
0,10,139.03,1404.5,1,True,False,False,True,False,False,True,False,False,True,False,True,False,True,False,False,False,True,False,True,False,False,True,False,True,False,140.45,1044.0,9.490909090909092,1044.0,0.0948766603415559,9.490909090909092,2026-06-14T23:48:57.164951908,0.3229,0,7237.0
0,23,70.28,1464.61,0,False,False,True,True,False,False,False,False,False,False,False,False,False,False,False,True,False,False,False,False,True,False,True,False,True,False,63.68,1137.35,2.060416666666667,1137.35,0.4558969276511397,2.060416666666667,2026-06-05T21:49:21.924773182,0.2394,0,5017.59
0,18,27.51,451.18,0,False,True,True,True,False,False,False,True,True,False,True,False,True,False,True,False,True,False,True,False,False,False,False,False,False,True,25.07,368.1,1.076315789473684,368.1,0.8391608391608392,1.076315789473684,2026-06-04T05:31:47.224257750,0.4797,0,3657.16
0,21,105.06,2144.18,1,True,True,True,True,False,True,False,False,False,True,False,True,False,False,False,True,False,True,False,False,True,False,False,False,False,True,102.1,1627.5,3.522727272727273,1627.5,0.267515923566879,3.522727272727273,2026-06-13T12:44:35.317497793,0.3882,0,6605.03
1,35,129.65,4081.99,0,True,False,False,True,False,True,True,False,False,True,False,False,False,False,False,False,False,False,False,True,False,False,False,True,False,False,116.63,3185.0,2.5277777777777777,3185.0,0.3804347826086957,2.5277777777777777,2026-06-18T20:23:39.678713775,0.3461,0,5013.55
0,70,52.54,3756.73,0,True,True,False,False,True,False,False,False,False,True,False,False,False,True,False,True,False,False,False,False,False,True,True,True,False,False,53.67,2740.5,0.5514084507042253,2740.5,1.7434620174346205,0.5514084507042253,2026-06-13T08:58:56.036386543,0.4349,0,5439.56
0,57,157.8,8056.49,0,False,True,False,True,False,True,True,False,False,False,False,True,False,True,False,True,False,True,False,True,True,False,True,False,False,False,141.34,6235.8,1.886206896551724,6235.8,0.5163043478260869,1.886206896551724,2026-06-05T04:09:31.638620119,0.19,0,4883.1
1,71,140.37,10044.57,0,True,False,False,True,False,True,True,False,False,False,False,True,False,False,False,True,False,True,False,True,False,True,True,False,True,False,141.47,7582.8,1.4833333333333334,7582.8,0.6586270871985158,1.4833333333333334,2026-06-05T16:12:56.944918578,0.3833,0,5985.89
0,3,109.19,322.71,1,False,False,False,True,False,False,True,False,False,False,False,False,False,False,False,False,False,True,False,False,False,False,True,False,True,False,107.57,238.2,19.85,238.2,0.0373134328358208,19.85,2026-06-08T07:42:08.190767582,0.5229,1,4772.45
0,2,28.27,53.93,0,False,False,False,True,False,False,False,True,True,False,True,False,True,False,True,False,True,False,True,False,False,False,True,False,False,True,26.96,40.9,6.816666666666666,40.9,0.0932400932400932,6.816666666666666,2026-06-11T20:05:22.503178608,0.1129,0,7608.62
0,72,26.19,1879.86,0,True,False,False,True,False,False,False,True,True,False,True,False,True,False,True,False,True,False,True,False,False,True,False,False,False,False,26.11,1389.6,0.2643835616438356,1389.6,3.54679802955665,0.2643835616438356,2026-06-01T12:02:17.490391156,0.6216,1,5231.08
0,72,34.2,2592.36,0,True,True,False,True,False,True,False,True,True,False,True,False,True,False,True,False,True,False,True,False,False,True,False,True,False,False,36.01,1861.2,0.3541095890410959,1861.2,2.6815642458100557,0.3541095890410959,2026-06-11T04:10:54.522970265,0.4129,0,3573.73
1,52,71.87,3587.06,0,False,False,False,False,True,False,False,False,False,False,False,True,False,True,False,True,False,True,False,False,False,False,True,False,True,False,68.98,2626.0,0.9528301886792452,2626.0,1.0097087378640777,0.9528301886792452,2026-06-08T14:46:28.385313336,0.3133,0,4502.99
0,30,133.34,3842.72,1,False,True,True,True,False,True,True,False,False,False,False,False,False,True,False,False,False,True,False,True,False,False,True,False,True,False,128.09,3001.5,3.22741935483871,3001.5,0.2968827313211282,3.22741935483871,2026-06-03T15:35:52.797426819,0.1956,0,3791.65
0,33,82.51,2566.74,0,False,False,False,True,False,True,False,False,False,True,False,True,False,False,False,False,False,False,False,False,False,False,True,False,False,True,77.78,2009.7,1.7911764705882351,2009.7,0.5331179321486268,1.7911764705882351,2026-06-17T12:53:00.317035761,0.6352,1,7598.4
0,70,57.06,3952.27,0,False,False,False,False,True,False,False,False,False,True,False,True,False,True,False,True,False,False,False,False,False,True,True,False,False,False,56.46,3122.0,0.6281690140845071,3122.0,1.5350877192982455,0.6281690140845071,2026-06-06T01:06:53.936816944,0.2231,0,5526.56
0,2,96.62,177.47,0,False,True,True,True,False,False,True,False,False,False,False,False,False,False,False,False,False,False,False,False,False,False,True,False,True,False,88.74,143.3,23.883333333333336,143.3,0.0275292498279421,23.883333333333336,2026-06-13T16:48:23.900049859,0.173,0,5868.08
0,42,71.04,2929.81,0,True,True,False,True,False,True,False,False,False,True,False,False,False,False,False,False,False,False,False,False,True,False,False,True,False,False,69.76,2356.2000000000003,1.3046511627906978,2356.2000000000003,0.7355516637478109,1.3046511627906978,2026-06-09T08:03:52.522913735,0.178,0,6583.1
0,42,141.62,5183.73,0,False,True,True,True,False,False,True,False,False,False,False,False,False,True,False,True,False,True,False,True,False,True,True,False,True,False,123.42,4216.8,2.334883720930233,4216.8,0.4142011834319526,2.334883720930233,2026-06-10T03:21:43.086231583,0.1675,0,3295.2
0,58,145.15,8177.16,0,False,True,True,True,False,True,True,False,False,False,False,True,False,True,False,False,False,True,False,True,True,False,True,True,False,False,140.99,6101.6,1.7830508474576272,6101.6,0.5461393596986818,1.7830508474576272,2026-06-18T10:20:43.232567869,0.1016,0,6746.93
0,15,119.9,1692.64,1,False,True,False,True,False,False,True,False,False,False,False,False,False,True,False,False,False,True,False,False,False,False,True,False,True,False,112.84,1264.5,5.26875,1264.5,0.1758499413833529,5.26875,2026-06-05T17:27:40.588688105,0.1327,0,3656.93
0,23,110.33,2378.58,0,False,True,True,True,False,True,True,False,False,True,False,False,False,False,False,False,False,False,False,False,True,False,False,True,False,False,103.42,1882.55,3.4104166666666664,1882.55,0.2776101388050694,3.4104166666666664,2026-06-15T01:22:16.746873536,0.18,0,4156.94
